"Study_ID","Plot_ID","Year","Crop_species","Lat","Long"
"BIOMHE","2","2020","Triticale (87.5%), pea (12.5%)","47.9284249394139","-1.90460243066504"
"BIOMHE","3","2020","Triticale (87.5%), pea (12.5%)","47.9318354067238","-1.90465308528908"
"BIOMHE","5","2020","Winter wheat","47.9254897532707","-1.89325245005254"
"BIOMHE","6","2020","Spring oat","48.030887280978","-1.43855571366516"
"BIOMHE","7","2020","Winter wheat","47.9221253135063","-1.38506493067285"
"BIOMHE","8","2020","Winter wheat","47.9392436085788","-1.36487427531331"
"BIOMHE","9","2020","Winter wheat","47.8772195965237","-1.89053211407249"
"BIOMHE","10","2020","Winter wheat","48.0691089700277","-1.41646722382902"
"BIOMHE","11","2020","Winter wheat","48.0734279095817","-1.41397281738102"
"BIOMHE","15","2020","Triticale (73%), pea (27%)","48.0290909640367","-1.40593496125565"
"BIOMHE","17","2020","Winter wheat","48.0096643906661","-1.41030536736089"
"BIOMHE","18","2020","Winter wheat","47.8823145266418","-1.89566057431759"
"BIOMHE","21","2020","Winter wheat","48.0487777063613","-1.4604034630352"
"BIOMHE","22","2020","Winter wheat","48.0486146166361","-1.45221274719078"
"BIOMHE","23","2020","Winter wheat","48.035983495026","-1.44945915364795"
"BIOMHE","24","2020","Winter wheat","48.0369161660041","-1.50144786631633"
"BIOMHE","25","2020","Winter wheat","48.0349057122915","-1.50178415196659"
"BIOMHE","28","2020","Winter wheat","48.04286523076","-1.46943557840532"
"BIOMHE","30","2020","Winter wheat","48.008287913886","-1.39066193866069"
"BIOMHE","31","2020","Winter wheat","48.0320963059333","-1.43501851586623"
"BIOMHE","33","2020","Winter wheat","47.937970560197","-1.96882905344738"
"BIOMHE","34","2020","Winter wheat","47.8972993611068","-1.99126397796401"
"BIOMHE","36","2020","Winter wheat","48.1150388011047","-1.37829186446989"
"BIOMHE","39","2020","Winter wheat","47.7971607984068","-1.69157964926323"
"BIOMHE","42","2020","Winter wheat","47.9485197041529","-1.6094912623607"
"BIOMHE","43","2020","Winter wheat (78%), faba bean (21%)","47.8001990412209","-1.71667748120499"
"BIOMHE","44","2020","Rye, linen","47.8238508042653","-1.69713676402525"
"BIOMHE","45","2020","Winter wheat","47.9895041551202","-1.99493833261704"
"BIOMHE","47","2020","Faba bean (55.5%), triticale (44.5%)","47.9867481253734","-1.29952235588696"
"BIOMHE","49","2020","Triticale (50%), pea (35%), faba bean (15%)","48.0841835758872","-1.35960408524948"
"BIOMHE","50","2020","Winter wheat","48.1189049746627","-1.38791935647631"
"BIOMHE","51","2020","Winter wheat","47.8178903986809","-1.7056073883062"
"BIOMHE","54","2020","Triticale (50%), pea (50%)","47.9208679170578","-1.87452673665655"
"BIOMHE","57","2020","Pea (34%), oat (27%), faba bean (24%), triticale (15%)","47.9135312018225","-1.82722887961935"
"BIOMHE","58","2020","Winter wheat","47.9152498793402","-1.83016696700041"
"BIOMHE","60","2020","Triticale","47.9414650058861","-1.36773046352686"
"BIOMHE","99","2020","Winter wheat","47.9508505730886","-1.92845089653379"
"BIOMHE","12","2020","Winter wheat","47.9250858618155","-1.91159347716614"
"BIOMHE","16","2020","Winter wheat","48.0160913864715","-1.41097886888567"
"BIOMHE","20","2020","Winter wheat","47.9521948129069","-1.60916618800149"
"DIVAG","12AB-M","2019","Triticale, pea, oat","47.9313803490993","-1.43579491717234"
"DIVAG","14AB-M","2019","Triticale, faba bean","47.9476619652557","-1.60516692704469"
"DIVAG","15AB-M2","2019","Spelt, faba bean","47.8204660777319","-1.6960931126953"
"DIVAG","17AB-M","2019","Winter wheat + ?","47.8788397694815","-1.89622781956591"
"DIVAG","18AB-M1","2019","Triticale, pea","47.9266828400212","-1.89130035350302"
"DIVAG","18AB-M2","2019","Triticale, pea","47.9244622588454","-1.90221904684802"
"DIVAG","18AB-M3","2019","Triticale, pea","47.9268071063631","-1.88078024089924"
"DIVAG","20AB-P1","2019","Winter wheat","47.996651701327","-1.42168511180599"
"DIVAG","20AB-P2","2019","Winter wheat","47.9982702694404","-1.42211737902343"
"DIVAG","21AB-M1","2019","Triticale, spelt, faba bean","47.9500506182775","-1.94994860444824"
"DIVAG","21AB-M2","2019","Triticale, spelt, faba bean","47.9537180852008","-1.95244036447777"
"DIVAG","23AB-M","2019","Triticale, faba bean","47.9846377693926","-1.30428976310588"
"DIVAG","24AB-P","2019","Winter wheat","47.9625943695816","-1.62219278335369"
"DIVAG","25AB-M1","2019","Triticale, pea","47.8702079063239","-1.96717561417665"
"DIVAG","25AB-M2","2019","Meslin","47.8703228527814","-1.97900495035351"
"DIVAG","26AB-M","2019","Triticale, oat, pea, faba bean","47.9181570986104","-1.98122585691256"
"DIVAG","27AB-M","2019","Triticale, spelt, faba bean","47.9664554626538","-1.91790851578631"
"DIVAG","27AB-P","2019","Winter wheat","47.9519187294938","-1.92380380312343"
"DIVAG","8AB-M","2019","Triticale, pea","48.0323342322222","-1.40921952590794"
"DIVAG","10AB-M","2019","Winter wheat + ?","48.0096033293508","-1.38406377983605"
"DIVAG","11AB-M","2019","Meslin","48.0120684277744","-1.26789757410699"
"DIVAG","12AB-P","2019","Winter wheat","47.9348650288982","-1.42964324440912"
"DIVAG","13AB-P","2019","Winter wheat","47.9576959512533","-1.61008197768451"
"DIVAG","14AB-P","2019","Winter wheat","47.9462028480051","-1.60776281893257"
"DIVAG","15AB-M1","2019","Winter wheat + ?","47.8220407796874","-1.69997754892132"
"DIVAG","16AB-M","2019","Spelt, faba bean","47.8173663074014","-1.68995740006808"
"DIVAG","17AB-P","2019","Winter wheat","47.8776789650359","-1.89199612803235"
"DIVAG","18AB-P","2019","Winter wheat","47.9281623438799","-1.89982789532592"
"DIVAG","19AB-P","2019","Winter wheat","47.9318156267893","-1.90417794781195"
"DIVAG","1AB-P","2019","Winter wheat","48.1201744198867","-1.37542210168538"
"DIVAG","21AB-P","2019","Winter wheat","47.94864308826","-1.94929501749356"
"DIVAG","22AB-M","2019","Spelt, faba bean","47.9874967470294","-1.99227303304358"
"DIVAG","2AB-P","2019","Winter wheat","48.0705492109524","-1.50655882468734"
"DIVAG","3AB-P","2019","Winter wheat","48.0489730313654","-1.45511304421663"
"DIVAG","4AB-P","2019","Winter wheat","48.064890222845","-1.42190671359729"
"DIVAG","5AB-P","2019","Winter wheat","48.054655570997","-1.42710560660904"
"DIVAG","7AB-P","2019","Winter wheat","48.0676092753785","-1.35343907373327"
"DIVAG","8AB-P","2019","Winter wheat","48.0402275391901","-1.41841127496881"
"DIVAG","9AB-P","2019","Winter wheat","48.0301282610111","-1.43247823146322"
"DIVAG","6AB-P","2019","Winter wheat","48.0673633524393","-1.35790412239167"
"SEBIOPAG_ZAAr","R01","2018","Winter wheat","48.1144838453246","-1.37842417415488"
"SEBIOPAG_ZAAr","R02","2018","Maize ","48.067496454028","-1.36565551834091"
"SEBIOPAG_ZAAr","R03","2018","Winter barley","48.0735701442359","-1.41401908569159"
"SEBIOPAG_ZAAr","R04","2018","Temporary grassland","48.0516691121225","-1.45995627377799"
"SEBIOPAG_ZAAr","R05","2018","Winter wheat","48.0495223971681","-1.4522579104815"
"SEBIOPAG_ZAAr","R06","2018","Winter wheat","48.0359450553853","-1.44915939075437"
"SEBIOPAG_ZAAr","R07","2018","Oilseed rape","48.0234793895106","-1.40152013201035"
"SEBIOPAG_ZAAr","R08","2018","Maize ","47.9836531682743","-1.31182616501006"
"SEBIOPAG_ZAAr","R09","2018","Winter wheat","48.0162823172314","-1.25647241209005"
"SEBIOPAG_ZAAr","R10","2018","Maize ","47.9056641099025","-1.24774992584384"
"SEBIOPAG_ZAAr","R11","2018","Temporary grassland","47.9390032753288","-1.43070861531386"
"SEBIOPAG_ZAAr","R12","2018","Temporary grassland","47.9441402747755","-1.60983455493289"
"SEBIOPAG_ZAAr","R13","2018","Winter wheat","47.8135960142676","-1.64643442028346"
"SEBIOPAG_ZAAr","R14","2018","Millet","47.8218360640055","-1.70005251794002"
"SEBIOPAG_ZAAr","R15","2018","Winter wheat","47.8807526080506","-1.89518697037299"
"SEBIOPAG_ZAAr","R16","2018","Temporary grassland","47.8726541365798","-1.96885474350269"
"SEBIOPAG_ZAAr","R17","2018","Pea","47.9111750743263","-1.99102351243455"
"SEBIOPAG_ZAAr","R18","2018","Winter wheat","47.9255107339208","-1.89326005360879"
"SEBIOPAG_ZAAr","R19","2018","Spring barley","47.9516944168022","-1.93473598671475"
"SEBIOPAG_ZAAr","R20","2018","Winter wheat","47.9895181512603","-1.99495102271707"
"SEBIOPAG_ZAAr","R01","2021","Maize ","48.1144838453246","-1.37842417415488"
"SEBIOPAG_ZAAr","R02","2021","Winter wheat","48.067496454028","-1.36565551834091"
"SEBIOPAG_ZAAr","R03","2021","Winter barley","48.0735701442359","-1.41401908569159"
"SEBIOPAG_ZAAr","R04","2021","Quinoa","48.0516691121225","-1.45995627377799"
"SEBIOPAG_ZAAr","R05","2021","Maize ","48.0495223971681","-1.4522579104815"
"SEBIOPAG_ZAAr","R06","2021","Lucerne","48.0359450553853","-1.44915939075437"
"SEBIOPAG_ZAAr","R09","2021","Oilseed rape","48.0162823172314","-1.25647241209005"
"SEBIOPAG_ZAAr","R11","2021","Temporary grassland","47.9390032753288","-1.43070861531386"
"SEBIOPAG_ZAAr","R12","2021","Winter wheat","47.9441402747755","-1.60983455493289"
"SEBIOPAG_ZAAr","R13","2021","Maize ","47.8135960142676","-1.64643442028346"
"SEBIOPAG_ZAAr","R14","2021","Winter wheat, faba bean","47.8218360640055","-1.70005251794002"
"SEBIOPAG_ZAAr","R15","2021","Temporary grassland","47.8807526080506","-1.89518697037299"
"SEBIOPAG_ZAAr","R16","2021","Temporary grassland","47.8726541365798","-1.96885474350269"
"SEBIOPAG_ZAAr","R17","2021","Oilseed rape","47.9111750743263","-1.99102351243455"
"SEBIOPAG_ZAAr","R18","2021","Maize ","47.9255107339208","-1.89326005360879"
"SEBIOPAG_ZAAr","R19","2021","Winter wheat, oat, rye","47.9516944168022","-1.93473598671475"
"SEBIOPAG_ZAAr","R20","2021","Maize ","47.9895181512603","-1.99495102271707"
"SEBIOPAG_ZAAr","R01","2023","Maize ","48.1144838453246","-1.37842417415488"
"SEBIOPAG_ZAAr","R02","2023","Winter wheat","48.067496454028","-1.36565551834091"
"SEBIOPAG_ZAAr","R03","2023","Winter barley","48.0735701442359","-1.41401908569159"
"SEBIOPAG_ZAAr","R04","2023","Oilseed rape","48.0516691121225","-1.45995627377799"
"SEBIOPAG_ZAAr","R05","2023","Maize ","48.0495223971681","-1.4522579104815"
"SEBIOPAG_ZAAr","R06","2023","Lucerne","48.0359450553853","-1.44915939075437"
"SEBIOPAG_ZAAr","R09","2023","Winter barley","48.0162823172314","-1.25647241209005"
"SEBIOPAG_ZAAr","R11","2023","Winter wheat","47.9390032753288","-1.43070861531386"
"SEBIOPAG_ZAAr","R12","2023","Winter wheat","47.9441402747755","-1.60983455493289"
"SEBIOPAG_ZAAr","R13","2023","Maize ","47.8135960142676","-1.64643442028346"
"SEBIOPAG_ZAAr","R14","2023","Winter wheat, faba bean","47.8218360640055","-1.70005251794002"
"SEBIOPAG_ZAAr","R15","2023","Temporary grassland","47.8807526080506","-1.89518697037299"
"SEBIOPAG_ZAAr","R16","2023","Winter barley, pea","47.8726541365798","-1.96885474350269"
"SEBIOPAG_ZAAr","R17","2023","Winter barley","47.9111750743263","-1.99102351243455"
"SEBIOPAG_ZAAr","R18","2023","Maize ","47.9255107339208","-1.89326005360879"
"SEBIOPAG_ZAAr","R20","2023","Maize ","47.9895181512603","-1.99495102271707"
"SERIPAGE","TF_01_066c","2016","Winter wheat","48.6405813821694","-1.32993889828862"
"SERIPAGE","TF_03_051c","2016","Winter wheat","48.5688277158595","-1.13693444996317"
"SERIPAGE","TF_06_042c","2016","Winter wheat","48.6025657355125","-1.31281561084475"
"SERIPAGE","TF_07_025c","2016","Winter wheat","48.5920986819759","-1.27937423938513"
"SERIPAGE","TF_08_021c","2016","Winter wheat","48.5926332938486","-1.25720107944969"
"SERIPAGE","TF_08_029c","2016","Winter wheat","48.5884080120097","-1.25670799948231"
"SERIPAGE","TF_10_060c","2016","Winter wheat","48.5791858820955","-1.04745272222383"
"SERIPAGE","TF_12_033c","2016","Winter wheat","48.5863949943921","-0.91580896123134"
"SERIPAGE","TF_13_012c","2016","Winter wheat","48.5850557362605","-0.862577535388314"
"BISCO","32","2017","Winter wheat","48.5086535261852","-1.54556572095946"
"BISCO","59","2017","Winter wheat","48.5291252154388","-1.56318796898827"
"BISCO","68","2017","Winter wheat","48.528690450248","-1.54151200603628"
"BISCO","86","2017","Winter wheat","48.5564883108728","-1.61749998260436"
"BISCO","75","2017","Winter wheat","48.5342910825796","-1.60654399095772"
"BISCO","269","2017","Winter wheat","48.481404520641","-1.63766643610403"
"BISCO","157","2017","Winter wheat","48.483168616517","-1.64311258377713"
"BISCO","281","2017","Winter wheat","48.4880483676423","-1.51213343851832"
"BISCO","26","2017","Winter wheat","48.5127052554799","-1.51915429586554"
"BISCO","156","2017","Winter wheat","48.4762475891893","-1.63259231470457"
"BISCO","39a","2017","Winter wheat","48.5098272313185","-1.59306098133796"
"BISCO","20","2017","Winter wheat","48.5039030277174","-1.50841778981313"
"BISCO","149","2017","Winter wheat","48.4789212535312","-1.51123068819578"
"BISCO","19","2017","Winter wheat","48.5025699112098","-1.57099068618407"
"BISCO","71","2017","Winter wheat","48.4923938627582","-1.52069925976875"
"BISCO","101","2017","Winter wheat","48.5092585482089","-1.5705651793362"
"BISCO","30","2017","Winter wheat","48.5062355425959","-1.60192220035752"
"BISCO","39b","2017","Winter wheat","48.4933177963094","-1.56919464788232"
"BISCO","100","2017","Winter wheat","48.5029458677689","-1.58568874157341"
"BISCO","43","2017","Winter wheat","48.5165322725737","-1.5783853436354"
"BISCO","29","2017","Winter wheat","48.507084174223","-1.56507756452518"
"BISCO","200","2017","Winter wheat","48.4879555599766","-1.63133109152217"
"BISCO","169","2017","Winter wheat","48.4842400120002","-1.58920159105911"
"BISCO","27","2017","Winter wheat","48.4791634600052","-1.61481875752855"
"BISCO","176","2017","Winter wheat","48.4942851996502","-1.60040168144874"
"BISCO","138","2017","Winter wheat","48.4828972633784","-1.60579856116376"
"BISCO","180","2017","Winter wheat","48.490128619942","-1.58725615387382"
"OSCAR","11_2013_00001","2018","Disease resistant Grapevine","42.995380981209","2.2084382329565"
"OSCAR","11_2013_00002","2018","Disease resistant Grapevine","42.99830525052","2.2041294516126"
"OSCAR","11_2015_00001","2018","Disease resistant Grapevine","43.1552073711","3.1124787300623"
"OSCAR","13_2016_00001","2018","Disease resistant Grapevine","43.506137012925","4.7543923441331"
"OSCAR","13_2016_00002","2018","Disease resistant Grapevine","43.506066938998","4.7540090448849"
"OSCAR","24_2014_00001","2018","Disease resistant Grapevine","44.801452173185","0.29148482950018"
"OSCAR","24_2014_00002","2018","Disease resistant Grapevine","44.800641158072","0.29143212168195"
"OSCAR","30_2016_00001","2018","Disease resistant Grapevine","43.827955839944","4.4503326039658"
"OSCAR","30_2016_00002","2018","Disease resistant Grapevine","43.827843412167","4.4501443008207"
"OSCAR","32_2015_00001","2018","Disease resistant Grapevine","43.940072858921","0.44882055647134"
"OSCAR","32_2015_00002","2018","Disease resistant Grapevine","43.939908691147","0.44873129907907"
"OSCAR","33_2011_00002","2018","Disease resistant Grapevine","44.792312649782","-0.5767817114322"
"OSCAR","33_2014_00002","2018","Disease resistant Grapevine","44.752234673468","-0.20410688881191"
"OSCAR","33_2014_00003","2018","Disease resistant Grapevine","44.744791868194","-0.21366082333626"
"OSCAR","34_2013_00001","2018","Disease resistant Grapevine","43.387554875413","3.3147460004306"
"OSCAR","34_2013_00002","2018","Disease resistant Grapevine","43.386791310748","3.316253105613"
"OSCAR","34_2013_00003","2018","Disease resistant Grapevine","43.386955189752","3.3157061742173"
"OSCAR","34_2016_00001","2018","Disease resistant Grapevine","43.354296839209","3.156458211495"
"OSCAR","47_2017_00001","2018","Disease resistant Grapevine","44.682209580553","0.20262763607888"
"OSCAR","68_2014_00002","2018","Disease resistant Grapevine","48.071576640915","7.2783122372045"
"OSCAR","68_2014_00003","2018","Disease resistant Grapevine","48.071488438911","7.278174823286"
"OSCAR","11_2012_00001","2019","Disease resistant Grapevine","43.157189117391","3.1172782783681"
"OSCAR","34_2018_00001","2019","Disease resistant Grapevine","43.354688339435","2.7393068175145"
"OSCAR","34_2018_00005","2019","Disease resistant Grapevine","43.478161693967","3.2535292869188"
"OSCAR","11_2012_00002","2019","Disease resistant Grapevine","43.157169831551","3.1172729214725"
"OSCAR","34_2018_00006","2019","Disease resistant Grapevine","43.432336879477","3.2897535994612"
"OSCAR","34_2018_00007","2019","Disease resistant Grapevine","43.539461034629","3.7704082575417"
"OSCAR","34_2019_00004","2019","Disease resistant Grapevine","43.319671774243","3.0685707396016"
"OSCAR","34_2018_00003","2019","Disease resistant Grapevine","43.344201619849","2.7989978793921"
"OSCAR","34_2018_00008","2019","Disease resistant Grapevine","43.49486404658","3.2792506913669"
"OSCAR","34_2018_00002","2019","Disease resistant Grapevine","43.344493656362","2.7969808000896"
"OSCAR","34_2018_00004","2019","Disease resistant Grapevine","43.47952144167","3.2516907549419"
"OSCAR","11_2015_00002","2019","Disease resistant Grapevine","43.156464542163","3.1157193984767"
"OSCAR","26_2016_00002","2019","Disease resistant Grapevine","44.605330529685","4.8376837778706"
"OSCAR","33_2011_00002","2019","Disease resistant Grapevine","44.792312649782","-0.5767817114322"
"OSCAR","34_2016_00001","2019","Disease resistant Grapevine","43.354296839209","3.156458211495"
"OSCAR","47_2018_00002","2019","Disease resistant Grapevine","44.462994773299","0.068017610867855"
"OSCAR","11_2013_00001","2019","Disease resistant Grapevine","42.995380981209","2.2084382329565"
"OSCAR","11_2013_00002","2019","Disease resistant Grapevine","42.99830525052","2.2041294516126"
"OSCAR","33_2018_00005","2019","Disease resistant Grapevine","45.011464238203","-0.35166528248374"
"OSCAR","34_2013_00001","2019","Disease resistant Grapevine","43.387554875413","3.3147460004306"
"OSCAR","33_2014_00003","2019","Disease resistant Grapevine","44.744791868194","-0.21366082333626"
"OSCAR","13_2016_00001","2019","Disease resistant Grapevine","43.506137012925","4.7543923441331"
"OSCAR","24_2014_00002","2019","Disease resistant Grapevine","44.800641158072","0.29143212168195"
"OSCAR","33_2014_00002","2019","Disease resistant Grapevine","44.752234673468","-0.20410688881191"
"OSCAR","68_2014_00002","2019","Disease resistant Grapevine","48.071576640915","7.2783122372045"
"OSCAR","68_2014_00003","2019","Disease resistant Grapevine","48.071488438911","7.278174823286"
"OSCAR","11_2015_00001","2019","Disease resistant Grapevine","43.1552073711","3.1124787300623"
"OSCAR","26_2017_00002","2019","Disease resistant Grapevine","44.605103093369","4.8372673403233"
"OSCAR","33_2017_00002","2019","Disease resistant Grapevine","44.787082662761","-0.57796191660688"
"OSCAR","41_2019_00001","2019","Disease resistant Grapevine","47.340800246299","1.2909269433165"
"OSCAR","47_2017_00001","2019","Disease resistant Grapevine","44.682209580553","0.20262763607888"
"OSCAR","34_2013_00002","2019","Disease resistant Grapevine","43.386791310748","3.316253105613"
"OSCAR","07_2018_00004","2019","Disease resistant Grapevine","44.477030424614","4.3724141266673"
"OSCAR","11_2015_00005","2019","Disease resistant Grapevine","43.110865323465","2.104995197257"
"OSCAR","24_2014_00001","2019","Disease resistant Grapevine","44.801452173185","0.29148482950018"
"OSCAR","33_2018_00002","2019","Disease resistant Grapevine","44.534301162689","-0.16203922473485"
"OSCAR","13_2016_00002","2019","Disease resistant Grapevine","43.506066938998","4.7540090448849"
"OSCAR","11_2016_00001","2019","Disease resistant Grapevine","43.110906090776","2.1044127532178"
"OSCAR","33_2018_00003","2019","Disease resistant Grapevine","44.532896565608","-0.16321179267172"
"OSCAR","33_2018_00004","2019","Disease resistant Grapevine","45.116089356621","-0.44653118137732"
"OSCAR","33_2018_00006","2019","Disease resistant Grapevine","45.036462077589","-0.33728367596791"
"OSCAR","34_2013_00003","2019","Disease resistant Grapevine","43.386955189752","3.3157061742173"
"OSCAR","26_2017_00001","2019","Disease resistant Grapevine","44.605080464217","4.8374456657736"
"OSCAR","47_2018_00003","2019","Disease resistant Grapevine","44.681861586497","0.20244233408925"
"OSCAR","16_2018_00001","2020","Disease resistant Grapevine","45.611930528704","-0.15759711135263"
"OSCAR","16_2018_00002","2020","Disease resistant Grapevine","45.600716215811","-0.16991976317354"
"OSCAR","11_2012_00001","2020","Disease resistant Grapevine","43.157189117391","3.1172782783681"
"OSCAR","30_2018_00001","2020","Disease resistant Grapevine","43.894139896819","4.4656922356686"
"OSCAR","34_2018_00001","2020","Disease resistant Grapevine","43.354688339435","2.7393068175145"
"OSCAR","34_2018_00004","2020","Disease resistant Grapevine","43.47952144167","3.2516907549419"
"OSCAR","11_2012_00002","2020","Disease resistant Grapevine","43.157169831551","3.1172729214725"
"OSCAR","30_2018_00002","2020","Disease resistant Grapevine","43.989053558047","4.1304869696821"
"OSCAR","30_2018_00003","2020","Disease resistant Grapevine","43.738597451684","4.2511173606994"
"OSCAR","30_2018_00004","2020","Disease resistant Grapevine","43.92076663889","4.5210071353062"
"OSCAR","34_2018_00006","2020","Disease resistant Grapevine","43.432336879477","3.2897535994612"
"OSCAR","34_2018_00007","2020","Disease resistant Grapevine","43.539461034629","3.7704082575417"
"OSCAR","34_2019_00004","2020","Disease resistant Grapevine","43.319671774243","3.0685707396016"
"OSCAR","30_2018_00007","2020","Disease resistant Grapevine","44.010313386667","4.1060202338658"
"OSCAR","30_2018_00008","2020","Disease resistant Grapevine","43.904287865468","4.4990876991792"
"OSCAR","32_2018_00001","2020","Disease resistant Grapevine","43.820575257086","0.18112622582168"
"OSCAR","34_2018_00003","2020","Disease resistant Grapevine","43.344201619849","2.7989978793921"
"OSCAR","34_2018_00008","2020","Disease resistant Grapevine","43.49486404658","3.2792506913669"
"OSCAR","11_2015_00004","2020","Disease resistant Grapevine","43.154942770792","3.1131853232528"
"OSCAR","30_2018_00005","2020","Disease resistant Grapevine","43.925392501543","4.6418567115405"
"OSCAR","30_2018_00006","2020","Disease resistant Grapevine","43.764617934707","4.5803320077861"
"OSCAR","34_2018_00002","2020","Disease resistant Grapevine","43.344493656362","2.7969808000896"
"OSCAR","34_2018_00005","2020","Disease resistant Grapevine","43.478161693967","3.2535292869188"
"OSCAR","16_2018_00003","2020","Disease resistant Grapevine","45.805669595335","-0.052583330169"
"OSCAR","11_2015_00002","2020","Disease resistant Grapevine","43.156464542163","3.1157193984767"
"OSCAR","33_2011_00002","2020","Disease resistant Grapevine","44.792312649782","-0.5767817114322"
"OSCAR","34_2016_00001","2020","Disease resistant Grapevine","43.354296839209","3.156458211495"
"OSCAR","33_2018_00005","2020","Disease resistant Grapevine","45.011464238203","-0.35166528248374"
"OSCAR","34_2013_00001","2020","Disease resistant Grapevine","43.387554875413","3.3147460004306"
"OSCAR","13_2016_00001","2020","Disease resistant Grapevine","43.506137012925","4.7543923441331"
"OSCAR","33_2014_00002","2020","Disease resistant Grapevine","44.752234673468","-0.20410688881191"
"OSCAR","68_2014_00002","2020","Disease resistant Grapevine","48.071576640915","7.2783122372045"
"OSCAR","68_2014_00003","2020","Disease resistant Grapevine","48.071488438911","7.278174823286"
"OSCAR","11_2015_00001","2020","Disease resistant Grapevine","43.1552073711","3.1124787300623"
"OSCAR","32_2015_00001","2020","Disease resistant Grapevine","43.940072858921","0.44882055647134"
"OSCAR","32_2018_00002","2020","Disease resistant Grapevine","43.82068725104","0.1812050581342"
"OSCAR","32_2018_00003","2020","Disease resistant Grapevine","43.818731314623","0.19368660755424"
"OSCAR","47_2017_00001","2020","Disease resistant Grapevine","44.682209580553","0.20262763607888"
"OSCAR","34_2013_00002","2020","Disease resistant Grapevine","43.386791310748","3.316253105613"
"OSCAR","07_2018_00005","2020","Disease resistant Grapevine","44.418023064747","4.3630082198794"
"OSCAR","07_2018_00006","2020","Disease resistant Grapevine","44.508316247606","4.4106067830324"
"OSCAR","33_2018_00002","2020","Disease resistant Grapevine","44.534301162689","-0.16203922473485"
"OSCAR","13_2016_00002","2020","Disease resistant Grapevine","43.506066938998","4.7540090448849"
"OSCAR","11_2016_00001","2020","Disease resistant Grapevine","43.110906090776","2.1044127532178"
"OSCAR","33_2018_00003","2020","Disease resistant Grapevine","44.532896565608","-0.16321179267172"
"OSCAR","33_2018_00004","2020","Disease resistant Grapevine","45.116089356621","-0.44653118137732"
"OSCAR","33_2018_00006","2020","Disease resistant Grapevine","45.036462077589","-0.33728367596791"
"OSCAR","34_2013_00003","2020","Disease resistant Grapevine","43.386955189752","3.3157061742173"
"OSCAR","47_2018_00003","2020","Disease resistant Grapevine","44.681861586497","0.20244233408925"
"OSCAR","32_2015_00002","2020","Disease resistant Grapevine","43.939908691147","0.44873129907907"
"OSCAR","16_2018_00001","2021","Disease resistant Grapevine","45.611930528704","-0.15759711135263"
"OSCAR","16_2018_00002","2021","Disease resistant Grapevine","45.600716215811","-0.16991976317354"
"OSCAR","16_2019_00001","2021","Disease resistant Grapevine","45.690337774997","-0.3581141887131"
"OSCAR","11_2012_00001","2021","Disease resistant Grapevine","43.157189117391","3.1172782783681"
"OSCAR","30_2018_00001","2021","Disease resistant Grapevine","43.894139896819","4.4656922356686"
"OSCAR","34_2018_00001","2021","Disease resistant Grapevine","43.354688339435","2.7393068175145"
"OSCAR","34_2018_00005","2021","Disease resistant Grapevine","43.478161693967","3.2535292869188"
"OSCAR","11_2012_00002","2021","Disease resistant Grapevine","43.157169831551","3.1172729214725"
"OSCAR","30_2018_00002","2021","Disease resistant Grapevine","43.989053558047","4.1304869696821"
"OSCAR","30_2018_00003","2021","Disease resistant Grapevine","43.738597451684","4.2511173606994"
"OSCAR","30_2018_00004","2021","Disease resistant Grapevine","43.92076663889","4.5210071353062"
"OSCAR","34_2018_00006","2021","Disease resistant Grapevine","43.432336879477","3.2897535994612"
"OSCAR","34_2018_00007","2021","Disease resistant Grapevine","43.539461034629","3.7704082575417"
"OSCAR","34_2019_00004","2021","Disease resistant Grapevine","43.319671774243","3.0685707396016"
"OSCAR","11_2015_00003","2021","Disease resistant Grapevine","43.154411395602","3.1109761102078"
"OSCAR","30_2018_00007","2021","Disease resistant Grapevine","44.010313386667","4.1060202338658"
"OSCAR","30_2019_00003","2021","Disease resistant Grapevine","44.06337892639","4.0464051875884"
"OSCAR","34_2018_00003","2021","Disease resistant Grapevine","43.344201619849","2.7989978793921"
"OSCAR","30_2019_00004","2021","Disease resistant Grapevine","44.25924994101","4.2117688675526"
"OSCAR","30_2020_00001","2021","Disease resistant Grapevine","44.063874215697","4.0463625383991"
"OSCAR","34_2018_00008","2021","Disease resistant Grapevine","43.49486404658","3.2792506913669"
"OSCAR","11_2015_00004","2021","Disease resistant Grapevine","43.154942770792","3.1131853232528"
"OSCAR","34_2018_00002","2021","Disease resistant Grapevine","43.344493656362","2.7969808000896"
"OSCAR","34_2018_00004","2021","Disease resistant Grapevine","43.47952144167","3.2516907549419"
"OSCAR","16_2018_00003","2021","Disease resistant Grapevine","45.805669595335","-0.052583330169"
"OSCAR","16_2019_00002","2021","Disease resistant Grapevine","45.694162958589","-0.13861064898784"
"OSCAR","07_2019_00002","2021","Disease resistant Grapevine","44.579443159863","4.3893196636022"
"OSCAR","11_2015_00002","2021","Disease resistant Grapevine","43.156464542163","3.1157193984767"
"OSCAR","24_2018_00007","2021","Disease resistant Grapevine","44.829568321699","0.34659560833825"
"OSCAR","26_2016_00002","2021","Disease resistant Grapevine","44.605330529685","4.8376837778706"
"OSCAR","26_2018_00004","2021","Disease resistant Grapevine","44.233538758417","5.1781948711185"
"OSCAR","26_2019_00001","2021","Disease resistant Grapevine","45.100681374656","5.1155153535009"
"OSCAR","34_2016_00001","2021","Disease resistant Grapevine","43.354296839209","3.156458211495"
"OSCAR","47_2018_00002","2021","Disease resistant Grapevine","44.462994773299","0.068017610867855"
"OSCAR","11_2013_00001","2021","Disease resistant Grapevine","42.995380981209","2.2084382329565"
"OSCAR","11_2013_00002","2021","Disease resistant Grapevine","42.99830525052","2.2041294516126"
"OSCAR","24_2018_00004","2021","Disease resistant Grapevine","44.825862915343","0.35268506183616"
"OSCAR","33_2018_00005","2021","Disease resistant Grapevine","45.011464238203","-0.35166528248374"
"OSCAR","34_2013_00001","2021","Disease resistant Grapevine","43.387554875413","3.3147460004306"
"OSCAR","67_2018_00003","2021","Disease resistant Grapevine","48.58517606362","7.4554794914485"
"OSCAR","33_2014_00003","2021","Disease resistant Grapevine","44.744791868194","-0.21366082333626"
"OSCAR","68_2014_00002","2021","Disease resistant Grapevine","48.071576640915","7.2783122372045"
"OSCAR","68_2014_00003","2021","Disease resistant Grapevine","48.071488438911","7.278174823286"
"OSCAR","47_2019_00003","2021","Disease resistant Grapevine","44.681513609513","0.19991912918355"
"OSCAR","11_2015_00001","2021","Disease resistant Grapevine","43.1552073711","3.1124787300623"
"OSCAR","24_2018_00005","2021","Disease resistant Grapevine","44.829394763674","0.34725971231714"
"OSCAR","26_2017_00002","2021","Disease resistant Grapevine","44.605103093369","4.8372673403233"
"OSCAR","26_2018_00002","2021","Disease resistant Grapevine","44.233525668384","5.1781884567432"
"OSCAR","31_2019_00001","2021","Disease resistant Grapevine","43.842900872932","1.3610526861952"
"OSCAR","32_2015_00001","2021","Disease resistant Grapevine","43.940072858921","0.44882055647134"
"OSCAR","33_2017_00002","2021","Disease resistant Grapevine","44.787082662761","-0.57796191660688"
"OSCAR","47_2017_00001","2021","Disease resistant Grapevine","44.682209580553","0.20262763607888"
"OSCAR","82_2019_00001","2021","Disease resistant Grapevine","43.88541315991","1.4286717503051"
"OSCAR","24_2018_00002","2021","Disease resistant Grapevine","44.827915662775","0.3495502593546"
"OSCAR","34_2013_00002","2021","Disease resistant Grapevine","43.386791310748","3.316253105613"
"OSCAR","24_2014_00001","2021","Disease resistant Grapevine","44.801452173185","0.29148482950018"
"OSCAR","24_2018_00001","2021","Disease resistant Grapevine","44.828223769697","0.34894872200789"
"OSCAR","33_2021_00002","2021","Disease resistant Grapevine","44.598967866933","-0.19497430783098"
"OSCAR","33_2021_00003","2021","Disease resistant Grapevine","44.598552506904","-0.19337457943726"
"OSCAR","67_2018_00005","2021","Disease resistant Grapevine","48.585293443052","7.4555003749908"
"OSCAR","67_2018_00004","2021","Disease resistant Grapevine","48.585174429832","7.4555890257096"
"OSCAR","24_2014_00002","2021","Disease resistant Grapevine","44.800641158072","0.29143212168195"
"OSCAR","33_2014_00002","2021","Disease resistant Grapevine","44.752234673468","-0.20410688881191"
"OSCAR","13_2016_00002","2021","Disease resistant Grapevine","43.506066938998","4.7540090448849"
"OSCAR","11_2016_00001","2021","Disease resistant Grapevine","43.110906090776","2.1044127532178"
"OSCAR","24_2018_00003","2021","Disease resistant Grapevine","44.827375483178","0.35047648200725"
"OSCAR","33_2018_00004","2021","Disease resistant Grapevine","45.116089356621","-0.44653118137732"
"OSCAR","33_2018_00006","2021","Disease resistant Grapevine","45.036462077589","-0.33728367596791"
"OSCAR","33_2020_00002","2021","Disease resistant Grapevine","44.610480033935","-0.22996297189309"
"OSCAR","33_2021_00001","2021","Disease resistant Grapevine","44.61032430451","-0.22910774263303"
"OSCAR","34_2013_00003","2021","Disease resistant Grapevine","43.386955189752","3.3157061742173"
"OSCAR","24_2018_00006","2021","Disease resistant Grapevine","44.829460456219","0.34701937260459"
"OSCAR","26_2017_00001","2021","Disease resistant Grapevine","44.605080464217","4.8374456657736"
"OSCAR","26_2018_00003","2021","Disease resistant Grapevine","44.233531262221","5.1781940447664"
"OSCAR","26_2019_00002","2021","Disease resistant Grapevine","45.100684692872","5.1158281068153"
"OSCAR","47_2018_00003","2021","Disease resistant Grapevine","44.681861586497","0.20244233408925"
"OSCAR","67_2018_00002","2021","Disease resistant Grapevine","48.585141584513","7.4554111353471"
"OSCAR","84_2019_00001","2021","Disease resistant Grapevine","43.68990423391","5.575991687557"
"OSCAR","26_2018_00001","2021","Disease resistant Grapevine","44.233533307341","5.1781995827676"
"OSCAR","32_2015_00002","2021","Disease resistant Grapevine","43.939908691147","0.44873129907907"
"OSCAR","11_2012_00001","2022","Disease resistant Grapevine","43.157189117391","3.1172782783681"
"OSCAR","11_2018_00002","2022","Disease resistant Grapevine","43.224472903086","2.6412810502547"
"OSCAR","30_2018_00001","2022","Disease resistant Grapevine","43.894139896819","4.4656922356686"
"OSCAR","34_2018_00005","2022","Disease resistant Grapevine","43.478161693967","3.2535292869188"
"OSCAR","11_2012_00002","2022","Disease resistant Grapevine","43.157169831551","3.1172729214725"
"OSCAR","11_2020_00001","2022","Disease resistant Grapevine","43.210686239064","2.4662794870109"
"OSCAR","30_2018_00002","2022","Disease resistant Grapevine","43.989053558047","4.1304869696821"
"OSCAR","30_2018_00003","2022","Disease resistant Grapevine","43.738597451684","4.2511173606994"
"OSCAR","30_2018_00004","2022","Disease resistant Grapevine","43.92076663889","4.5210071353062"
"OSCAR","34_2018_00006","2022","Disease resistant Grapevine","43.432336879477","3.2897535994612"
"OSCAR","34_2018_00007","2022","Disease resistant Grapevine","43.539461034629","3.7704082575417"
"OSCAR","11_2015_00003","2022","Disease resistant Grapevine","43.154411395602","3.1109761102078"
"OSCAR","30_2018_00007","2022","Disease resistant Grapevine","44.010313386667","4.1060202338658"
"OSCAR","30_2018_00008","2022","Disease resistant Grapevine","43.904287865468","4.4990876991792"
"OSCAR","30_2019_00003","2022","Disease resistant Grapevine","44.06337892639","4.0464051875884"
"OSCAR","34_2018_00003","2022","Disease resistant Grapevine","43.344201619849","2.7989978793921"
"OSCAR","34_2020_00001","2022","Disease resistant Grapevine","43.318934265973","3.0701465046725"
"OSCAR","30_2019_00004","2022","Disease resistant Grapevine","44.25924994101","4.2117688675526"
"OSCAR","30_2020_00001","2022","Disease resistant Grapevine","44.063874215697","4.0463625383991"
"OSCAR","34_2019_00005","2022","Disease resistant Grapevine","43.49486404658","3.2792506913669"
"OSCAR","34_2021_00001","2022","Disease resistant Grapevine","43.593217547326","3.4910276428018"
"OSCAR","11_2015_00004","2022","Disease resistant Grapevine","43.154942770792","3.1131853232528"
"OSCAR","30_2018_00005","2022","Disease resistant Grapevine","43.925392501543","4.6418567115405"
"OSCAR","30_2018_00006","2022","Disease resistant Grapevine","43.764617934707","4.5803320077861"
"OSCAR","34_2018_00002","2022","Disease resistant Grapevine","43.344493656362","2.7969808000896"
"OSCAR","34_2018_00004","2022","Disease resistant Grapevine","43.47952144167","3.2516907549419"
"OSCAR","34_2020_00002","2022","Disease resistant Grapevine","43.493981638705","3.5037841587814"
"OSCAR","34_2020_00003","2022","Disease resistant Grapevine","43.592629938713","3.4918670730083"
"OSCAR","07_2018_00007","2022","Disease resistant Grapevine","44.401136296828","4.2928029487751"
"OSCAR","07_2019_00002","2022","Disease resistant Grapevine","44.579443159863","4.3893196636022"
"OSCAR","11_2015_00002","2022","Disease resistant Grapevine","43.156464542163","3.1157193984767"
"OSCAR","24_2019_00001","2022","Disease resistant Grapevine","44.792898934531","0.40363719516145"
"OSCAR","26_2016_00002","2022","Disease resistant Grapevine","44.605330529685","4.8376837778706"
"OSCAR","26_2018_00004","2022","Disease resistant Grapevine","44.233538758417","5.1781948711185"
"OSCAR","26_2019_00001","2022","Disease resistant Grapevine","45.100681374656","5.1155153535009"
"OSCAR","33_2011_00002","2022","Disease resistant Grapevine","44.792312649782","-0.5767817114322"
"OSCAR","34_2019_00006","2022","Disease resistant Grapevine","43.531535367182","3.8670053309473"
"OSCAR","47_2019_00002","2022","Disease resistant Grapevine","44.249475643406","0.31520275533805"
"OSCAR","11_2013_00001","2022","Disease resistant Grapevine","42.995380981209","2.2084382329565"
"OSCAR","11_2013_00002","2022","Disease resistant Grapevine","42.99830525052","2.2041294516126"
"OSCAR","34_2013_00001","2022","Disease resistant Grapevine","43.387554875413","3.3147460004306"
"OSCAR","67_2018_00003","2022","Disease resistant Grapevine","48.58517606362","7.4554794914485"
"OSCAR","33_2014_00003","2022","Disease resistant Grapevine","44.744791868194","-0.21366082333626"
"OSCAR","13_2016_00001","2022","Disease resistant Grapevine","43.506137012925","4.7543923441331"
"OSCAR","16_2018_00001","2022","Disease resistant Grapevine","45.611930528704","-0.15759711135263"
"OSCAR","47_2019_00003","2022","Disease resistant Grapevine","44.681513609513","0.19991912918355"
"OSCAR","03_2020_00001","2022","Disease resistant Grapevine","46.327680919593","3.2258444916445"
"OSCAR","07_2018_00008","2022","Disease resistant Grapevine","44.401213350892","4.292688758908"
"OSCAR","11_2015_00001","2022","Disease resistant Grapevine","43.1552073711","3.1124787300623"
"OSCAR","11_2018_00001","2022","Disease resistant Grapevine","43.237141013456","2.6266172689134"
"OSCAR","26_2017_00002","2022","Disease resistant Grapevine","44.605103093369","4.8372673403233"
"OSCAR","26_2018_00002","2022","Disease resistant Grapevine","44.233525668384","5.1781884567432"
"OSCAR","26_2020_00001","2022","Disease resistant Grapevine","44.286812230532","4.8998066413525"
"OSCAR","26_2020_00002","2022","Disease resistant Grapevine","44.294075435133","4.9051883361052"
"OSCAR","31_2019_00001","2022","Disease resistant Grapevine","43.842900872932","1.3610526861952"
"OSCAR","32_2015_00001","2022","Disease resistant Grapevine","43.940072858921","0.44882055647134"
"OSCAR","33_2017_00002","2022","Disease resistant Grapevine","44.787082662761","-0.57796191660688"
"OSCAR","33_2020_00004","2022","Disease resistant Grapevine","44.816354059538","-0.12380986742411"
"OSCAR","41_2019_00001","2022","Disease resistant Grapevine","47.340800246299","1.2909269433165"
"OSCAR","41_2019_00002","2022","Disease resistant Grapevine","47.398504686211","1.3884259621658"
"OSCAR","47_2017_00001","2022","Disease resistant Grapevine","44.682209580553","0.20262763607888"
"OSCAR","60_2019_00001","2022","Disease resistant Grapevine","49.581302772153","3.0256923848701"
"OSCAR","68_2020_00002","2022","Disease resistant Grapevine","48.096621067108","7.3472402847703"
"OSCAR","82_2019_00001","2022","Disease resistant Grapevine","43.88541315991","1.4286717503051"
"OSCAR","84_2021_00001","2022","Disease resistant Grapevine","43.706393404912","5.540643432614"
"OSCAR","16_2018_00002","2022","Disease resistant Grapevine","45.600716215811","-0.16991976317354"
"OSCAR","16_2019_00001","2022","Disease resistant Grapevine","45.690337774997","-0.3581141887131"
"OSCAR","47_2021_00001","2022","Disease resistant Grapevine","44.697022598389","0.11121060539853"
"OSCAR","34_2013_00002","2022","Disease resistant Grapevine","43.386791310748","3.316253105613"
"OSCAR","07_2018_00004","2022","Disease resistant Grapevine","44.477030424614","4.3724141266673"
"OSCAR","24_2018_00008","2022","Disease resistant Grapevine","44.786534113211","0.40125963113196"
"OSCAR","33_2018_00002","2022","Disease resistant Grapevine","44.534301162689","-0.16203922473485"
"OSCAR","33_2021_00002","2022","Disease resistant Grapevine","44.598967866933","-0.19497430783098"
"OSCAR","33_2021_00003","2022","Disease resistant Grapevine","44.598552506904","-0.19337457943726"
"OSCAR","68_2014_00002","2022","Disease resistant Grapevine","48.071576640915","7.2783122372045"
"OSCAR","68_2014_00003","2022","Disease resistant Grapevine","48.071488438911","7.278174823286"
"OSCAR","67_2018_00005","2022","Disease resistant Grapevine","48.585293443052","7.4555003749908"
"OSCAR","67_2018_00004","2022","Disease resistant Grapevine","48.585174429832","7.4555890257096"
"OSCAR","33_2014_00002","2022","Disease resistant Grapevine","44.752234673468","-0.20410688881191"
"OSCAR","11_2019_00001","2022","Disease resistant Grapevine","43.235756723961","2.7881704562197"
"OSCAR","13_2016_00002","2022","Disease resistant Grapevine","43.506066938998","4.7540090448849"
"OSCAR","11_2016_00001","2022","Disease resistant Grapevine","43.110906090776","2.1044127532178"
"OSCAR","24_2017_00008","2022","Disease resistant Grapevine","44.786211566997","0.40013322572647"
"OSCAR","33_2018_00003","2022","Disease resistant Grapevine","44.532896565608","-0.16321179267172"
"OSCAR","33_2020_00002","2022","Disease resistant Grapevine","44.610480033935","-0.22996297189309"
"OSCAR","33_2021_00001","2022","Disease resistant Grapevine","44.61032430451","-0.22910774263303"
"OSCAR","34_2013_00003","2022","Disease resistant Grapevine","43.386955189752","3.3157061742173"
"OSCAR","26_2017_00001","2022","Disease resistant Grapevine","44.605080464217","4.8374456657736"
"OSCAR","26_2018_00003","2022","Disease resistant Grapevine","44.233531262221","5.1781940447664"
"OSCAR","26_2019_00002","2022","Disease resistant Grapevine","45.100684692872","5.1158281068153"
"OSCAR","26_2020_00003","2022","Disease resistant Grapevine","44.294047188344","4.9052965953786"
"OSCAR","47_2018_00003","2022","Disease resistant Grapevine","44.681861586497","0.20244233408925"
"OSCAR","47_2019_00001","2022","Disease resistant Grapevine","44.248934689644","0.31510291485318"
"OSCAR","67_2018_00002","2022","Disease resistant Grapevine","48.585141584513","7.4554111353471"
"OSCAR","84_2019_00001","2022","Disease resistant Grapevine","43.68990423391","5.575991687557"
"OSCAR","03_2020_00002","2022","Disease resistant Grapevine","46.32769870016","3.2260811770563"
"OSCAR","26_2018_00001","2022","Disease resistant Grapevine","44.233533307341","5.1781995827676"
"OSCAR","32_2015_00002","2022","Disease resistant Grapevine","43.939908691147","0.44873129907907"
"OSCAR","33_2020_00003","2022","Disease resistant Grapevine","44.816347788857","-0.12383982270868"
"OSCAR","68_2020_00001","2022","Disease resistant Grapevine","48.096937444773","7.3471915630205"
"OSCAR","11_2012_00001","2023","Disease resistant Grapevine","43.157189117391","3.1172782783681"
"OSCAR","11_2012_00002","2023","Disease resistant Grapevine","43.157169831551","3.1172729214725"
"OSCAR","11_2015_00001","2023","Disease resistant Grapevine","43.1552073711","3.1124787300623"
"OSCAR","11_2015_00002","2023","Disease resistant Grapevine","43.156464542163","3.1157193984767"
"OSCAR","11_2015_00003","2023","Disease resistant Grapevine","43.154411395602","3.1109761102078"
"OSCAR","11_2015_00004","2023","Disease resistant Grapevine","43.154942770792","3.1131853232528"
"OSCAR","11_2016_00001","2023","Disease resistant Grapevine","43.110906090776","2.1044127532178"
"OSCAR","11_2018_00002","2023","Disease resistant Grapevine","43.224472903086","2.6412810502547"
"OSCAR","11_2019_00003","2023","Disease resistant Grapevine","43.236350440535","3.1322563617201"
"OSCAR","11_2019_00004","2023","Disease resistant Grapevine","43.211080714164","2.466534650329"
"OSCAR","11_2020_00001","2023","Disease resistant Grapevine","43.210686239064","2.4662794870109"
"OSCAR","11_2020_00003","2023","Disease resistant Grapevine","43.113633061716","2.0963806264566"
"OSCAR","11_2022_00001","2023","Disease resistant Grapevine","43.232489237873","3.0990183287036"
"OSCAR","11_2022_00002","2023","Disease resistant Grapevine","43.232154557986","3.098446662149"
"OSCAR","11_2023_00001","2023","Disease resistant Grapevine","43.189040935586","2.7947071613414"
"OSCAR","11_2023_00003","2023","Disease resistant Grapevine","42.929423744167","3.0018836636988"
"OSCAR","11_2023_00004","2023","Disease resistant Grapevine","43.202041433634","2.9673636827567"
"OSCAR","11_2023_00005","2023","Disease resistant Grapevine","43.022959807568","2.7757384437224"
"OSCAR","11_2023_00006","2023","Disease resistant Grapevine","43.242207058512","2.774081227376"
"OSCAR","11_2023_00007","2023","Disease resistant Grapevine","43.242317485895","2.7741630153818"
"OSCAR","11_2023_00008","2023","Disease resistant Grapevine","43.209655917998","2.7645264831248"
"OSCAR","16_2018_00001","2023","Disease resistant Grapevine","45.611930528704","-0.15759711135263"
"OSCAR","16_2018_00002","2023","Disease resistant Grapevine","45.600716215811","-0.16991976317354"
"OSCAR","16_2019_00001","2023","Disease resistant Grapevine","45.690337774997","-0.3581141887131"
"OSCAR","24_2014_00001","2023","Disease resistant Grapevine","44.801452173185","0.29148482950018"
"OSCAR","24_2014_00002","2023","Disease resistant Grapevine","44.800641158072","0.29143212168195"
"OSCAR","24_2017_00008","2023","Disease resistant Grapevine","44.786211566997","0.40013322572647"
"OSCAR","24_2018_00001","2023","Disease resistant Grapevine","44.828223769697","0.34894872200789"
"OSCAR","24_2018_00002","2023","Disease resistant Grapevine","44.827915662775","0.3495502593546"
"OSCAR","24_2018_00003","2023","Disease resistant Grapevine","44.827375483178","0.35047648200725"
"OSCAR","24_2018_00004","2023","Disease resistant Grapevine","44.825862915343","0.35268506183616"
"OSCAR","24_2018_00005","2023","Disease resistant Grapevine","44.829394763674","0.34725971231714"
"OSCAR","24_2018_00006","2023","Disease resistant Grapevine","44.829460456219","0.34701937260459"
"OSCAR","24_2018_00007","2023","Disease resistant Grapevine","44.829568321699","0.34659560833825"
"OSCAR","24_2018_00008","2023","Disease resistant Grapevine","44.786534113211","0.40125963113196"
"OSCAR","24_2019_00001","2023","Disease resistant Grapevine","44.792898934531","0.40363719516145"
"OSCAR","24_2021_00001","2023","Disease resistant Grapevine","44.697469474644","0.4795905570707"
"OSCAR","24_2021_00002","2023","Disease resistant Grapevine","44.697206509981","0.47955953334995"
"OSCAR","24_2021_00003","2023","Disease resistant Grapevine","44.697553348198","0.47948830995006"
"OSCAR","24_2021_00004","2023","Disease resistant Grapevine","44.697784285508","0.47965437116847"
"OSCAR","26_2021_00002","2023","Disease resistant Grapevine","44.242642499767","5.215657023334"
"OSCAR","26_2021_00003","2023","Disease resistant Grapevine","44.242586632552","5.2156850127802"
"OSCAR","26_2021_00004","2023","Disease resistant Grapevine","44.24242517092","5.215461012244"
"OSCAR","30_2018_00001","2023","Disease resistant Grapevine","43.894139896819","4.4656922356686"
"OSCAR","30_2018_00002","2023","Disease resistant Grapevine","43.989053558047","4.1304869696821"
"OSCAR","30_2018_00003","2023","Disease resistant Grapevine","43.738597451684","4.2511173606994"
"OSCAR","30_2018_00004","2023","Disease resistant Grapevine","43.92076663889","4.5210071353062"
"OSCAR","30_2018_00005","2023","Disease resistant Grapevine","43.925392501543","4.6418567115405"
"OSCAR","30_2018_00006","2023","Disease resistant Grapevine","43.764617934707","4.5803320077861"
"OSCAR","30_2018_00007","2023","Disease resistant Grapevine","44.010313386667","4.1060202338658"
"OSCAR","30_2018_00008","2023","Disease resistant Grapevine","43.904287865468","4.4990876991792"
"OSCAR","30_2019_00003","2023","Disease resistant Grapevine","44.06337892639","4.0464051875884"
"OSCAR","30_2019_00004","2023","Disease resistant Grapevine","44.25924994101","4.2117688675526"
"OSCAR","30_2020_00001","2023","Disease resistant Grapevine","44.063874215697","4.0463625383991"
"OSCAR","32_2015_00001","2023","Disease resistant Grapevine","43.940072858921","0.44882055647134"
"OSCAR","32_2015_00002","2023","Disease resistant Grapevine","43.939908691147","0.44873129907907"
"OSCAR","33_2011_00002","2023","Disease resistant Grapevine","44.792312649782","-0.5767817114322"
"OSCAR","33_2014_00003","2023","Disease resistant Grapevine","44.744791868194","-0.21366082333626"
"OSCAR","33_2017_00002","2023","Disease resistant Grapevine","44.787082662761","-0.57796191660688"
"OSCAR","33_2018_00002","2023","Disease resistant Grapevine","44.534301162689","-0.16203922473485"
"OSCAR","33_2018_00003","2023","Disease resistant Grapevine","44.532896565608","-0.16321179267172"
"OSCAR","33_2018_00004","2023","Disease resistant Grapevine","45.116089356621","-0.44653118137732"
"OSCAR","33_2018_00005","2023","Disease resistant Grapevine","45.011464238203","-0.35166528248374"
"OSCAR","33_2018_00006","2023","Disease resistant Grapevine","45.036462077589","-0.33728367596791"
"OSCAR","33_2020_00002","2023","Disease resistant Grapevine","44.610480033935","-0.22996297189309"
"OSCAR","33_2020_00003","2023","Disease resistant Grapevine","44.816347788857","-0.12383982270868"
"OSCAR","33_2020_00005","2023","Disease resistant Grapevine","44.816338123432","-0.12379218150012"
"OSCAR","33_2020_00006","2023","Disease resistant Grapevine","44.816314573933","-0.12379218150012"
"OSCAR","33_2021_00002","2023","Disease resistant Grapevine","44.598967866933","-0.19497430783098"
"OSCAR","33_2021_00003","2023","Disease resistant Grapevine","44.598552506904","-0.19337457943726"
"OSCAR","33_2022_00004","2023","Disease resistant Grapevine","44.613414856607","-0.2422289094858"
"OSCAR","34_2018_00002","2023","Disease resistant Grapevine","43.344493656362","2.7969808000896"
"OSCAR","34_2018_00003","2023","Disease resistant Grapevine","43.344201619849","2.7989978793921"
"OSCAR","34_2018_00004","2023","Disease resistant Grapevine","43.47952144167","3.2516907549419"
"OSCAR","34_2018_00005","2023","Disease resistant Grapevine","43.478161693967","3.2535292869188"
"OSCAR","34_2018_00006","2023","Disease resistant Grapevine","43.432336879477","3.2897535994612"
"OSCAR","34_2018_00007","2023","Disease resistant Grapevine","43.539461034629","3.7704082575417"
"OSCAR","34_2019_00004","2023","Disease resistant Grapevine","43.319671774243","3.0685707396016"
"OSCAR","34_2019_00005","2023","Disease resistant Grapevine","43.49486404658","3.2792506913669"
"OSCAR","34_2019_00007","2023","Disease resistant Grapevine","43.320260712175","3.0654182008284"
"OSCAR","34_2020_00001","2023","Disease resistant Grapevine","43.318934265973","3.0701465046725"
"OSCAR","34_2020_00002","2023","Disease resistant Grapevine","43.493981638705","3.5037841587814"
"OSCAR","34_2020_00003","2023","Disease resistant Grapevine","43.592629938713","3.4918670730083"
"OSCAR","34_2021_00001","2023","Disease resistant Grapevine","43.593217547326","3.4910276428018"
"OSCAR","47_2017_00001","2023","Disease resistant Grapevine","44.682209580553","0.20262763607888"
"OSCAR","47_2018_00002","2023","Disease resistant Grapevine","44.462994773299","0.068017610867855"
"OSCAR","47_2018_00003","2023","Disease resistant Grapevine","44.681861586497","0.20244233408925"
"OSCAR","47_2019_00003","2023","Disease resistant Grapevine","44.681513609513","0.19991912918355"
"OSCAR","47_2021_00001","2023","Disease resistant Grapevine","44.697022598389","0.11121060539853"
"OSCAR","66_2023_00001","2023","Disease resistant Grapevine","42.688815527841","2.9808464571941"
"OSCAR","66_2023_00002","2023","Disease resistant Grapevine","42.806622552","2.8412200832036"
"OSCAR","67_2018_00002","2023","Disease resistant Grapevine","48.585141584513","7.4554111353471"
"OSCAR","67_2018_00003","2023","Disease resistant Grapevine","48.58517606362","7.4554794914485"
"OSCAR","67_2018_00004","2023","Disease resistant Grapevine","48.585174429832","7.4555890257096"
"OSCAR","67_2018_00005","2023","Disease resistant Grapevine","48.585293443052","7.4555003749908"
"OSCAR","68_2020_00001","2023","Disease resistant Grapevine","48.096937444773","7.3471915630205"
"OSCAR","68_2020_00002","2023","Disease resistant Grapevine","48.096621067108","7.3472402847703"
"OSCAR","84_2019_00001","2023","Disease resistant Grapevine","43.68990423391","5.575991687557"
"OSCAR","84_2021_00001","2023","Disease resistant Grapevine","43.706393404912","5.540643432614"
"OSCAR","85_2018_00001","2023","Disease resistant Grapevine","46.366899986089","-0.90006147893174"
"OSCAR","86_2015_00001","2023","Disease resistant Grapevine","46.757955853757","0.4061051379108"
"OSCAR","86_2015_00002","2023","Disease resistant Grapevine","46.75799490152","0.40650009318824"
"OSCAR","03_2020_00001","2024","Disease resistant Grapevine","46.327680919593","3.2258444916445"
"OSCAR","03_2020_00002","2024","Disease resistant Grapevine","46.32769870016","3.2260811770563"
"OSCAR","11_2011_00001","2024","Disease resistant Grapevine","43.180757840457","2.372763958602"
"OSCAR","11_2011_00002","2024","Disease resistant Grapevine","43.180753653415","2.3727919377644"
"OSCAR","11_2011_00003","2024","Disease resistant Grapevine","43.180744713501","2.3728471882463"
"OSCAR","11_2012_00001","2024","Disease resistant Grapevine","43.157189117391","3.1172782783681"
"OSCAR","11_2012_00002","2024","Disease resistant Grapevine","43.157169831551","3.1172729214725"
"OSCAR","11_2015_00001","2024","Disease resistant Grapevine","43.1552073711","3.1124787300623"
"OSCAR","11_2015_00002","2024","Disease resistant Grapevine","43.156464542163","3.1157193984767"
"OSCAR","11_2015_00003","2024","Disease resistant Grapevine","43.154411395602","3.1109761102078"
"OSCAR","11_2015_00004","2024","Disease resistant Grapevine","43.154942770792","3.1131853232528"
"OSCAR","11_2018_00002","2024","Disease resistant Grapevine","43.224472903086","2.6412810502547"
"OSCAR","11_2019_00001","2024","Disease resistant Grapevine","43.235756723961","2.7881704562197"
"OSCAR","11_2019_00003","2024","Disease resistant Grapevine","43.236350440535","3.1322563617201"
"OSCAR","11_2019_00004","2024","Disease resistant Grapevine","43.211080714164","2.466534650329"
"OSCAR","11_2020_00001","2024","Disease resistant Grapevine","43.210686239064","2.4662794870109"
"OSCAR","11_2021_00001","2024","Disease resistant Grapevine","43.233497366616","2.7666541283168"
"OSCAR","11_2021_00002","2024","Disease resistant Grapevine","43.238667894898","2.7594952863986"
"OSCAR","11_2021_00003","2024","Disease resistant Grapevine","42.929126334129","3.0017114846049"
"OSCAR","11_2022_00001","2024","Disease resistant Grapevine","43.232489237873","3.0990183287036"
"OSCAR","11_2022_00002","2024","Disease resistant Grapevine","43.232154557986","3.098446662149"
"OSCAR","11_2023_00001","2024","Disease resistant Grapevine","43.189040935586","2.7947071613414"
"OSCAR","11_2023_00002","2024","Disease resistant Grapevine","43.189812623334","2.7949720300664"
"OSCAR","11_2023_00006","2024","Disease resistant Grapevine","43.242207058512","2.774081227376"
"OSCAR","11_2023_00007","2024","Disease resistant Grapevine","43.242317485895","2.7741630153818"
"OSCAR","11_2023_00008","2024","Disease resistant Grapevine","43.209655917998","2.7645264831248"
"OSCAR","11_2024_00001","2024","Disease resistant Grapevine","43.204159533634","3.1225667614205"
"OSCAR","11_2024_00002","2024","Disease resistant Grapevine","43.235686093181","3.0811069095134"
"OSCAR","16_2018_00001","2024","Disease resistant Grapevine","45.611930528704","-0.15759711135263"
"OSCAR","16_2018_00002","2024","Disease resistant Grapevine","45.600716215811","-0.16991976317354"
"OSCAR","16_2019_00001","2024","Disease resistant Grapevine","45.690337774997","-0.3581141887131"
"OSCAR","24_2014_00001","2024","Disease resistant Grapevine","44.801452173185","0.29148482950018"
"OSCAR","24_2014_00002","2024","Disease resistant Grapevine","44.800641158072","0.29143212168195"
"OSCAR","24_2017_00008","2024","Disease resistant Grapevine","44.786211566997","0.40013322572647"
"OSCAR","24_2018_00008","2024","Disease resistant Grapevine","44.786534113211","0.40125963113196"
"OSCAR","24_2019_00001","2024","Disease resistant Grapevine","44.792898934531","0.40363719516145"
"OSCAR","26_2021_00005","2024","Disease resistant Grapevine","44.242310867071","5.2154842105386"
"OSCAR","30_2016_00002","2024","Disease resistant Grapevine","43.827843412167","4.4501443008207"
"OSCAR","30_2018_00001","2024","Disease resistant Grapevine","43.894139896819","4.4656922356686"
"OSCAR","30_2018_00002","2024","Disease resistant Grapevine","43.989053558047","4.1304869696821"
"OSCAR","30_2018_00003","2024","Disease resistant Grapevine","43.738597451684","4.2511173606994"
"OSCAR","30_2018_00004","2024","Disease resistant Grapevine","43.92076663889","4.5210071353062"
"OSCAR","30_2018_00005","2024","Disease resistant Grapevine","43.925392501543","4.6418567115405"
"OSCAR","30_2018_00006","2024","Disease resistant Grapevine","43.764617934707","4.5803320077861"
"OSCAR","30_2018_00007","2024","Disease resistant Grapevine","44.010313386667","4.1060202338658"
"OSCAR","30_2018_00008","2024","Disease resistant Grapevine","43.904287865468","4.4990876991792"
"OSCAR","30_2019_00003","2024","Disease resistant Grapevine","44.06337892639","4.0464051875884"
"OSCAR","30_2019_00004","2024","Disease resistant Grapevine","44.25924994101","4.2117688675526"
"OSCAR","30_2020_00001","2024","Disease resistant Grapevine","44.063874215697","4.0463625383991"
"OSCAR","30_2023_00001","2024","Disease resistant Grapevine","43.514719401223","4.2533159053903"
"OSCAR","30_2023_00003","2024","Disease resistant Grapevine","43.514269781553","4.2537912429249"
"OSCAR","30_2023_00004","2024","Disease resistant Grapevine","43.514726127989","4.2533671336193"
"OSCAR","31_2019_00001","2024","Disease resistant Grapevine","43.842900872932","1.3610526861952"
"OSCAR","33_2011_00002","2024","Disease resistant Grapevine","44.792312649782","-0.5767817114322"
"OSCAR","33_2014_00002","2024","Disease resistant Grapevine","44.752234673468","-0.20410688881191"
"OSCAR","33_2017_00002","2024","Disease resistant Grapevine","44.787082662761","-0.57796191660688"
"OSCAR","33_2018_00004","2024","Disease resistant Grapevine","45.116089356621","-0.44653118137732"
"OSCAR","33_2018_00005","2024","Disease resistant Grapevine","45.011464238203","-0.35166528248374"
"OSCAR","33_2018_00006","2024","Disease resistant Grapevine","45.036462077589","-0.33728367596791"
"OSCAR","33_2020_00002","2024","Disease resistant Grapevine","44.610480033935","-0.22996297189309"
"OSCAR","33_2020_00003","2024","Disease resistant Grapevine","44.816347788857","-0.12383982270868"
"OSCAR","33_2020_00004","2024","Disease resistant Grapevine","44.816354059538","-0.12380986742411"
"OSCAR","33_2020_00005","2024","Disease resistant Grapevine","44.816338123432","-0.12379218150012"
"OSCAR","33_2020_00006","2024","Disease resistant Grapevine","44.816314573933","-0.12379218150012"
"OSCAR","33_2021_00002","2024","Disease resistant Grapevine","44.598967866933","-0.19497430783098"
"OSCAR","33_2021_00003","2024","Disease resistant Grapevine","44.598552506904","-0.19337457943726"
"OSCAR","33_2022_00001","2024","Disease resistant Grapevine","44.535037328299","-0.3462634214586"
"OSCAR","33_2022_00002","2024","Disease resistant Grapevine","44.535685902694","-0.34610115382578"
"OSCAR","33_2022_00003","2024","Disease resistant Grapevine","44.535307394489","-0.34565870906118"
"OSCAR","33_2022_00004","2024","Disease resistant Grapevine","44.613414856607","-0.2422289094858"
"OSCAR","34_2018_00002","2024","Disease resistant Grapevine","43.344493656362","2.7969808000896"
"OSCAR","34_2018_00003","2024","Disease resistant Grapevine","43.344201619849","2.7989978793921"
"OSCAR","34_2018_00004","2024","Disease resistant Grapevine","43.47952144167","3.2516907549419"
"OSCAR","34_2018_00005","2024","Disease resistant Grapevine","43.478161693967","3.2535292869188"
"OSCAR","34_2018_00006","2024","Disease resistant Grapevine","43.432336879477","3.2897535994612"
"OSCAR","34_2018_00007","2024","Disease resistant Grapevine","43.539461034629","3.7704082575417"
"OSCAR","34_2019_00004","2024","Disease resistant Grapevine","43.319671774243","3.0685707396016"
"OSCAR","34_2019_00005","2024","Disease resistant Grapevine","43.49486404658","3.2792506913669"
"OSCAR","34_2019_00007","2024","Disease resistant Grapevine","43.320260712175","3.0654182008284"
"OSCAR","34_2019_00008","2024","Disease resistant Grapevine","43.590915401854","3.4946351800982"
"OSCAR","34_2019_00009","2024","Disease resistant Grapevine","43.590916467624","3.4946596657013"
"OSCAR","34_2019_00010","2024","Disease resistant Grapevine","43.590914867047","3.4946904044838"
"OSCAR","34_2019_00011","2024","Disease resistant Grapevine","43.590917076952","3.494803653578"
"OSCAR","34_2019_00012","2024","Disease resistant Grapevine","43.590916230808","3.494970496103"
"OSCAR","34_2019_00013","2024","Disease resistant Grapevine","43.590918969679","3.494998213619"
"OSCAR","34_2020_00001","2024","Disease resistant Grapevine","43.318934265973","3.0701465046725"
"OSCAR","34_2020_00002","2024","Disease resistant Grapevine","43.493981638705","3.5037841587814"
"OSCAR","34_2020_00003","2024","Disease resistant Grapevine","43.592629938713","3.4918670730083"
"OSCAR","34_2021_00001","2024","Disease resistant Grapevine","43.593217547326","3.4910276428018"
"OSCAR","34_2022_00004","2024","Disease resistant Grapevine","43.49394609901","3.1780725496581"
"OSCAR","34_2022_00005","2024","Disease resistant Grapevine","43.507308258803","3.2100212669293"
"OSCAR","34_2022_00006","2024","Disease resistant Grapevine","43.559621823134","3.212146037421"
"OSCAR","34_2023_00001","2024","Disease resistant Grapevine","43.548766785308","3.1478161721491"
"OSCAR","34_2023_00002","2024","Disease resistant Grapevine","43.522767237906","3.1797242518433"
"OSCAR","34_2023_00003","2024","Disease resistant Grapevine","43.556620009583","3.1705096021926"
"OSCAR","34_2023_00004","2024","Disease resistant Grapevine","43.312669071552","3.0970339181231"
"OSCAR","34_2024_00001","2024","Disease resistant Grapevine","43.255667864661","3.1747968900401"
"OSCAR","34_2024_00002","2024","Disease resistant Grapevine","43.312770540573","3.0968565935277"
"OSCAR","34_2024_00003","2024","Disease resistant Grapevine","43.511402080437","3.4309376762382"
"OSCAR","44_2022_00002","2024","Disease resistant Grapevine","47.222009099081","-1.3162742183894"
"OSCAR","44_2023_00001","2024","Disease resistant Grapevine","47.161388823644","-1.2936740217094"
"OSCAR","44_2023_00002","2024","Disease resistant Grapevine","47.127523294977","-1.3725549292236"
"OSCAR","47_2018_00002","2024","Disease resistant Grapevine","44.462994773299","0.068017610867855"
"OSCAR","47_2019_00001","2024","Disease resistant Grapevine","44.248934689644","0.31510291485318"
"OSCAR","47_2019_00002","2024","Disease resistant Grapevine","44.249475643406","0.31520275533805"
"OSCAR","47_2019_00003","2024","Disease resistant Grapevine","44.681513609513","0.19991912918355"
"OSCAR","49_2019_00001","2024","Disease resistant Grapevine","47.257527087318","-1.1896791706429"
"OSCAR","49_2021_00001","2024","Disease resistant Grapevine","47.204005178596","-1.1524389166066"
"OSCAR","49_2022_00001","2024","Disease resistant Grapevine","47.339333172845","-1.1728744755799"
"OSCAR","49_2022_00002","2024","Disease resistant Grapevine","47.204385772395","-1.1527865750816"
"OSCAR","66_2023_00001","2024","Disease resistant Grapevine","42.688815527841","2.9808464571941"
"OSCAR","66_2023_00002","2024","Disease resistant Grapevine","42.806622552","2.8412200832036"
"OSCAR","82_2019_00001","2024","Disease resistant Grapevine","43.88541315991","1.4286717503051"
"OSCAR","84_2019_00001","2024","","43.68990423391","5.575991687557"
"OSCAR","84_2021_00001","2024","","43.706393404912","5.540643432614"
"SEBIOPAG_Plaine de Dijon","D01","2014","Winter wheat","47.4578056","5.08669444444444"
"SEBIOPAG_Plaine de Dijon","D01","2015","Spring Barley","47.4578056","5.08669444444444"
"SEBIOPAG_Plaine de Dijon","D01","2016","Spelt","47.4578056","5.08669444444444"
"SEBIOPAG_Plaine de Dijon","D01","2017","Alfalfa","47.4578056","5.08669444444444"
"SEBIOPAG_Plaine de Dijon","D01","2018","Alfalfa","47.4578056","5.08669444444444"
"SEBIOPAG_Plaine de Dijon","D01","2019","Winter wheat","47.4578056","5.08669444444444"
"SEBIOPAG_Plaine de Dijon","D01","2020","Winter Barley","47.4578056","5.08669444444444"
"SEBIOPAG_Plaine de Dijon","D01","2021","Triticale/pea","47.4578056","5.08669444444444"
"SEBIOPAG_Plaine de Dijon","D01","2022","Spelt","47.4578056","5.08669444444444"
"SEBIOPAG_Plaine de Dijon","D01","2023","Alfalfa /Trifolium","47.4578056","5.08669444444444"
"SEBIOPAG_Plaine de Dijon","D01","2024","Alfalfa / Trifolium","47.4578056","5.08669444444444"
"SEBIOPAG_Plaine de Dijon","D02","2014","Winter wheat","47.3618611","5.12683333333333"
"SEBIOPAG_Plaine de Dijon","D02","2015","Spring pea","47.3618611","5.12683333333333"
"SEBIOPAG_Plaine de Dijon","D02","2016","Winter wheat","47.3618611","5.12683333333333"
"SEBIOPAG_Plaine de Dijon","D02","2017","Sunflower","47.3618611","5.12683333333333"
"SEBIOPAG_Plaine de Dijon","D02","2018","Alfalfa","47.3618611","5.12683333333333"
"SEBIOPAG_Plaine de Dijon","D02","2019","Alfalfa","47.3618611","5.12683333333333"
"SEBIOPAG_Plaine de Dijon","D02","2020","Alfalfa","47.3618611","5.12683333333333"
"SEBIOPAG_Plaine de Dijon","D02","2021","Spring oat","47.3618611","5.12683333333333"
"SEBIOPAG_Plaine de Dijon","D02","2022","Winter wheat","47.3618611","5.12683333333333"
"SEBIOPAG_Plaine de Dijon","D02","2023","Faba bean","47.3618611","5.12683333333333"
"SEBIOPAG_Plaine de Dijon","D02","2024","Winter wheat","47.3618611","5.12683333333333"
"SEBIOPAG_Plaine de Dijon","D03","2014","Winter wheat","47.14875","5.03094444444444"
"SEBIOPAG_Plaine de Dijon","D03","2015","Spring Oat","47.14875","5.03094444444444"
"SEBIOPAG_Plaine de Dijon","D03","2016","Alfalfa","47.14875","5.03094444444444"
"SEBIOPAG_Plaine de Dijon","D03","2017","Alfalfa","47.14875","5.03094444444444"
"SEBIOPAG_Plaine de Dijon","D03","2018","Alfalfa","47.14875","5.03094444444444"
"SEBIOPAG_Plaine de Dijon","D03","2019","Maize","47.14875","5.03094444444444"
"SEBIOPAG_Plaine de Dijon","D03","2020","Winter wheat","47.14875","5.03094444444444"
"SEBIOPAG_Plaine de Dijon","D03","2021","Rye","47.14875","5.03094444444444"
"SEBIOPAG_Plaine de Dijon","D03","2022","Soja bean","47.14875","5.03094444444444"
"SEBIOPAG_Plaine de Dijon","D03","2023","Spelt","47.14875","5.03094444444444"
"SEBIOPAG_Plaine de Dijon","D03","2024","Winter wheat","47.14875","5.03094444444444"
"SEBIOPAG_Plaine de Dijon","D04","2014","Winter wheat","47.2003611","5.35486111111111"
"SEBIOPAG_Plaine de Dijon","D04","2015","Soja bean","47.2003611","5.35486111111111"
"SEBIOPAG_Plaine de Dijon","D04","2016","Winter wheat","47.2003611","5.35486111111111"
"SEBIOPAG_Plaine de Dijon","D04","2017","Winter wheat","47.2003611","5.35486111111111"
"SEBIOPAG_Plaine de Dijon","D04","2018","Soja bean","47.2003611","5.35486111111111"
"SEBIOPAG_Plaine de Dijon","D04","2019","Soja bean","47.2003611","5.35486111111111"
"SEBIOPAG_Plaine de Dijon","D04","2020","Soja bean","47.2003611","5.35486111111111"
"SEBIOPAG_Plaine de Dijon","D04","2021","Winter wheat","47.2003611","5.35486111111111"
"SEBIOPAG_Plaine de Dijon","D04","2022","Soja bean","47.2003611","5.35486111111111"
"SEBIOPAG_Plaine de Dijon","D04","2023","Winter wheat","47.2003611","5.35486111111111"
"SEBIOPAG_Plaine de Dijon","D04","2024","Soja bean","47.2003611","5.35486111111111"
"SEBIOPAG_Plaine de Dijon","D05","2014","Winter wheat","47.1376944","5.19633333333333"
"SEBIOPAG_Plaine de Dijon","D05","2015","Spring Barley","47.1376944","5.19633333333333"
"SEBIOPAG_Plaine de Dijon","D05","2016","Oilseed rape","47.1376944","5.19633333333333"
"SEBIOPAG_Plaine de Dijon","D05","2017","Winter wheat","47.1376944","5.19633333333333"
"SEBIOPAG_Plaine de Dijon","D05","2018","Winter wheat","47.1376944","5.19633333333333"
"SEBIOPAG_Plaine de Dijon","D05","2019","Soja bean","47.1376944","5.19633333333333"
"SEBIOPAG_Plaine de Dijon","D05","2020","Winter wheat","47.1376944","5.19633333333333"
"SEBIOPAG_Plaine de Dijon","D05","2021","N/A","47.1376944","5.19633333333333"
"SEBIOPAG_Plaine de Dijon","D05","2022","","47.1376944","5.19633333333333"
"SEBIOPAG_Plaine de Dijon","D05","2023","","47.1376944","5.19633333333333"
"SEBIOPAG_Plaine de Dijon","D05","2024","","47.1376944","5.19633333333333"
"SEBIOPAG_Plaine de Dijon","D06","2014","Winter Barley","47.1429722","5.11680555555555"
"SEBIOPAG_Plaine de Dijon","D06","2015","Oilseed rape","47.1429722","5.11680555555555"
"SEBIOPAG_Plaine de Dijon","D06","2016","Winter wheat","47.1429722","5.11680555555555"
"SEBIOPAG_Plaine de Dijon","D06","2017","Spring Barley","47.1429722","5.11680555555555"
"SEBIOPAG_Plaine de Dijon","D06","2018","Mixture Poaceae","47.1429722","5.11680555555555"
"SEBIOPAG_Plaine de Dijon","D06","2019","Mixture Poaceae","47.1429722","5.11680555555555"
"SEBIOPAG_Plaine de Dijon","D06","2020","Mixture Poaceae","47.1429722","5.11680555555555"
"SEBIOPAG_Plaine de Dijon","D06","2021","Mixture Poaceae","47.1429722","5.11680555555555"
"SEBIOPAG_Plaine de Dijon","D06","2022","Mixture Poaceae","47.1429722","5.11680555555555"
"SEBIOPAG_Plaine de Dijon","D06","2023","Sunflower","47.1429722","5.11680555555555"
"SEBIOPAG_Plaine de Dijon","D06","2024","Winter wheat","47.1429722","5.11680555555555"
"SEBIOPAG_Plaine de Dijon","D07","2014","Winter wheat","47.2011111","5.03152777777778"
"SEBIOPAG_Plaine de Dijon","D07","2015","Oilseed rape","47.2011111","5.03152777777778"
"SEBIOPAG_Plaine de Dijon","D07","2016","Winter Barley","47.2011111","5.03152777777778"
"SEBIOPAG_Plaine de Dijon","D07","2017","Winter wheat","47.2011111","5.03152777777778"
"SEBIOPAG_Plaine de Dijon","D07","2018","Soja bean","47.2011111","5.03152777777778"
"SEBIOPAG_Plaine de Dijon","D07","2019","Winter wheat","47.2011111","5.03152777777778"
"SEBIOPAG_Plaine de Dijon","D07","2020","Flax","47.2011111","5.03152777777778"
"SEBIOPAG_Plaine de Dijon","D07","2021","Winter wheat","47.2011111","5.03152777777778"
"SEBIOPAG_Plaine de Dijon","D07","2022","Soja bean","47.2011111","5.03152777777778"
"SEBIOPAG_Plaine de Dijon","D07","2023","Winter wheat","47.2011111","5.03152777777778"
"SEBIOPAG_Plaine de Dijon","D07","2024","Soja bean","47.2011111","5.03152777777778"
"SEBIOPAG_Plaine de Dijon","D08","2014","Winter wheat","47.3796667","5.16116666666667"
"SEBIOPAG_Plaine de Dijon","D08","2015","Winter Barley","47.3796667","5.16116666666667"
"SEBIOPAG_Plaine de Dijon","D08","2016","Oilseed rape","47.3796667","5.16116666666667"
"SEBIOPAG_Plaine de Dijon","D08","2017","Winter wheat","47.3796667","5.16116666666667"
"SEBIOPAG_Plaine de Dijon","D08","2018","Winter wheat","47.3796667","5.16116666666667"
"SEBIOPAG_Plaine de Dijon","D08","2019","Trifolium","47.3796667","5.16116666666667"
"SEBIOPAG_Plaine de Dijon","D08","2020","Trifolium","47.3796667","5.16116666666667"
"SEBIOPAG_Plaine de Dijon","D08","2021","Trifolium","47.3796667","5.16116666666667"
"SEBIOPAG_Plaine de Dijon","D08","2022","Winter wheat","47.3796667","5.16116666666667"
"SEBIOPAG_Plaine de Dijon","D08","2023","Spring triticale","47.3796667","5.16116666666667"
"SEBIOPAG_Plaine de Dijon","D08","2024","Maize","47.3796667","5.16116666666667"
"SEBIOPAG_Plaine de Dijon","D09","2014","Winter wheat","47.1868333","5.31702777777778"
"SEBIOPAG_Plaine de Dijon","D09","2015","Soja bean","47.1868333","5.31702777777778"
"SEBIOPAG_Plaine de Dijon","D09","2016","Mustard","47.1868333","5.31702777777778"
"SEBIOPAG_Plaine de Dijon","D09","2017","Winter wheat","47.1868333","5.31702777777778"
"SEBIOPAG_Plaine de Dijon","D09","2018","Winter Barley","47.1868333","5.31702777777778"
"SEBIOPAG_Plaine de Dijon","D09","2019","Winter wheat","47.1868333","5.31702777777778"
"SEBIOPAG_Plaine de Dijon","D09","2020","Mustard","47.1868333","5.31702777777778"
"SEBIOPAG_Plaine de Dijon","D09","2021","Winter wheat","47.1868333","5.31702777777778"
"SEBIOPAG_Plaine de Dijon","D09","2022","Winter Barley","47.1868333","5.31702777777778"
"SEBIOPAG_Plaine de Dijon","D09","2023","Mustard","47.1868333","5.31702777777778"
"SEBIOPAG_Plaine de Dijon","D09","2024","Winter wheat","47.1868333","5.31702777777778"
"SEBIOPAG_Plaine de Dijon","D10","2014","Winter wheat","47.2189444","5.07069444444444"
"SEBIOPAG_Plaine de Dijon","D10","2015","Winter Barley","47.2189444","5.07069444444444"
"SEBIOPAG_Plaine de Dijon","D10","2016","Maize","47.2189444","5.07069444444444"
"SEBIOPAG_Plaine de Dijon","D10","2017","Winter wheat","47.2189444","5.07069444444444"
"SEBIOPAG_Plaine de Dijon","D10","2018","Winter Barley","47.2189444","5.07069444444444"
"SEBIOPAG_Plaine de Dijon","D10","2019","Mustard","47.2189444","5.07069444444444"
"SEBIOPAG_Plaine de Dijon","D10","2020","Winter Barley","47.2189444","5.07069444444444"
"SEBIOPAG_Plaine de Dijon","D10","2021","Maize","47.2189444","5.07069444444444"
"SEBIOPAG_Plaine de Dijon","D10","2022","Winter wheat","47.2189444","5.07069444444444"
"SEBIOPAG_Plaine de Dijon","D10","2023","Winter Barley","47.2189444","5.07069444444444"
"SEBIOPAG_Plaine de Dijon","D10","2024","Mustard","47.2189444","5.07069444444444"
"SEBIOPAG_Plaine de Dijon","D11","2014","Oilseed rape","47.1585","5.29391666666667"
"SEBIOPAG_Plaine de Dijon","D11","2015","Winter wheat","47.1585","5.29391666666667"
"SEBIOPAG_Plaine de Dijon","D11","2016","Soja bean","47.1585","5.29391666666667"
"SEBIOPAG_Plaine de Dijon","D11","2017","Winter wheat","47.1585","5.29391666666667"
"SEBIOPAG_Plaine de Dijon","D11","2018","Mustard","47.1585","5.29391666666667"
"SEBIOPAG_Plaine de Dijon","D11","2019","Winter wheat","47.1585","5.29391666666667"
"SEBIOPAG_Plaine de Dijon","D11","2020","Oilseed rape","47.1585","5.29391666666667"
"SEBIOPAG_Plaine de Dijon","D11","2021","Winter wheat","47.1585","5.29391666666667"
"SEBIOPAG_Plaine de Dijon","D11","2022","Winter Barley","47.1585","5.29391666666667"
"SEBIOPAG_Plaine de Dijon","D11","2023","Mustard","47.1585","5.29391666666667"
"SEBIOPAG_Plaine de Dijon","D11","2024","Winter Barley","47.1585","5.29391666666667"
"SEBIOPAG_Plaine de Dijon","D12","2014","Oilseed rape","47.1723333","5.32338888888889"
"SEBIOPAG_Plaine de Dijon","D12","2015","Winter wheat","47.1723333","5.32338888888889"
"SEBIOPAG_Plaine de Dijon","D12","2016","Faba bean","47.1723333","5.32338888888889"
"SEBIOPAG_Plaine de Dijon","D12","2017","Mustard","47.1723333","5.32338888888889"
"SEBIOPAG_Plaine de Dijon","D12","2018","Winter wheat","47.1723333","5.32338888888889"
"SEBIOPAG_Plaine de Dijon","D12","2019","Mustard","47.1723333","5.32338888888889"
"SEBIOPAG_Plaine de Dijon","D12","2020","Winter Barley","47.1723333","5.32338888888889"
"SEBIOPAG_Plaine de Dijon","D12","2021","Winter wheat","47.1723333","5.32338888888889"
"SEBIOPAG_Plaine de Dijon","D12","2022","Mustard","47.1723333","5.32338888888889"
"SEBIOPAG_Plaine de Dijon","D12","2023","Winter wheat","47.1723333","5.32338888888889"
"SEBIOPAG_Plaine de Dijon","D12","2024","Maize","47.1723333","5.32338888888889"
"SEBIOPAG_Plaine de Dijon","D13","2014","Oilseed rape","47.1536111","5.25213888888889"
"SEBIOPAG_Plaine de Dijon","D13","2015","Winter wheat","47.1536111","5.25213888888889"
"SEBIOPAG_Plaine de Dijon","D13","2016","Sunflower","47.1536111","5.25213888888889"
"SEBIOPAG_Plaine de Dijon","D13","2017","Winter wheat","47.1536111","5.25213888888889"
"SEBIOPAG_Plaine de Dijon","D13","2018","Soja bean","47.1536111","5.25213888888889"
"SEBIOPAG_Plaine de Dijon","D13","2019","Winter wheat","47.1536111","5.25213888888889"
"SEBIOPAG_Plaine de Dijon","D13","2020","Oilseed rape","47.1536111","5.25213888888889"
"SEBIOPAG_Plaine de Dijon","D13","2021","Winter wheat","47.1536111","5.25213888888889"
"SEBIOPAG_Plaine de Dijon","D13","2022","Winter Barley","47.1536111","5.25213888888889"
"SEBIOPAG_Plaine de Dijon","D13","2023","Oilseed rape","47.1536111","5.25213888888889"
"SEBIOPAG_Plaine de Dijon","D13","2024","Winter Barley","47.1536111","5.25213888888889"
"SEBIOPAG_Plaine de Dijon","D14","2014","Oilseed rape","47.1467222","5.22577777777778"
"SEBIOPAG_Plaine de Dijon","D14","2015","Winter wheat","47.1467222","5.22577777777778"
"SEBIOPAG_Plaine de Dijon","D14","2016","Flax","47.1467222","5.22577777777778"
"SEBIOPAG_Plaine de Dijon","D14","2017","Winter wheat","47.1467222","5.22577777777778"
"SEBIOPAG_Plaine de Dijon","D14","2018","Winter Barley","47.1467222","5.22577777777778"
"SEBIOPAG_Plaine de Dijon","D14","2019","Oilseed rape","47.1467222","5.22577777777778"
"SEBIOPAG_Plaine de Dijon","D14","2020","Winter wheat","47.1467222","5.22577777777778"
"SEBIOPAG_Plaine de Dijon","D14","2021","Winter wheat","47.1467222","5.22577777777778"
"SEBIOPAG_Plaine de Dijon","D14","2022","Winter Barley","47.1467222","5.22577777777778"
"SEBIOPAG_Plaine de Dijon","D14","2023","Oilseed rape","47.1467222","5.22577777777778"
"SEBIOPAG_Plaine de Dijon","D14","2024","Winter wheat","47.1467222","5.22577777777778"
"SEBIOPAG_Plaine de Dijon","D15","2014","Oilseed rape","47.2325833","5.03833333333333"
"SEBIOPAG_Plaine de Dijon","D15","2015","Winter wheat","47.2325833","5.03833333333333"
"SEBIOPAG_Plaine de Dijon","D15","2016","Maize","47.2325833","5.03833333333333"
"SEBIOPAG_Plaine de Dijon","D15","2017","Soja bean","47.2325833","5.03833333333333"
"SEBIOPAG_Plaine de Dijon","D15","2018","Winter wheat","47.2325833","5.03833333333333"
"SEBIOPAG_Plaine de Dijon","D15","2019","Oilseed rape","47.2325833","5.03833333333333"
"SEBIOPAG_Plaine de Dijon","D15","2020","Winter wheat","47.2325833","5.03833333333333"
"SEBIOPAG_Plaine de Dijon","D15","2021","Mustard","47.2325833","5.03833333333333"
"SEBIOPAG_Plaine de Dijon","D15","2022","Winter wheat","47.2325833","5.03833333333333"
"SEBIOPAG_Plaine de Dijon","D15","2023","Winter Barley","47.2325833","5.03833333333333"
"SEBIOPAG_Plaine de Dijon","D15","2024","Mustard","47.2325833","5.03833333333333"
"SEBIOPAG_Plaine de Dijon","D16","2014","Mustard","47.1987778","5.05136111111111"
"SEBIOPAG_Plaine de Dijon","D16","2015","Winter wheat","47.1987778","5.05136111111111"
"SEBIOPAG_Plaine de Dijon","D16","2016","Soja bean","47.1987778","5.05136111111111"
"SEBIOPAG_Plaine de Dijon","D16","2017","Winter wheat","47.1987778","5.05136111111111"
"SEBIOPAG_Plaine de Dijon","D16","2018","Winter Barley","47.1987778","5.05136111111111"
"SEBIOPAG_Plaine de Dijon","D16","2019","Mustard","47.1987778","5.05136111111111"
"SEBIOPAG_Plaine de Dijon","D16","2020","Winter wheat","47.1987778","5.05136111111111"
"SEBIOPAG_Plaine de Dijon","D16","2021","Sunflower","47.1987778","5.05136111111111"
"SEBIOPAG_Plaine de Dijon","D16","2022","Winter wheat","47.1987778","5.05136111111111"
"SEBIOPAG_Plaine de Dijon","D16","2023","Winter Barley","47.1987778","5.05136111111111"
"SEBIOPAG_Plaine de Dijon","D16","2024","Mustard","47.1987778","5.05136111111111"
"SEBIOPAG_Plaine de Dijon","D17","2014","Oilseed rape","47.0846111","5.13677777777778"
"SEBIOPAG_Plaine de Dijon","D17","2015","Winter wheat","47.0846111","5.13677777777778"
"SEBIOPAG_Plaine de Dijon","D17","2016","Soja bean","47.0846111","5.13677777777778"
"SEBIOPAG_Plaine de Dijon","D17","2017","Winter wheat","47.0846111","5.13677777777778"
"SEBIOPAG_Plaine de Dijon","D17","2018","Winter Barley","47.0846111","5.13677777777778"
"SEBIOPAG_Plaine de Dijon","D17","2019","Oilseed rape","47.0846111","5.13677777777778"
"SEBIOPAG_Plaine de Dijon","D17","2020","Winter wheat","47.0846111","5.13677777777778"
"SEBIOPAG_Plaine de Dijon","D17","2021","Winter Barley","47.0846111","5.13677777777778"
"SEBIOPAG_Plaine de Dijon","D17","2022","Ray grass","47.0846111","5.13677777777778"
"SEBIOPAG_Plaine de Dijon","D17","2023","Soja bean","47.0846111","5.13677777777778"
"SEBIOPAG_Plaine de Dijon","D17","2024","Winter wheat","47.0846111","5.13677777777778"
"SEBIOPAG_Plaine de Dijon","D18","2014","Oilseed rape","47.1165278","5.21641666666667"
"SEBIOPAG_Plaine de Dijon","D18","2015","Winter wheat","47.1165278","5.21641666666667"
"SEBIOPAG_Plaine de Dijon","D18","2016","Spring pea","47.1165278","5.21641666666667"
"SEBIOPAG_Plaine de Dijon","D18","2017","Winter wheat","47.1165278","5.21641666666667"
"SEBIOPAG_Plaine de Dijon","D18","2018","Oilseed rape","47.1165278","5.21641666666667"
"SEBIOPAG_Plaine de Dijon","D18","2019","Winter wheat","47.1165278","5.21641666666667"
"SEBIOPAG_Plaine de Dijon","D18","2020","Winter wheat","47.1165278","5.21641666666667"
"SEBIOPAG_Plaine de Dijon","D18","2021","Sorgho","47.1165278","5.21641666666667"
"SEBIOPAG_Plaine de Dijon","D18","2022","Winter wheat","47.1165278","5.21641666666667"
"SEBIOPAG_Plaine de Dijon","D18","2023","Winter wheat","47.1165278","5.21641666666667"
"SEBIOPAG_Plaine de Dijon","D18","2024","Spring Barley","47.1165278","5.21641666666667"
"SEBIOPAG_Plaine de Dijon","D19","2014","Oilseed rape","47.1433333","5.06347222222222"
"SEBIOPAG_Plaine de Dijon","D19","2015","Winter wheat","47.1433333","5.06347222222222"
"SEBIOPAG_Plaine de Dijon","D19","2016","Flax","47.1433333","5.06347222222222"
"SEBIOPAG_Plaine de Dijon","D19","2017","Triticale","47.1433333","5.06347222222222"
"SEBIOPAG_Plaine de Dijon","D19","2018","Sunflower","47.1433333","5.06347222222222"
"SEBIOPAG_Plaine de Dijon","D19","2019","Soja bean","47.1433333","5.06347222222222"
"SEBIOPAG_Plaine de Dijon","D19","2020","Rye","47.1433333","5.06347222222222"
"SEBIOPAG_Plaine de Dijon","D19","2021","Spelt","47.1433333","5.06347222222222"
"SEBIOPAG_Plaine de Dijon","D19","2022","Alfalfa","47.1433333","5.06347222222222"
"SEBIOPAG_Plaine de Dijon","D19","2023","Alfalfa","47.1433333","5.06347222222222"
"SEBIOPAG_Plaine de Dijon","D19","2024","Alfalfa","47.1433333","5.06347222222222"
"SEBIOPAG_Plaine de Dijon","D20","2014","Oilseed rape","47.2286111","5.07747222222222"
"SEBIOPAG_Plaine de Dijon","D20","2015","Winter wheat","47.2286111","5.07747222222222"
"SEBIOPAG_Plaine de Dijon","D20","2016","Spring Barley","47.2286111","5.07747222222222"
"SEBIOPAG_Plaine de Dijon","D20","2017","Oilseed rape","47.2286111","5.07747222222222"
"SEBIOPAG_Plaine de Dijon","D20","2018","Winter wheat","47.2286111","5.07747222222222"
"SEBIOPAG_Plaine de Dijon","D20","2019","Soja bean","47.2286111","5.07747222222222"
"SEBIOPAG_Plaine de Dijon","D20","2020","Winter wheat","47.2286111","5.07747222222222"
"SEBIOPAG_Plaine de Dijon","D20","2021","Oilseed rape","47.2286111","5.07747222222222"
"SEBIOPAG_Plaine de Dijon","D20","2022","Winter wheat","47.2286111","5.07747222222222"
"SEBIOPAG_Plaine de Dijon","D20","2023","Spring Barley","47.2286111","5.07747222222222"
"SEBIOPAG_Plaine de Dijon","D20","2024","Sunflower","47.2286111","5.07747222222222"
"BACCHUS_OPERA","01B15","2018","Vitis vinifera","44.6620527","-0.1267813"
"BACCHUS_OPERA","01C15","2018","Vitis vinifera","44.6637395","-0.1267108"
"BACCHUS_OPERA","02B18","2018","Vitis vinifera","44.6514487","-0.132491"
"BACCHUS_OPERA","02C15","2018","Vitis vinifera","44.651139","-0.1310223"
"BACCHUS_OPERA","03B15","2018","Vitis vinifera","44.6449743","-0.1551762"
"BACCHUS_OPERA","03C18","2018","Vitis vinifera","44.6435814","-0.1597803"
"BACCHUS_OPERA","04B15","2018","Vitis vinifera","44.6466038","-0.1384438"
"BACCHUS_OPERA","04C18","2018","Vitis vinifera","44.6460866","-0.1373043"
"BACCHUS_OPERA","05B18","2018","Vitis vinifera","44.6600986","-0.1435888"
"BACCHUS_OPERA","05C18","2018","Vitis vinifera","44.6595252","-0.1456902"
"BACCHUS_OPERA","06B18","2018","Vitis vinifera","44.7444028","-0.2043474"
"BACCHUS_OPERA","06C18","2018","Vitis vinifera","44.7446926","-0.2049202"
"BACCHUS_OPERA","07B15","2018","Vitis vinifera","44.8236082","-0.21702"
"BACCHUS_OPERA","07C15","2018","Vitis vinifera","44.8214482","-0.215377"
"BACCHUS_OPERA","08B15","2018","Vitis vinifera","44.905247","0.0106495"
"BACCHUS_OPERA","08C15","2018","Vitis vinifera","44.9041592","0.0110752"
"BACCHUS_OPERA","09B18","2018","Vitis vinifera","44.9115617","-0.0080851"
"BACCHUS_OPERA","09C18","2018","Vitis vinifera","44.9144892","-0.0097765"
"BACCHUS_OPERA","10B18","2018","Vitis vinifera","44.925948","-0.0038599"
"BACCHUS_OPERA","10C15","2018","Vitis vinifera","44.9231611","-0.0066275"
"BACCHUS_OPERA","11B15","2018","Vitis vinifera","44.9360944","-0.0121416"
"BACCHUS_OPERA","11C15","2018","Vitis vinifera","44.9359328","-0.013782"
"BACCHUS_OPERA","12B15","2018","Vitis vinifera","44.9450633","-0.0262624"
"BACCHUS_OPERA","12C15","2018","Vitis vinifera","44.9457754","-0.0255904"
"BACCHUS_OPERA","13B15","2018","Vitis vinifera","44.9379841","-0.0400249"
"BACCHUS_OPERA","13C15","2018","Vitis vinifera","44.9385914","-0.0389034"
"BACCHUS_OPERA","14B15","2018","Vitis vinifera","44.8733522","-0.0633616"
"BACCHUS_OPERA","14C15","2018","Vitis vinifera","44.875212","-0.0622466"
"BACCHUS_OPERA","15B18","2018","Vitis vinifera","44.8634266","-0.0609448"
"BACCHUS_OPERA","15C18","2018","Vitis vinifera","44.8635561","-0.0604958"
"BACCHUS_OPERA","16B15","2018","Vitis vinifera","44.8754504","-0.0945857"
"BACCHUS_OPERA","16C18","2018","Vitis vinifera","44.8754351","-0.0941667"
"BACCHUS_OPERA","17B15","2018","Vitis vinifera","44.8957746","-0.1688144"
"BACCHUS_OPERA","17C15","2018","Vitis vinifera","44.8957642","-0.1682306"
"BACCHUS_OPERA","18B15","2018","Vitis vinifera","44.9452545","-0.1171418"
"BACCHUS_OPERA","18C15","2018","Vitis vinifera","44.9451263","-0.1188222"
"BACCHUS_OPERA","20B15","2018","Vitis vinifera","44.96013","-0.1760711"
"BACCHUS_OPERA","20C15","2018","Vitis vinifera","44.9592737","-0.1748168"
"BACCHUS_OPERA","21B15","2018","Vitis vinifera","44.9620026","-0.2237098"
"BACCHUS_OPERA","21C18","2018","Vitis vinifera","44.9629599","-0.2217721"
"BACCHUS_OPERA","01B15","2019","Vitis vinifera","44.6620527","-0.1267813"
"BACCHUS_OPERA","01C15","2019","Vitis vinifera","44.6637395","-0.1267108"
"BACCHUS_OPERA","02B18","2019","Vitis vinifera","44.6514487","-0.132491"
"BACCHUS_OPERA","02C15","2019","Vitis vinifera","44.651139","-0.1310223"
"BACCHUS_OPERA","03B15","2019","Vitis vinifera","44.6449743","-0.1551762"
"BACCHUS_OPERA","03C18","2019","Vitis vinifera","44.6435814","-0.1597803"
"BACCHUS_OPERA","04B15","2019","Vitis vinifera","44.6466038","-0.1384438"
"BACCHUS_OPERA","04C18","2019","Vitis vinifera","44.6460866","-0.1373043"
"BACCHUS_OPERA","05B18","2019","Vitis vinifera","44.6600986","-0.1435888"
"BACCHUS_OPERA","05C18","2019","Vitis vinifera","44.6595252","-0.1456902"
"BACCHUS_OPERA","06B18","2019","Vitis vinifera","44.7444028","-0.2043474"
"BACCHUS_OPERA","06C18","2019","Vitis vinifera","44.7446926","-0.2049202"
"BACCHUS_OPERA","07B15","2019","Vitis vinifera","44.8236082","-0.21702"
"BACCHUS_OPERA","07C19","2019","Vitis vinifera","44.823726","-0.2154441"
"BACCHUS_OPERA","08B15","2019","Vitis vinifera","44.905247","0.0106495"
"BACCHUS_OPERA","08C15","2019","Vitis vinifera","44.9041592","0.0110752"
"BACCHUS_OPERA","09B18","2019","Vitis vinifera","44.9115617","-0.0080851"
"BACCHUS_OPERA","09C18","2019","Vitis vinifera","44.9144892","-0.0097765"
"BACCHUS_OPERA","10B18","2019","Vitis vinifera","44.925948","-0.0038599"
"BACCHUS_OPERA","10C15","2019","Vitis vinifera","44.9231611","-0.0066275"
"BACCHUS_OPERA","11B15","2019","Vitis vinifera","44.9360944","-0.0121416"
"BACCHUS_OPERA","11C15","2019","Vitis vinifera","44.9359328","-0.013782"
"BACCHUS_OPERA","12B15","2019","Vitis vinifera","44.9450633","-0.0262624"
"BACCHUS_OPERA","12C15","2019","Vitis vinifera","44.9457754","-0.0255904"
"BACCHUS_OPERA","13B15","2019","Vitis vinifera","44.9379841","-0.0400249"
"BACCHUS_OPERA","13C15","2019","Vitis vinifera","44.9385914","-0.0389034"
"BACCHUS_OPERA","14B15","2019","Vitis vinifera","44.8733522","-0.0633616"
"BACCHUS_OPERA","14C15","2019","Vitis vinifera","44.875212","-0.0622466"
"BACCHUS_OPERA","16B15","2019","Vitis vinifera","44.8754504","-0.0945857"
"BACCHUS_OPERA","16C19","2019","Vitis vinifera","44.8769865","-0.0950759"
"BACCHUS_OPERA","17B15","2019","Vitis vinifera","44.8957746","-0.1688144"
"BACCHUS_OPERA","17C15","2019","Vitis vinifera","44.8957642","-0.1682306"
"BACCHUS_OPERA","18B15","2019","Vitis vinifera","44.9452545","-0.1171418"
"BACCHUS_OPERA","18C15","2019","Vitis vinifera","44.9451263","-0.1188222"
"BACCHUS_OPERA","20B15","2019","Vitis vinifera","44.96013","-0.1760711"
"BACCHUS_OPERA","20C15","2019","Vitis vinifera","44.9592737","-0.1748168"
"BACCHUS_OPERA","21B15","2019","Vitis vinifera","44.9620026","-0.2237098"
"BACCHUS_OPERA","21C18","2019","Vitis vinifera","44.9629599","-0.2217721"
"BACCHUS_OPERA","01B15","2020","Vitis vinifera","44.6620527","-0.1267813"
"BACCHUS_OPERA","01C15","2020","Vitis vinifera","44.6637395","-0.1267108"
"BACCHUS_OPERA","02B15","2020","Vitis vinifera","44.6514487","-0.132491"
"BACCHUS_OPERA","02C15","2020","Vitis vinifera","44.651139","-0.1310223"
"BACCHUS_OPERA","03B15","2020","Vitis vinifera","44.6449743","-0.1551762"
"BACCHUS_OPERA","03C18","2020","Vitis vinifera","44.6435814","-0.1597803"
"BACCHUS_OPERA","04B15","2020","Vitis vinifera","44.6466038","-0.1384438"
"BACCHUS_OPERA","04C20","2020","Vitis vinifera","44.6458985","-0.1359939"
"BACCHUS_OPERA","05B18","2020","Vitis vinifera","44.6600986","-0.1435888"
"BACCHUS_OPERA","05C18","2020","Vitis vinifera","44.6595252","-0.1456902"
"BACCHUS_OPERA","05D20","2020","Vitis vinifera","44.6611314","-0.1418033"
"BACCHUS_OPERA","06B18","2020","Vitis vinifera","44.7444028","-0.2043474"
"BACCHUS_OPERA","06C18","2020","Vitis vinifera","44.7446926","-0.2049202"
"BACCHUS_OPERA","07B15","2020","Vitis vinifera","44.8236082","-0.21702"
"BACCHUS_OPERA","07C19","2020","Vitis vinifera","44.823726","-0.2154441"
"BACCHUS_OPERA","08B15","2020","Vitis vinifera","44.905247","0.0106495"
"BACCHUS_OPERA","08C15","2020","Vitis vinifera","44.9041592","0.0110752"
"BACCHUS_OPERA","09B18","2020","Vitis vinifera","44.9115617","-0.0080851"
"BACCHUS_OPERA","09C18","2020","Vitis vinifera","44.9144892","-0.0097765"
"BACCHUS_OPERA","10B18","2020","Vitis vinifera","44.925948","-0.0038599"
"BACCHUS_OPERA","10C15","2020","Vitis vinifera","44.9231611","-0.0066275"
"BACCHUS_OPERA","11B15","2020","Vitis vinifera","44.9360944","-0.0121416"
"BACCHUS_OPERA","11C15","2020","Vitis vinifera","44.9359328","-0.013782"
"BACCHUS_OPERA","12B15","2020","Vitis vinifera","44.9450633","-0.0262624"
"BACCHUS_OPERA","12C15","2020","Vitis vinifera","44.9457754","-0.0255904"
"BACCHUS_OPERA","13B20","2020","Vitis vinifera","44.942104","-0.0402737"
"BACCHUS_OPERA","13C15","2020","Vitis vinifera","44.9385914","-0.0389034"
"BACCHUS_OPERA","13D20","2020","Vitis vinifera","44.9418577","-0.03412"
"BACCHUS_OPERA","14B15","2020","Vitis vinifera","44.8733522","-0.0633616"
"BACCHUS_OPERA","14C15","2020","Vitis vinifera","44.875212","-0.0622466"
"BACCHUS_OPERA","16B15","2020","Vitis vinifera","44.8754504","-0.0945857"
"BACCHUS_OPERA","16C19","2020","Vitis vinifera","44.8769865","-0.0950759"
"BACCHUS_OPERA","17B15","2020","Vitis vinifera","44.8957746","-0.1688144"
"BACCHUS_OPERA","17C15","2020","Vitis vinifera","44.8957642","-0.1682306"
"BACCHUS_OPERA","18B15","2020","Vitis vinifera","44.9452545","-0.1171418"
"BACCHUS_OPERA","18C15","2020","Vitis vinifera","44.9451263","-0.1188222"
"BACCHUS_OPERA","20B15","2020","Vitis vinifera","44.96013","-0.1760711"
"BACCHUS_OPERA","20C15","2020","Vitis vinifera","44.9592737","-0.1748168"
"BACCHUS_OPERA","21B15","2020","Vitis vinifera","44.9620026","-0.2237098"
"BACCHUS_OPERA","21C18","2020","Vitis vinifera","44.9629599","-0.2217721"
"BACCHUS_OPERA","01B15","2021","Vitis vinifera","44.6620527","-0.1267813"
"BACCHUS_OPERA","01C15","2021","Vitis vinifera","44.6637395","-0.1267108"
"BACCHUS_OPERA","02B15","2021","Vitis vinifera","44.6514487","-0.132491"
"BACCHUS_OPERA","02C15","2021","Vitis vinifera","44.651139","-0.1310223"
"BACCHUS_OPERA","03B15","2021","Vitis vinifera","44.6449743","-0.1551762"
"BACCHUS_OPERA","03C18","2021","Vitis vinifera","44.6435814","-0.1597803"
"BACCHUS_OPERA","05B18","2021","Vitis vinifera","44.6600986","-0.1435888"
"BACCHUS_OPERA","05C18","2021","Vitis vinifera","44.6595252","-0.1456902"
"BACCHUS_OPERA","05D20","2021","Vitis vinifera","44.6611314","-0.1418033"
"BACCHUS_OPERA","06B18","2021","Vitis vinifera","44.7444028","-0.2043474"
"BACCHUS_OPERA","06C18","2021","Vitis vinifera","44.7446926","-0.2049202"
"BACCHUS_OPERA","07B15","2021","Vitis vinifera","44.8236082","-0.21702"
"BACCHUS_OPERA","07C19","2021","Vitis vinifera","44.823726","-0.2154441"
"BACCHUS_OPERA","08B15","2021","Vitis vinifera","44.905247","0.0106495"
"BACCHUS_OPERA","08C15","2021","Vitis vinifera","44.9041592","0.0110752"
"BACCHUS_OPERA","09B18","2021","Vitis vinifera","44.9115617","-0.0080851"
"BACCHUS_OPERA","09C18","2021","Vitis vinifera","44.9144892","-0.0097765"
"BACCHUS_OPERA","10B18","2021","Vitis vinifera","44.925948","-0.0038599"
"BACCHUS_OPERA","10C15","2021","Vitis vinifera","44.9231611","-0.0066275"
"BACCHUS_OPERA","11B15","2021","Vitis vinifera","44.9360944","-0.0121416"
"BACCHUS_OPERA","11C15","2021","Vitis vinifera","44.9359328","-0.013782"
"BACCHUS_OPERA","12B15","2021","Vitis vinifera","44.9450633","-0.0262624"
"BACCHUS_OPERA","12C15","2021","Vitis vinifera","44.9457754","-0.0255904"
"BACCHUS_OPERA","13B20","2021","Vitis vinifera","44.942104","-0.0402737"
"BACCHUS_OPERA","13C15","2021","Vitis vinifera","44.9385914","-0.0389034"
"BACCHUS_OPERA","13D20","2021","Vitis vinifera","44.9418577","-0.03412"
"BACCHUS_OPERA","14B15","2021","Vitis vinifera","44.8733522","-0.0633616"
"BACCHUS_OPERA","14C15","2021","Vitis vinifera","44.875212","-0.0622466"
"BACCHUS_OPERA","17B15","2021","Vitis vinifera","44.8957746","-0.1688144"
"BACCHUS_OPERA","17C15","2021","Vitis vinifera","44.8957642","-0.1682306"
"BACCHUS_OPERA","18B15","2021","Vitis vinifera","44.9452545","-0.1171418"
"BACCHUS_OPERA","18C15","2021","Vitis vinifera","44.9451263","-0.1188222"
"BACCHUS_OPERA","20B15","2021","Vitis vinifera","44.96013","-0.1760711"
"BACCHUS_OPERA","20C15","2021","Vitis vinifera","44.9592737","-0.1748168"
"BACCHUS_OPERA","21B15","2021","Vitis vinifera","44.9620026","-0.2237098"
"BACCHUS_OPERA","21C18","2021","Vitis vinifera","44.9629599","-0.2217721"
"BACCHUS_OPERA","22B21","2021","Vitis vinifera","44.9029163","-0.1897194"
"BACCHUS_OPERA","22C21","2021","Vitis vinifera","44.9032602","-0.1902969"
"BACCHUS_OPERA","23B21","2021","Vitis vinifera","44.8912694","-0.1265391"
"BACCHUS_OPERA","23C21","2021","Vitis vinifera","44.8894676","-0.1278077"
"BACCHUS_OPERA","01B15","2022","Vitis vinifera","44.6620527","-0.1267813"
"BACCHUS_OPERA","01C15","2022","Vitis vinifera","44.6637395","-0.1267108"
"BACCHUS_OPERA","02B15","2022","Vitis vinifera","44.6514487","-0.132491"
"BACCHUS_OPERA","02C15","2022","Vitis vinifera","44.651139","-0.1310223"
"BACCHUS_OPERA","03B15","2022","Vitis vinifera","44.6449743","-0.1551762"
"BACCHUS_OPERA","03C18","2022","Vitis vinifera","44.6435814","-0.1597803"
"BACCHUS_OPERA","05B18","2022","Vitis vinifera","44.6600986","-0.1435888"
"BACCHUS_OPERA","05C18","2022","Vitis vinifera","44.6595252","-0.1456902"
"BACCHUS_OPERA","05D20","2022","Vitis vinifera","44.6611314","-0.1418033"
"BACCHUS_OPERA","06B18","2022","Vitis vinifera","44.7444028","-0.2043474"
"BACCHUS_OPERA","06C18","2022","Vitis vinifera","44.7446926","-0.2049202"
"BACCHUS_OPERA","07B15","2022","Vitis vinifera","44.8236082","-0.21702"
"BACCHUS_OPERA","07C19","2022","Vitis vinifera","44.823726","-0.2154441"
"BACCHUS_OPERA","08B15","2022","Vitis vinifera","44.905247","0.0106495"
"BACCHUS_OPERA","08C15","2022","Vitis vinifera","44.9041592","0.0110752"
"BACCHUS_OPERA","10B18","2022","Vitis vinifera","44.925948","-0.0038599"
"BACCHUS_OPERA","10C15","2022","Vitis vinifera","44.9231611","-0.0066275"
"BACCHUS_OPERA","11B15","2022","Vitis vinifera","44.9360944","-0.0121416"
"BACCHUS_OPERA","11C15","2022","Vitis vinifera","44.9359328","-0.013782"
"BACCHUS_OPERA","12B15","2022","Vitis vinifera","44.9450633","-0.0262624"
"BACCHUS_OPERA","12C15","2022","Vitis vinifera","44.9457754","-0.0255904"
"BACCHUS_OPERA","13B20","2022","Vitis vinifera","44.942104","-0.0402737"
"BACCHUS_OPERA","13C15","2022","Vitis vinifera","44.9385914","-0.0389034"
"BACCHUS_OPERA","13D20","2022","Vitis vinifera","44.9418577","-0.03412"
"BACCHUS_OPERA","14B15","2022","Vitis vinifera","44.8733522","-0.0633616"
"BACCHUS_OPERA","14C15","2022","Vitis vinifera","44.875212","-0.0622466"
"BACCHUS_OPERA","17B15","2022","Vitis vinifera","44.8957746","-0.1688144"
"BACCHUS_OPERA","17C15","2022","Vitis vinifera","44.8957642","-0.1682306"
"BACCHUS_OPERA","18B15","2022","Vitis vinifera","44.9452545","-0.1171418"
"BACCHUS_OPERA","18C15","2022","Vitis vinifera","44.9451263","-0.1188222"
"BACCHUS_OPERA","20B15","2022","Vitis vinifera","44.96013","-0.1760711"
"BACCHUS_OPERA","20C15","2022","Vitis vinifera","44.9592737","-0.1748168"
"BACCHUS_OPERA","21B15","2022","Vitis vinifera","44.9620026","-0.2237098"
"BACCHUS_OPERA","21C18","2022","Vitis vinifera","44.9629599","-0.2217721"
"BACCHUS_OPERA","22B21","2022","Vitis vinifera","44.9029163","-0.1897194"
"BACCHUS_OPERA","22C21","2022","Vitis vinifera","44.9032602","-0.1902969"
"BACCHUS_OPERA","23B21","2022","Vitis vinifera","44.8912694","-0.1265391"
"BACCHUS_OPERA","23C22","2022","Vitis vinifera","44.8890676","-0.1269742"
"BACCHUS_OPERA","01B15","2023","Vitis vinifera","44.6620527","-0.1267813"
"BACCHUS_OPERA","01C15","2023","Vitis vinifera","44.6637395","-0.1267108"
"BACCHUS_OPERA","02B18","2023","Vitis vinifera","44.6514487","-0.132491"
"BACCHUS_OPERA","02C15","2023","Vitis vinifera","44.651139","-0.1310223"
"BACCHUS_OPERA","03B15","2023","Vitis vinifera","44.6449743","-0.1551762"
"BACCHUS_OPERA","03C18","2023","Vitis vinifera","44.6435814","-0.1597803"
"BACCHUS_OPERA","05B18","2023","Vitis vinifera","44.6600986","-0.1435888"
"BACCHUS_OPERA","05C18","2023","Vitis vinifera","44.6595252","-0.1456902"
"BACCHUS_OPERA","05D20","2023","Vitis vinifera","44.6611314","-0.1418033"
"BACCHUS_OPERA","06B18","2023","Vitis vinifera","44.7444028","-0.2043474"
"BACCHUS_OPERA","06C18","2023","Vitis vinifera","44.7446926","-0.2049202"
"BACCHUS_OPERA","07B15","2023","Vitis vinifera","44.8236082","-0.21702"
"BACCHUS_OPERA","07C19","2023","Vitis vinifera","44.823726","-0.2154441"
"BACCHUS_OPERA","08B15","2023","Vitis vinifera","44.905247","0.0106495"
"BACCHUS_OPERA","08C15","2023","Vitis vinifera","44.9041592","0.0110752"
"BACCHUS_OPERA","10B18","2023","Vitis vinifera","44.925948","-0.0038599"
"BACCHUS_OPERA","10C15","2023","Vitis vinifera","44.9231611","-0.0066275"
"BACCHUS_OPERA","11B15","2023","Vitis vinifera","44.9360944","-0.0121416"
"BACCHUS_OPERA","11C15","2023","Vitis vinifera","44.9359328","-0.013782"
"BACCHUS_OPERA","12B15","2023","Vitis vinifera","44.9450633","-0.0262624"
"BACCHUS_OPERA","12C15","2023","Vitis vinifera","44.9457754","-0.0255904"
"BACCHUS_OPERA","13B20","2023","Vitis vinifera","44.942104","-0.0402737"
"BACCHUS_OPERA","13C15","2023","Vitis vinifera","44.9385914","-0.0389034"
"BACCHUS_OPERA","13D20","2023","Vitis vinifera","44.9418577","-0.03412"
"BACCHUS_OPERA","14B23","2023","Vitis vinifera","44.8722077","-0.0614111"
"BACCHUS_OPERA","14C15","2023","Vitis vinifera","44.875212","-0.0622466"
"BACCHUS_OPERA","17B15","2023","Vitis vinifera","44.8957746","-0.1688144"
"BACCHUS_OPERA","17C15","2023","Vitis vinifera","44.8957642","-0.1682306"
"BACCHUS_OPERA","18B15","2023","Vitis vinifera","44.9452545","-0.1171418"
"BACCHUS_OPERA","18C15","2023","Vitis vinifera","44.9451263","-0.1188222"
"BACCHUS_OPERA","20B15","2023","Vitis vinifera","44.96013","-0.1760711"
"BACCHUS_OPERA","20C15","2023","Vitis vinifera","44.9592737","-0.1748168"
"BACCHUS_OPERA","21B15","2023","Vitis vinifera","44.9620026","-0.2237098"
"BACCHUS_OPERA","21C18","2023","Vitis vinifera","44.9629599","-0.2217721"
"BACCHUS_OPERA","22B21","2023","Vitis vinifera","44.9029163","-0.1897194"
"BACCHUS_OPERA","22C21","2023","Vitis vinifera","44.9032602","-0.1902969"
"BACCHUS_OPERA","23B21","2023","Vitis vinifera","44.8912694","-0.1265391"
"BACCHUS_OPERA","23C22","2023","Vitis vinifera","44.8890676","-0.1269742"
"BACCHUS_OPERA","01B15","2024","Vitis vinifera","44.6620527","-0.1267813"
"BACCHUS_OPERA","01C15","2024","Vitis vinifera","44.6637395","-0.1267108"
"BACCHUS_OPERA","02B24","2024","Vitis vinifera","44.6450684","-0.1341304"
"BACCHUS_OPERA","02C24","2024","Vitis vinifera","44.6434373","-0.1293702"
"BACCHUS_OPERA","03B15","2024","Vitis vinifera","44.6449743","-0.1551762"
"BACCHUS_OPERA","03C18","2024","Vitis vinifera","44.6435814","-0.1597803"
"BACCHUS_OPERA","05B18","2024","Vitis vinifera","44.6600986","-0.1435888"
"BACCHUS_OPERA","05C18","2024","Vitis vinifera","44.6595252","-0.1456902"
"BACCHUS_OPERA","05D20","2024","Vitis vinifera","44.6611314","-0.1418033"
"BACCHUS_OPERA","06B18","2024","Vitis vinifera","44.7444028","-0.2043474"
"BACCHUS_OPERA","06C18","2024","Vitis vinifera","44.7446926","-0.2049202"
"BACCHUS_OPERA","07B15","2024","Vitis vinifera","44.8236082","-0.21702"
"BACCHUS_OPERA","07C19","2024","Vitis vinifera","44.823726","-0.2154441"
"BACCHUS_OPERA","08B15","2024","Vitis vinifera","44.905247","0.0106495"
"BACCHUS_OPERA","08C15","2024","Vitis vinifera","44.9041592","0.0110752"
"BACCHUS_OPERA","10B18","2024","Vitis vinifera","44.925948","-0.0038599"
"BACCHUS_OPERA","10C15","2024","Vitis vinifera","44.9231611","-0.0066275"
"BACCHUS_OPERA","11B15","2024","Vitis vinifera","44.9360944","-0.0121416"
"BACCHUS_OPERA","11C15","2024","Vitis vinifera","44.9359328","-0.013782"
"BACCHUS_OPERA","12B15","2024","Vitis vinifera","44.9450633","-0.0262624"
"BACCHUS_OPERA","12C15","2024","Vitis vinifera","44.9457754","-0.0255904"
"BACCHUS_OPERA","13B20","2024","Vitis vinifera","44.942104","-0.0402737"
"BACCHUS_OPERA","13C15","2024","Vitis vinifera","44.9385914","-0.0389034"
"BACCHUS_OPERA","13D20","2024","Vitis vinifera","44.9418577","-0.03412"
"BACCHUS_OPERA","14B23","2024","Vitis vinifera","44.8722077","-0.0614111"
"BACCHUS_OPERA","14C15","2024","Vitis vinifera","44.875212","-0.0622466"
"BACCHUS_OPERA","17B15","2024","Vitis vinifera","44.8957746","-0.1688144"
"BACCHUS_OPERA","17C24","2024","Vitis vinifera","44.8959238","-0.1670607"
"BACCHUS_OPERA","18B15","2024","Vitis vinifera","44.9452545","-0.1171418"
"BACCHUS_OPERA","18C15","2024","Vitis vinifera","44.9451263","-0.1188222"
"BACCHUS_OPERA","20B15","2024","Vitis vinifera","44.96013","-0.1760711"
"BACCHUS_OPERA","20C15","2024","Vitis vinifera","44.9592737","-0.1748168"
"BACCHUS_OPERA","21B15","2024","Vitis vinifera","44.9620026","-0.2237098"
"BACCHUS_OPERA","21C18","2024","Vitis vinifera","44.9629599","-0.2217721"
"BACCHUS_OPERA","22B21","2024","Vitis vinifera","44.9029163","-0.1897194"
"BACCHUS_OPERA","22C21","2024","Vitis vinifera","44.9032602","-0.1902969"
"BACCHUS_OPERA","23B21","2024","Vitis vinifera","44.8912694","-0.1265391"
"BACCHUS_OPERA","23C22","2024","Vitis vinifera","44.8890676","-0.1269742"
"DURUM_MIX_GM","5_7","2018","Triticum turgidum ssp. durum","43.6172222","3.855"
"DURUM_MIX_GM","8_33","2018","Triticum turgidum ssp. durum","43.6172222","3.855"
"DURUM_MIX_GM","8_32","2018","Triticum turgidum ssp. durum","43.6172222","3.855"
"DURUM_MIX_GM","5_32","2018","Triticum turgidum ssp. durum","43.6172222","3.855"
"DURUM_MIX_GM","4_19","2018","Triticum turgidum ssp. durum","43.6172222","3.855"
"DURUM_MIX_GM","1_14","2018","Triticum turgidum ssp. durum","43.6172222","3.855"
"DURUM_MIX_GM","7_38","2018","Triticum turgidum ssp. durum","43.6172222","3.855"
"DURUM_MIX_GM","9_34","2018","Triticum turgidum ssp. durum","43.6172222","3.855"
"DURUM_MIX_GM","6_16","2018","Triticum turgidum ssp. durum","43.6172222","3.855"
"DURUM_MIX_GM","10_29","2018","Triticum turgidum ssp. durum","43.6172222","3.855"
"DURUM_MIX_GM","10_24","2018","Triticum turgidum ssp. durum","43.6172222","3.855"
"DURUM_MIX_GM","9_18","2018","Triticum turgidum ssp. durum","43.6172222","3.855"
"DURUM_MIX_GM","2_40","2018","Triticum turgidum ssp. durum","43.6172222","3.855"
"DURUM_MIX_GM","10_34","2018","Triticum turgidum ssp. durum","43.6172222","3.855"
"DURUM_MIX_GM","6_2","2018","Triticum turgidum ssp. durum","43.6172222","3.855"
"DURUM_MIX_GM","5_5","2018","Triticum turgidum ssp. durum","43.6172222","3.855"
"DURUM_MIX_GM","11_25","2018","Triticum turgidum ssp. durum","43.6172222","3.855"
"DURUM_MIX_GM","10_39","2018","Triticum turgidum ssp. durum","43.6172222","3.855"
"DURUM_MIX_GM","3_3","2018","Triticum turgidum ssp. durum","43.6172222","3.855"
"DURUM_MIX_GM","8_29","2018","Triticum turgidum ssp. durum","43.6172222","3.855"
"DURUM_MIX_GM","3_12","2018","Triticum turgidum ssp. durum","43.6172222","3.855"
"DURUM_MIX_GM","8_27","2018","Triticum turgidum ssp. durum","43.6172222","3.855"
"DURUM_MIX_GM","5_39","2018","Triticum turgidum ssp. durum","43.6172222","3.855"
"DURUM_MIX_GM","8_20","2018","Triticum turgidum ssp. durum","43.6172222","3.855"
"DURUM_MIX_GM","3_34","2018","Triticum turgidum ssp. durum","43.6172222","3.855"
"DURUM_MIX_GM","3_5","2018","Triticum turgidum ssp. durum","43.6172222","3.855"
"DURUM_MIX_GM","10_25","2018","Triticum turgidum ssp. durum","43.6172222","3.855"
"DURUM_MIX_GM","7_22","2018","Triticum turgidum ssp. durum","43.6172222","3.855"
"DURUM_MIX_GM","8_13","2018","Triticum turgidum ssp. durum","43.6172222","3.855"
"DURUM_MIX_GM","6_15","2018","Triticum turgidum ssp. durum","43.6172222","3.855"
"DURUM_MIX_GM","6_6","2018","Triticum turgidum ssp. durum","43.6172222","3.855"
"DURUM_MIX_GM","5_25","2018","Triticum turgidum ssp. durum","43.6172222","3.855"
"DURUM_MIX_GM","10_27","2018","Triticum turgidum ssp. durum","43.6172222","3.855"
"DURUM_MIX_GM","5_38","2018","Triticum turgidum ssp. durum","43.6172222","3.855"
"DURUM_MIX_GM","8_3","2018","Triticum turgidum ssp. durum","43.6172222","3.855"
"DURUM_MIX_GM","8_21","2018","Triticum turgidum ssp. durum","43.6172222","3.855"
"DURUM_MIX_GM","1_13","2018","Triticum turgidum ssp. durum","43.6172222","3.855"
"DURUM_MIX_GM","10_22","2018","Triticum turgidum ssp. durum","43.6172222","3.855"
"DURUM_MIX_GM","5_4","2018","Triticum turgidum ssp. durum","43.6172222","3.855"
"DURUM_MIX_GM","5_27","2018","Triticum turgidum ssp. durum","43.6172222","3.855"
"DURUM_MIX_GM","6_12","2018","Triticum turgidum ssp. durum","43.6172222","3.855"
"DURUM_MIX_GM","10_35","2018","Triticum turgidum ssp. durum","43.6172222","3.855"
"DURUM_MIX_GM","10_11","2018","Triticum turgidum ssp. durum","43.6172222","3.855"
"DURUM_MIX_GM","9_11","2018","Triticum turgidum ssp. durum","43.6172222","3.855"
"DURUM_MIX_GM","5_16","2018","Triticum turgidum ssp. durum","43.6172222","3.855"
"DURUM_MIX_GM","10_36","2018","Triticum turgidum ssp. durum","43.6172222","3.855"
"DURUM_MIX_GM","10_41","2018","Triticum turgidum ssp. durum","43.6172222","3.855"
"DURUM_MIX_GM","5_24","2018","Triticum turgidum ssp. durum","43.6172222","3.855"
"DURUM_MIX_GM","5_13","2018","Triticum turgidum ssp. durum","43.6172222","3.855"
"DURUM_MIX_GM","2_29","2018","Triticum turgidum ssp. durum","43.6172222","3.855"
"DURUM_MIX_GM","2_24","2018","Triticum turgidum ssp. durum","43.6172222","3.855"
"DURUM_MIX_GM","1_15","2018","Triticum turgidum ssp. durum","43.6172222","3.855"
"DURUM_MIX_GM","10_31","2018","Triticum turgidum ssp. durum","43.6172222","3.855"
"DURUM_MIX_GM","1_11","2018","Triticum turgidum ssp. durum","43.6172222","3.855"
"DURUM_MIX_GM","2_35","2018","Triticum turgidum ssp. durum","43.6172222","3.855"
"DURUM_MIX_GM","7_33","2018","Triticum turgidum ssp. durum","43.6172222","3.855"
"DURUM_MIX_GM","2_20","2018","Triticum turgidum ssp. durum","43.6172222","3.855"
"DURUM_MIX_GM","10_32","2018","Triticum turgidum ssp. durum","43.6172222","3.855"
"DURUM_MIX_GM","3_31","2018","Triticum turgidum ssp. durum","43.6172222","3.855"
"DURUM_MIX_GM","8_39","2018","Triticum turgidum ssp. durum","43.6172222","3.855"
"DURUM_MIX_GM","4_27","2018","Triticum turgidum ssp. durum","43.6172222","3.855"
"DURUM_MIX_GM","10_23","2018","Triticum turgidum ssp. durum","43.6172222","3.855"
"DURUM_MIX_GM","3_16","2018","Triticum turgidum ssp. durum","43.6172222","3.855"
"DURUM_MIX_GM","7_14","2018","Triticum turgidum ssp. durum","43.6172222","3.855"
"DURUM_MIX_GM","2_16","2018","Triticum turgidum ssp. durum","43.6172222","3.855"
"DURUM_MIX_GM","8_11","2018","Triticum turgidum ssp. durum","43.6172222","3.855"
"DURUM_MIX_GM","8_24","2018","Triticum turgidum ssp. durum","43.6172222","3.855"
"DURUM_MIX_GM","10_19","2018","Triticum turgidum ssp. durum","43.6172222","3.855"
"DURUM_MIX_GM","7_15","2018","Triticum turgidum ssp. durum","43.6172222","3.855"
"DURUM_MIX_GM","10_14","2018","Triticum turgidum ssp. durum","43.6172222","3.855"
"DURUM_MIX_GM","5_28","2018","Triticum turgidum ssp. durum","43.6172222","3.855"
"DURUM_MIX_GM","9_23","2018","Triticum turgidum ssp. durum","43.6172222","3.855"
"DURUM_MIX_GM","1_18","2018","Triticum turgidum ssp. durum","43.6172222","3.855"
"DURUM_MIX_GM","5_12","2018","Triticum turgidum ssp. durum","43.6172222","3.855"
"DURUM_MIX_GM","3_22","2018","Triticum turgidum ssp. durum","43.6172222","3.855"
"DURUM_MIX_GM","5_14","2018","Triticum turgidum ssp. durum","43.6172222","3.855"
"DURUM_MIX_GM","7_24","2018","Triticum turgidum ssp. durum","43.6172222","3.855"
"DURUM_MIX_GM","2_33","2018","Triticum turgidum ssp. durum","43.6172222","3.855"
"DURUM_MIX_GM","8_26","2018","Triticum turgidum ssp. durum","43.6172222","3.855"
"DURUM_MIX_GM","6_41","2018","Triticum turgidum ssp. durum","43.6172222","3.855"
"DURUM_MIX_GM","5_33","2018","Triticum turgidum ssp. durum","43.6172222","3.855"
"DURUM_MIX_GM","8_6","2018","Triticum turgidum ssp. durum","43.6172222","3.855"
"DURUM_MIX_GM","7_19","2018","Triticum turgidum ssp. durum","43.6172222","3.855"
"DURUM_MIX_GM","10_30","2018","Triticum turgidum ssp. durum","43.6172222","3.855"
"DURUM_MIX_GM","11_30","2018","Triticum turgidum ssp. durum","43.6172222","3.855"
"DURUM_MIX_GM","4_15","2018","Triticum turgidum ssp. durum","43.6172222","3.855"
"DURUM_MIX_GM","1_12","2018","Triticum turgidum ssp. durum","43.6172222","3.855"
"DURUM_MIX_GM","11_34","2018","Triticum turgidum ssp. durum","43.6172222","3.855"
"DURUM_MIX_GM","5_2","2018","Triticum turgidum ssp. durum","43.6172222","3.855"
"DURUM_MIX_GM","10_13","2018","Triticum turgidum ssp. durum","43.6172222","3.855"
"DURUM_MIX_GM","5_23","2018","Triticum turgidum ssp. durum","43.6172222","3.855"
"DURUM_MIX_GM","7_41","2018","Triticum turgidum ssp. durum","43.6172222","3.855"
"DURUM_MIX_GM","3_20","2018","Triticum turgidum ssp. durum","43.6172222","3.855"
"DURUM_MIX_GM","8_30","2018","Triticum turgidum ssp. durum","43.6172222","3.855"
"DURUM_MIX_GM","6_27","2018","Triticum turgidum ssp. durum","43.6172222","3.855"
"DURUM_MIX_GM","8_12","2018","Triticum turgidum ssp. durum","43.6172222","3.855"
"DURUM_MIX_GM","6_26","2018","Triticum turgidum ssp. durum","43.6172222","3.855"
"DURUM_MIX_GM","7_28","2018","Triticum turgidum ssp. durum","43.6172222","3.855"
"DURUM_MIX_GM","8_14","2018","Triticum turgidum ssp. durum","43.6172222","3.855"
"DURUM_MIX_GM","9_26","2018","Triticum turgidum ssp. durum","43.6172222","3.855"
"DURUM_MIX_GM","8_15","2018","Triticum turgidum ssp. durum","43.6172222","3.855"
"DURUM_MIX_GM","10_33","2018","Triticum turgidum ssp. durum","43.6172222","3.855"
"DURUM_MIX_GM","6_14","2018","Triticum turgidum ssp. durum","43.6172222","3.855"
"DURUM_MIX_GM","9_22","2018","Triticum turgidum ssp. durum","43.6172222","3.855"
"DURUM_MIX_GM","1_16","2018","Triticum turgidum ssp. durum","43.6172222","3.855"
"DURUM_MIX_GM","8_17","2018","Triticum turgidum ssp. durum","43.6172222","3.855"
"DURUM_MIX_GM","9_32","2018","Triticum turgidum ssp. durum","43.6172222","3.855"
"DURUM_MIX_GM","5_31","2018","Triticum turgidum ssp. durum","43.6172222","3.855"
"DURUM_MIX_GM","3_1","2018","Triticum turgidum ssp. durum","43.6172222","3.855"
"DURUM_MIX_GM","8_35","2018","Triticum turgidum ssp. durum","43.6172222","3.855"
"DURUM_MIX_GM","6_17","2018","Triticum turgidum ssp. durum","43.6172222","3.855"
"DURUM_MIX_GM","11_35","2018","Triticum turgidum ssp. durum","43.6172222","3.855"
"DURUM_MIX_GM","3_6","2018","Triticum turgidum ssp. durum","43.6172222","3.855"
"DURUM_MIX_GM","4_24","2018","Triticum turgidum ssp. durum","43.6172222","3.855"
"DURUM_MIX_GM","10_17","2018","Triticum turgidum ssp. durum","43.6172222","3.855"
"DURUM_MIX_GM","5_36","2018","Triticum turgidum ssp. durum","43.6172222","3.855"
"DURUM_MIX_GM","10_28","2018","Triticum turgidum ssp. durum","43.6172222","3.855"
"DURUM_MIX_GM","10_38","2018","Triticum turgidum ssp. durum","43.6172222","3.855"
"DURUM_MIX_GM","5_21","2018","Triticum turgidum ssp. durum","43.6172222","3.855"
"DURUM_MIX_GM","8_25","2018","Triticum turgidum ssp. durum","43.6172222","3.855"
"DURUM_MIX_GM","5_17","2018","Triticum turgidum ssp. durum","43.6172222","3.855"
"DURUM_MIX_GM","7_40","2018","Triticum turgidum ssp. durum","43.6172222","3.855"
"DURUM_MIX_GM","11_14","2018","Triticum turgidum ssp. durum","43.6172222","3.855"
"DURUM_MIX_GM","6_13","2018","Triticum turgidum ssp. durum","43.6172222","3.855"
"DURUM_MIX_GM","8_22","2018","Triticum turgidum ssp. durum","43.6172222","3.855"
"DURUM_MIX_GM","5_1","2018","Triticum turgidum ssp. durum","43.6172222","3.855"
"DURUM_MIX_GM","9_12","2018","Triticum turgidum ssp. durum","43.6172222","3.855"
"DURUM_MIX_GM","8_41","2018","Triticum turgidum ssp. durum","43.6172222","3.855"
"DURUM_MIX_GM","3_8","2018","Triticum turgidum ssp. durum","43.6172222","3.855"
"DURUM_MIX_GM","2_15","2018","Triticum turgidum ssp. durum","43.6172222","3.855"
"DURUM_MIX_GM","3_28","2018","Triticum turgidum ssp. durum","43.6172222","3.855"
"DURUM_MIX_GM","6_34","2018","Triticum turgidum ssp. durum","43.6172222","3.855"
"DURUM_MIX_GM","5_20","2018","Triticum turgidum ssp. durum","43.6172222","3.855"
"DURUM_MIX_GM","3_38","2018","Triticum turgidum ssp. durum","43.6172222","3.855"
"DURUM_MIX_GM","6_20","2018","Triticum turgidum ssp. durum","43.6172222","3.855"
"DURUM_MIX_GM","5_35","2018","Triticum turgidum ssp. durum","43.6172222","3.855"
"DURUM_MIX_GM","8_2","2018","Triticum turgidum ssp. durum","43.6172222","3.855"
"DURUM_MIX_GM","5_37","2018","Triticum turgidum ssp. durum","43.6172222","3.855"
"DURUM_MIX_GM","9_37","2018","Triticum turgidum ssp. durum","43.6172222","3.855"
"DURUM_MIX_GM","7_23","2018","Triticum turgidum ssp. durum","43.6172222","3.855"
"DURUM_MIX_GM","4_30","2018","Triticum turgidum ssp. durum","43.6172222","3.855"
"DURUM_MIX_GM","5_29","2018","Triticum turgidum ssp. durum","43.6172222","3.855"
"DURUM_MIX_GM","5_30","2018","Triticum turgidum ssp. durum","43.6172222","3.855"
"DURUM_MIX_GM","11_32","2018","Triticum turgidum ssp. durum","43.6172222","3.855"
"DURUM_MIX_GM","9_30","2018","Triticum turgidum ssp. durum","43.6172222","3.855"
"DURUM_MIX_GM","10_40","2018","Triticum turgidum ssp. durum","43.6172222","3.855"
"DURUM_MIX_GM","10_15","2018","Triticum turgidum ssp. durum","43.6172222","3.855"
"DURUM_MIX_GM","11_15","2018","Triticum turgidum ssp. durum","43.6172222","3.855"
"DURUM_MIX_GM","4_8","2018","Triticum turgidum ssp. durum","43.6172222","3.855"
"DURUM_MIX_GM","8_19","2018","Triticum turgidum ssp. durum","43.6172222","3.855"
"DURUM_MIX_GM","7_2","2018","Triticum turgidum ssp. durum","43.6172222","3.855"
"DURUM_MIX_GM","10_18","2018","Triticum turgidum ssp. durum","43.6172222","3.855"
"DURUM_MIX_GM","10_37","2018","Triticum turgidum ssp. durum","43.6172222","3.855"
"DURUM_MIX_GM","5_11","2018","Triticum turgidum ssp. durum","43.6172222","3.855"
"DURUM_MIX_GM","5_26","2018","Triticum turgidum ssp. durum","43.6172222","3.855"
"DURUM_MIX_GM","4_41","2018","Triticum turgidum ssp. durum","43.6172222","3.855"
"DURUM_MIX_GM","2_25","2018","Triticum turgidum ssp. durum","43.6172222","3.855"
"DURUM_MIX_GM","3_7","2018","Triticum turgidum ssp. durum","43.6172222","3.855"
"DURUM_MIX_GM","5_40","2018","Triticum turgidum ssp. durum","43.6172222","3.855"
"DURUM_MIX_GM","9_40","2018","Triticum turgidum ssp. durum","43.6172222","3.855"
"DURUM_MIX_GM","6_11","2018","Triticum turgidum ssp. durum","43.6172222","3.855"
"DURUM_MIX_GM","9_5","2018","Triticum turgidum ssp. durum","43.6172222","3.855"
"DURUM_MIX_GM","2_19","2018","Triticum turgidum ssp. durum","43.6172222","3.855"
"DURUM_MIX_GM","7_4","2018","Triticum turgidum ssp. durum","43.6172222","3.855"
"DURUM_MIX_GM","9_25","2018","Triticum turgidum ssp. durum","43.6172222","3.855"
"DURUM_MIX_GM","9_3","2018","Triticum turgidum ssp. durum","43.6172222","3.855"
"DURUM_MIX_GM","7_21","2018","Triticum turgidum ssp. durum","43.6172222","3.855"
"DURUM_MIX_GM","3_41","2018","Triticum turgidum ssp. durum","43.6172222","3.855"
"DURUM_MIX_GM","2_17","2018","Triticum turgidum ssp. durum","43.6172222","3.855"
"DURUM_MIX_GM","9_20","2018","Triticum turgidum ssp. durum","43.6172222","3.855"
"DURUM_MIX_GM","5_34","2018","Triticum turgidum ssp. durum","43.6172222","3.855"
"DURUM_MIX_GM","7_5","2018","Triticum turgidum ssp. durum","43.6172222","3.855"
"DURUM_MIX_GM","4_36","2018","Triticum turgidum ssp. durum","43.6172222","3.855"
"DURUM_MIX_GM","9_33","2018","Triticum turgidum ssp. durum","43.6172222","3.855"
"DURUM_MIX_GM","8_31","2018","Triticum turgidum ssp. durum","43.6172222","3.855"
"DURUM_MIX_GM","7_37","2018","Triticum turgidum ssp. durum","43.6172222","3.855"
"DURUM_MIX_GM","10_16","2018","Triticum turgidum ssp. durum","43.6172222","3.855"
"DURUM_MIX_GM","8_34","2018","Triticum turgidum ssp. durum","43.6172222","3.855"
"DURUM_MIX_GM","5_15","2018","Triticum turgidum ssp. durum","43.6172222","3.855"
"DURUM_MIX_GM","3_26","2018","Triticum turgidum ssp. durum","43.6172222","3.855"
"DURUM_MIX_GM","5_8","2018","Triticum turgidum ssp. durum","43.6172222","3.855"
"DURUM_MIX_GM","8_36","2018","Triticum turgidum ssp. durum","43.6172222","3.855"
"DURUM_MIX_GM","10_12","2018","Triticum turgidum ssp. durum","43.6172222","3.855"
"DURUM_MIX_GM","7_30","2018","Triticum turgidum ssp. durum","43.6172222","3.855"
"DURUM_MIX_GM","3_33","2018","Triticum turgidum ssp. durum","43.6172222","3.855"
"DURUM_MIX_GM","8_28","2018","Triticum turgidum ssp. durum","43.6172222","3.855"
"DURUM_MIX_GM","1_17","2018","Triticum turgidum ssp. durum","43.6172222","3.855"
"DURUM_MIX_GM","5_6","2018","Triticum turgidum ssp. durum","43.6172222","3.855"
"DURUM_MIX_GM","9_13","2018","Triticum turgidum ssp. durum","43.6172222","3.855"
"DURUM_MIX_GM","4_40","2018","Triticum turgidum ssp. durum","43.6172222","3.855"
"DURUM_MIX_GM","2_32","2018","Triticum turgidum ssp. durum","43.6172222","3.855"
"DURUM_MIX_GM","5_41","2018","Triticum turgidum ssp. durum","43.6172222","3.855"
"DURUM_MIX_GM","2_12","2018","Triticum turgidum ssp. durum","43.6172222","3.855"
"DURUM_MIX_GM","4_29","2018","Triticum turgidum ssp. durum","43.6172222","3.855"
"DURUM_MIX_GM","2_38","2018","Triticum turgidum ssp. durum","43.6172222","3.855"
"DURUM_MIX_GM","8_7","2018","Triticum turgidum ssp. durum","43.6172222","3.855"
"DURUM_MIX_GM","8_23","2018","Triticum turgidum ssp. durum","43.6172222","3.855"
"DURUM_MIX_GM","3_2","2018","Triticum turgidum ssp. durum","43.6172222","3.855"
"DURUM_MIX_GM","5_18","2018","Triticum turgidum ssp. durum","43.6172222","3.855"
"DURUM_MIX_GM","7_36","2018","Triticum turgidum ssp. durum","43.6172222","3.855"
"DURUM_MIX_GM","10_20","2018","Triticum turgidum ssp. durum","43.6172222","3.855"
"DURUM_MIX_GM","5_19","2018","Triticum turgidum ssp. durum","43.6172222","3.855"
"DURUM_MIX_GM","8_16","2018","Triticum turgidum ssp. durum","43.6172222","3.855"
"DURUM_MIX_GM","8_18","2018","Triticum turgidum ssp. durum","43.6172222","3.855"
"DURUM_MIX_GM","9_38","2018","Triticum turgidum ssp. durum","43.6172222","3.855"
"DURUM_MIX_GM","8_38","2018","Triticum turgidum ssp. durum","43.6172222","3.855"
"DURUM_MIX_GM","6_31","2018","Triticum turgidum ssp. durum","43.6172222","3.855"
"DURUM_MIX_GM","8_40","2018","Triticum turgidum ssp. durum","43.6172222","3.855"
"DURUM_MIX_GM","10_26","2018","Triticum turgidum ssp. durum","43.6172222","3.855"
"DURUM_MIX_GM","5_22","2018","Triticum turgidum ssp. durum","43.6172222","3.855"
"DURUM_MIX_GM","7_7","2018","Triticum turgidum ssp. durum","43.6172222","3.855"
"DURUM_MIX_GM","6_32","2018","Triticum turgidum ssp. durum","43.6172222","3.855"
"DURUM_MIX_GM","4_31","2018","Triticum turgidum ssp. durum","43.6172222","3.855"
"DURUM_MIX_GM","1_19","2018","Triticum turgidum ssp. durum","43.6172222","3.855"
"DURUM_MIX_GM","4_3","2018","Triticum turgidum ssp. durum","43.6172222","3.855"
"DURUM_MIX_GM","10_21","2018","Triticum turgidum ssp. durum","43.6172222","3.855"
"DURUM_MIX_GM","2_28","2018","Triticum turgidum ssp. durum","43.6172222","3.855"
"DURUM_MIX_GM","11_23","2018","Triticum turgidum ssp. durum","43.6172222","3.855"
"DURUM_MIX_GM","6_21","2018","Triticum turgidum ssp. durum","43.6172222","3.855"
"DURUM_MIX_GM","4_22","2018","Triticum turgidum ssp. durum","43.6172222","3.855"
"DURUM_MIX_GM","4_16","2018","Triticum turgidum ssp. durum","43.6172222","3.855"
"DURUM_MIX_GM","2_21","2018","Triticum turgidum ssp. durum","43.6172222","3.855"
"DURUM_MIX_GM","2_37","2018","Triticum turgidum ssp. durum","43.6172222","3.855"
"DURUM_MIX_GM","9_41","2018","Triticum turgidum ssp. durum","43.6172222","3.855"
"DURUM_MIX_GM","7_16","2018","Triticum turgidum ssp. durum","43.6172222","3.855"
"DURUM_MIX_GM","8_37","2018","Triticum turgidum ssp. durum","43.6172222","3.855"
"lepibats","V01","2021","vitis_vinifera","44.62381","-0.17476992"
"lepibats","V02","2021","vitis_vinifera","44.61484","-0.12715009"
"lepibats","V03","2021","vitis_vinifera","44.58952","-0.169366"
"lepibats","V04","2021","vitis_vinifera","44.57858","-0.3858971"
"lepibats","V05","2021","vitis_vinifera","44.58261","-0.20764109"
"lepibats","V06","2021","vitis_vinifera","44.54853","-0.35078103"
"lepibats","V07","2021","vitis_vinifera","44.53042","-0.34850103"
"lepibats","V08","2021","vitis_vinifera","44.52903","-0.33116793"
"lepibats","V09","2021","vitis_vinifera","44.5713","-0.29093395"
"lepibats","V10","2021","vitis_vinifera","44.53735","-0.33500797"
"lepibats","Tri01V","2021","vitis_vinifera","44.56773","-0.28630003"
"lepibats","Tri02V","2021","vitis_vinifera","44.5481","-0.19312604"
"lepibats","Tri03V","2021","vitis_vinifera","44.54154","-0.16542696"
"lepibats","Tri04V","2021","vitis_vinifera","44.51517","-0.21844201"
"lepibats","Tri05V","2021","vitis_vinifera","44.5219","-0.20848396"
"lepibats","Tri06V","2021","vitis_vinifera","44.50391","-0.17591993"
"lepibats","Tri07V","2021","vitis_vinifera","44.45949","-0.03984102"
"lepibats","M01","2021","zea_mays","44.52071","-0.06639604"
"lepibats","M02","2021","zea_mays","44.4969","-0.04038907"
"lepibats","M03","2021","zea_mays","44.56266","-0.20910194"
"lepibats","M04","2021","zea_mays","44.56821","-0.10991934"
"lepibats","M05","2021","zea_mays","44.44688","0.11899252"
"lepibats","M06","2021","zea_mays","44.43205","0.12111746"
"lepibats","M07","2021","zea_mays","44.49137","0.10969904"
"lepibats","M08","2021","zea_mays","44.44275","0.16456158"
"lepibats","M09","2021","zea_mays","44.53029","-0.00735906"
"lepibats","M10","2021","zea_mays","44.57472","-0.03485597"
"lepibats","Tri01M","2021","zea_mays","44.57052","-0.27679897"
"lepibats","Tri02M","2021","zea_mays","44.5475","-0.19474134"
"lepibats","Tri03M","2021","zea_mays","44.54076","-0.16525222"
"lepibats","Tri04M","2021","zea_mays","44.51545","-0.22234099"
"lepibats","Tri06M","2021","zea_mays","44.50372","-0.17656996"
"lepibats","Tri07M","2021","zea_mays","44.45696","-0.04154906"
"muesli","1_1","2016","wheat","43.2776459798955","0.897531049973428"
"muesli","105CER03","2016","triticale","43.2463309831776","0.857183987156324"
"muesli","11_2","2016","cereal","43.3441170158365","1.01237096225149"
"muesli","1230COL","2016","barley","43.2881749658922","0.927795989838666"
"muesli","1234CER","2016","durum_wheat","43.2811209983533","0.828509926309204"
"muesli","1235CER","2016","durum_wheat","43.2835709755872","0.84396100271604"
"muesli","13_2","2016","durum_wheat","43.2478799652108","1.00287606410239"
"muesli","14_3","2016","durum_wheat","43.2662980055449","1.02108506630595"
"muesli","14LEGE","2016","durum_wheat","43.2690440693839","0.881987963801085"
"muesli","19_3","2016","barley","43.3013769727503","0.92449294845823"
"muesli","2_1","2016","durum_wheat","43.2992470083252","1.01225996464215"
"muesli","5_1","2016","durum_wheat","43.2507740032436","0.95382207367116"
"muesli","6_2","2016","durum_wheat","43.2509670042942","0.917856060312592"
"muesli","7_1","2016","durum_wheat","43.2826009808194","0.934646988971922"
"muesli","9_1","2016","durum_wheat","43.2544659429375","0.818964031629134"
"muesli","T01_1","2016","durum_wheat","43.2883400494328","0.959973972246979"
"muesli","T01_3","2016","durum_wheat","43.2951789928569","0.962153943248678"
"muesli","T01_5","2016","durum_wheat","43.2872209925829","0.96867799379741"
"muesli","T02","2016","triticale","43.3118080215933","1.05629803139277"
"muesli","T03_1","2016","bread_wheat","43.302929964138","1.0777590633387"
"muesli","T04_1","2016","barley","43.323670978257","1.0169839739937"
"muesli","T05","2016","bread_wheat","43.3259270034258","0.931459994966509"
"muesli","T06","2016","durum_wheat","43.331561967645","1.00911998900617"
"muesli","T07","2016","durum_wheat","43.3414689871297","0.928945064607546"
"muesli","T09","2016","durum_wheat","43.361010024682","1.01500104269014"
"muesli","T11","2016","durum_wheat","43.3434370487149","0.905937911895728"
"muesli","T12","2016","bread_wheat","43.3713564580006","1.02283990962815"
"muesli","T19","2016","cereal","43.2900370038635","0.877223022891707"
"muesli","T20_1","2016","bread_wheat","43.2899660191923","0.899102039458656"
"EXCLU_BVD","194","2023","malus domestica","43.8260085","4.901043311"
"EXCLU_BVD","205","2023","malus domestica","43.79905517","4.891623624"
"EXCLU_BVD","232","2023","malus domestica","43.84031143","4.823722686"
"EXCLU_BVD","236","2021","malus domestica","43.77520772","5.055454849"
"EXCLU_BVD","236","2023","malus domestica","43.77520772","5.055454849"
"EXCLU_BVD","237","2022","malus domestica","43.76882525","5.078346682"
"EXCLU_BVD","238","2021","malus domestica","43.85034943","4.91322592"
"EXCLU_BVD","238","2022","malus domestica","43.85034943","4.91322592"
"EXCLU_BVD","238","2023","malus domestica","43.85034943","4.91322592"
"EXCLU_BVD","239","2021","malus domestica","43.90069397","4.994740516"
"EXCLU_BVD","239","2022","malus domestica","43.90069397","4.994740516"
"EXCLU_BVD","239","2023","malus domestica","43.90069397","4.994740516"
"EXCLU_BVD","240","2021","malus domestica","43.89757265","4.98972298"
"EXCLU_BVD","240","2022","malus domestica","43.89757265","4.98972298"
"EXCLU_BVD","240","2023","malus domestica","43.89757265","4.98972298"
"EXCLU_BVD","241","2021","malus domestica","43.80539967","4.937583165"
"EXCLU_BVD","242","2021","malus domestica","43.80276449","4.93203837"
"EXCLU_BVD","242","2022","malus domestica","43.80276449","4.93203837"
"EXCLU_BVD","242","2023","malus domestica","43.80276449","4.93203837"
"EXCLU_BVD","244","2021","malus domestica","43.89483304","5.033630994"
"EXCLU_BVD","244","2022","malus domestica","43.89483304","5.033630994"
"EXCLU_BVD","244","2023","malus domestica","43.89483304","5.033630994"
"EXCLU_BVD","272","2022","malus domestica","43.79055738","5.085044259"
"EXCLU_BVD","273","2022","malus domestica","43.77749502","5.053877925"
"EXCLU_BVD","275","2022","malus domestica","43.81662742","5.025580197"
"EXCLU_BVD","276","2022","malus domestica","43.87508115","5.024789879"
"EXCLU_BVD","276","2023","malus domestica","43.87508115","5.024789879"
"EXCLU_BVD","286","2023","malus domestica","43.89551426","4.772522502"
"EXCLU_BVD","293","2022","malus domestica","43.82364666","4.81665681"
"EXCLU_BVD","293","2023","malus domestica","43.82364666","4.81665681"
"EXCLU_BVD","296","2022","malus domestica","43.90813564","5.041986423"
"EXCLU_BVD","302","2023","malus domestica","43.77851853","5.060190908"
"EXCLU_BVD","303","2023","malus domestica","43.82502568","4.977345616"
"EXCLU_BVD","306","2023","malus domestica","43.86085393","5.003684927"
"EXCLU_BVD","308","2023","malus domestica","43.89463924","5.077488642"
"SEBIOPAG_BVD","11","2020","malus domestica","43.83403302","4.895599142"
"SEBIOPAG_BVD","11","2021","malus domestica","43.83403302","4.895599142"
"SEBIOPAG_BVD","11","2022","malus domestica","43.83403302","4.895599142"
"SEBIOPAG_BVD","26","2020","malus domestica","43.83569751","4.935490311"
"SEBIOPAG_BVD","26","2021","malus domestica","43.83569751","4.935490311"
"SEBIOPAG_BVD","26","2022","malus domestica","43.83569751","4.935490311"
"SEBIOPAG_BVD","54","2020","malus domestica","43.79240743","4.906890063"
"SEBIOPAG_BVD","54","2021","malus domestica","43.79240743","4.906890063"
"SEBIOPAG_BVD","54","2022","malus domestica","43.79240743","4.906890063"
"SEBIOPAG_BVD","75","2020","malus domestica","43.7887842","4.920020774"
"SEBIOPAG_BVD","75","2021","malus domestica","43.7887842","4.920020774"
"SEBIOPAG_BVD","75","2022","malus domestica","43.7887842","4.920020774"
"SEBIOPAG_BVD","84","2020","malus domestica","43.83067947","4.914599063"
"SEBIOPAG_BVD","84","2021","malus domestica","43.83067947","4.914599063"
"SEBIOPAG_BVD","84","2022","malus domestica","43.83067947","4.914599063"
"SEBIOPAG_BVD","88","2020","malus domestica","43.81309066","4.906350634"
"SEBIOPAG_BVD","88","2021","malus domestica","43.81309066","4.906350634"
"SEBIOPAG_BVD","88","2022","malus domestica","43.81309066","4.906350634"
"SEBIOPAG_BVD","177","2020","malus domestica","43.83027285","4.968225816"
"SEBIOPAG_BVD","177","2021","malus domestica","43.83027285","4.968225816"
"SEBIOPAG_BVD","177","2022","malus domestica","43.83027285","4.968225816"
"SEBIOPAG_BVD","185","2020","malus domestica","43.83103876","4.986864733"
"SEBIOPAG_BVD","185","2021","malus domestica","43.83103876","4.986864733"
"SEBIOPAG_BVD","185","2022","malus domestica","43.83103876","4.986864733"
"SEBIOPAG_BVD","191","2020","malus domestica","43.84379505","4.938812847"
"SEBIOPAG_BVD","191","2021","malus domestica","43.84379505","4.938812847"
"SEBIOPAG_BVD","191","2022","malus domestica","43.84379505","4.938812847"
"SEBIOPAG_BVD","194","2020","malus domestica","43.8260085","4.901043311"
"SEBIOPAG_BVD","194","2021","malus domestica","43.8260085","4.901043311"
"SEBIOPAG_BVD","194","2022","malus domestica","43.8260085","4.901043311"
"SEBIOPAG_BVD","200","2020","malus domestica","43.79476617","4.932781749"
"SEBIOPAG_BVD","200","2021","malus domestica","43.79476617","4.932781749"
"SEBIOPAG_BVD","200","2022","malus domestica","43.79476617","4.932781749"
"SEBIOPAG_BVD","205","2020","malus domestica","43.79905517","4.891623624"
"SEBIOPAG_BVD","205","2021","malus domestica","43.79905517","4.891623624"
"SEBIOPAG_BVD","205","2022","malus domestica","43.79905517","4.891623624"
"SEBIOPAG_BVD","211","2020","malus domestica","43.907285","4.957142642"
"SEBIOPAG_BVD","211","2021","malus domestica","43.907285","4.957142642"
"SEBIOPAG_BVD","211","2022","malus domestica","43.907285","4.957142642"
"SEBIOPAG_BVD","212","2020","malus domestica","43.89654726","4.99453826"
"SEBIOPAG_BVD","212","2021","malus domestica","43.89654726","4.99453826"
"SEBIOPAG_BVD","212","2022","malus domestica","43.89654726","4.99453826"
"SEBIOPAG_BVD","228","2020","malus domestica","43.80984663","4.931525712"
"SEBIOPAG_BVD","228","2021","malus domestica","43.80984663","4.931525712"
"SEBIOPAG_BVD","228","2022","malus domestica","43.80984663","4.931525712"
"SEBIOPAG_BVD","230","2020","malus domestica","43.8082304","4.87601827"
"SEBIOPAG_BVD","230","2021","malus domestica","43.8082304","4.87601827"
"SEBIOPAG_BVD","231","2020","malus domestica","43.79960986","4.939014198"
"SEBIOPAG_BVD","231","2021","malus domestica","43.79960986","4.939014198"
"SEBIOPAG_BVD","231","2022","malus domestica","43.79960986","4.939014198"
"SEBIOPAG_BVD","232","2020","malus domestica","43.84031143","4.823722686"
"SEBIOPAG_BVD","232","2021","malus domestica","43.84031143","4.823722686"
"SEBIOPAG_BVD","232","2022","malus domestica","43.84031143","4.823722686"
"SEBIOPAG_BVD","233","2020","malus domestica","43.84420849","5.009920031"
"SEBIOPAG_BVD","233","2021","malus domestica","43.84420849","5.009920031"
"SEBIOPAG_BVD","233","2022","malus domestica","43.84420849","5.009920031"
"SEBIOPAG_BVD","234","2020","malus domestica","43.8414726","4.909905636"
"SEBIOPAG_BVD","234","2021","malus domestica","43.8414726","4.909905636"
"SEBIOPAG_BVD","249","2021","malus domestica","43.8088307","4.873975172"
"SEBIOPAG_BVD","249","2022","malus domestica","43.8088307","4.873975172"
"SEBIOPAG_BVD","300","2022","malus domestica","43.84038238","4.9106608"
"SEBIOPAG_VcG","T01","2023","oat","43.2892089717185","0.960448002416495"
"SEBIOPAG_VcG","T02","2023","wheat","43.3119179781702","1.05603497473498"
"SEBIOPAG_VcG","T03","2023","ray grass + dactyl","43.3055250168044","1.08063301069993"
"SEBIOPAG_VcG","T04","2023","wheat","43.3206830181322","1.01826201190911"
"SEBIOPAG_VcG","T05","2023","wheat","43.3257969848869","0.931428009615627"
"SEBIOPAG_VcG","T06","2023","sunflower","43.3315830126535","1.00926102136785"
"SEBIOPAG_VcG","T07","2023","alfafa AND ray grass","43.3415960341744","0.928729958803604"
"SEBIOPAG_VcG","T09","2023","wheat","43.3612739768008","1.0153580177373"
"SEBIOPAG_VcG","T10","2023","sunflower","43.3494679823629","0.992643982150146"
"SEBIOPAG_VcG","T11","2023","sunflower","43.3434210259495","0.905990023133205"
"SEBIOPAG_VcG","T12","2023","oilseed rape","43.3713170055433","1.02269997818313"
"SEBIOPAG_VcG","T13","2023","faba beans","43.4201939784123","1.03466598315156"
"SEBIOPAG_VcG","T14","2023","buckwheat","43.4082200106346","1.00876498033873"
"SEBIOPAG_VcG","T15","2023","wheat","43.4170729767653","1.02217501958663"
"SEBIOPAG_VcG","T16","2023","Triticale","43.4193650081844","0.987092982954207"
"SEBIOPAG_VcG","T17","2023","wheat","43.4270760238253","0.980080012209168"
"SEBIOPAG_VcG","T20","2023","corn","43.290145984668","0.901684993845095"
"SEBIOPAG_VcG","T01","2022","barley","43.2892089717185","0.960448002416495"
"SEBIOPAG_VcG","T02","2022","ray grass","43.3119179781702","1.05603497473498"
"SEBIOPAG_VcG","T03","2022","ray grass and clover","43.3055250168044","1.08063301069993"
"SEBIOPAG_VcG","T04","2022","sunflower","43.3206830181322","1.01826201190911"
"SEBIOPAG_VcG","T05","2022","soybean","43.3257969848869","0.931428009615627"
"SEBIOPAG_VcG","T06","2022","wheat","43.3315830126535","1.00926102136785"
"SEBIOPAG_VcG","T07","2022","alfafa","43.3415960341744","0.928729958803604"
"SEBIOPAG_VcG","T09","2022","sunflower","43.3612739768008","1.0153580177373"
"SEBIOPAG_VcG","T10","2022","wheat","43.3494679823629","0.992643982150146"
"SEBIOPAG_VcG","T11","2022","wheat","43.3434210259495","0.905990023133205"
"SEBIOPAG_VcG","T12","2022","barley","43.3713170055433","1.02269997818313"
"SEBIOPAG_VcG","T13","2022","faba beans","43.4201939784123","1.03466598315156"
"SEBIOPAG_VcG","T14","2022","spelt","43.4082200106346","1.00876498033873"
"SEBIOPAG_VcG","T15","2022","faba beans AND oat THEN buckwheat in summer","43.4170729767653","1.02217501958663"
"SEBIOPAG_VcG","T16","2022","rye","43.4193650081844","0.987092982954207"
"SEBIOPAG_VcG","T17","2022","clover","43.4270760238253","0.980080012209168"
"SEBIOPAG_VcG","T20","2022","barley","43.290145984668","0.901684993845095"
"SEBIOPAG_VcG","T01","2014","Winter wheat","43.2892089717185","0.960448002416495"
"SEBIOPAG_VcG","T02","2014","Winter wheat","43.3119179781702","1.05603497473498"
"SEBIOPAG_VcG","T03","2014","Winter wheat","43.3055250168044","1.08063301069993"
"SEBIOPAG_VcG","T04","2014","barley","43.3206830181322","1.01826201190911"
"SEBIOPAG_VcG","T05","2014","Winter wheat","43.3257969848869","0.931428009615627"
"SEBIOPAG_VcG","T06","2014","Winter wheat","43.3315830126535","1.00926102136785"
"SEBIOPAG_VcG","T07","2014","barley","43.3415960341744","0.928729958803604"
"SEBIOPAG_VcG","T08","2014","barley",NA,NA
"SEBIOPAG_VcG","T09","2014","Winter wheat","43.3612739768008","1.0153580177373"
"SEBIOPAG_VcG","T10","2014","Winter wheat","43.3494679823629","0.992643982150146"
"SEBIOPAG_VcG","T11","2014","Winter wheat","43.3434210259495","0.905990023133205"
"SEBIOPAG_VcG","T12","2014","Winter wheat","43.3713170055433","1.02269997818313"
"SEBIOPAG_VcG","T13","2014","Winter wheat","43.4201939784123","1.03466598315156"
"SEBIOPAG_VcG","T14","2014","Winter wheat","43.4082200106346","1.00876498033873"
"SEBIOPAG_VcG","T15","2014","Winter wheat","43.4170729767653","1.02217501958663"
"SEBIOPAG_VcG","T16","2014","Winter wheat","43.4193650081844","0.987092982954207"
"SEBIOPAG_VcG","T17","2014","Winter wheat","43.4270760238253","0.980080012209168"
"SEBIOPAG_VcG","T18","2014","Winter wheat","43.293047","0.863853"
"SEBIOPAG_VcG","T19","2014","Winter wheat","43.289768","0.877545"
"SEBIOPAG_VcG","T20","2014","Winter wheat","43.290145984668","0.901684993845095"
"SEBIOPAG_VcG","T01","2015","barley","43.2892089717185","0.960448002416495"
"SEBIOPAG_VcG","T02","2015","sunflower","43.3119179781702","1.05603497473498"
"SEBIOPAG_VcG","T03","2015","oilseed rape","43.3055250168044","1.08063301069993"
"SEBIOPAG_VcG","T04","2015","alfalfa","43.3206830181322","1.01826201190911"
"SEBIOPAG_VcG","T05","2015","soy beans","43.3257969848869","0.931428009615627"
"SEBIOPAG_VcG","T06","2015","sunflower","43.3315830126535","1.00926102136785"
"SEBIOPAG_VcG","T07","2015","corn","43.3415960341744","0.928729958803604"
"SEBIOPAG_VcG","T09","2015","sunflower","43.3612739768008","1.0153580177373"
"SEBIOPAG_VcG","T10","2015","sunflower","43.3494679823629","0.992643982150146"
"SEBIOPAG_VcG","T11","2015","fallow","43.3434210259495","0.905990023133205"
"SEBIOPAG_VcG","T12","2015","faba beans","43.3713170055433","1.02269997818313"
"SEBIOPAG_VcG","T13","2015","clover","43.4201939784123","1.03466598315156"
"SEBIOPAG_VcG","T14","2015","sunflower","43.4082200106346","1.00876498033873"
"SEBIOPAG_VcG","T15","2015","spelt","43.4170729767653","1.02217501958663"
"SEBIOPAG_VcG","T16","2015","faba beans","43.4193650081844","0.987092982954207"
"SEBIOPAG_VcG","T17","2015","barley AND clover","43.4270760238253","0.980080012209168"
"SEBIOPAG_VcG","T18","2015","sorghum AND alfalfa","43.293047","0.863853"
"SEBIOPAG_VcG","T19","2015","fallow","43.289768","0.877545"
"SEBIOPAG_VcG","T20","2015","wheat","43.290145984668","0.901684993845095"
"SEBIOPAG_VcG","T01","2016","ray grass AND clover","43.2892089717185","0.960448002416495"
"SEBIOPAG_VcG","T02","2016","triticale","43.3119179781702","1.05603497473498"
"SEBIOPAG_VcG","T03","2016","dactyl","43.3055250168044","1.08063301069993"
"SEBIOPAG_VcG","T04","2016","alfalfa","43.3206830181322","1.01826201190911"
"SEBIOPAG_VcG","T05","2016","wheat","43.3257969848869","0.931428009615627"
"SEBIOPAG_VcG","T06","2016","wheat","43.3315830126535","1.00926102136785"
"SEBIOPAG_VcG","T07","2016","wheat","43.3415960341744","0.928729958803604"
"SEBIOPAG_VcG","T09","2016","wheat","43.3612739768008","1.0153580177373"
"SEBIOPAG_VcG","T10","2016","wheat","43.3494679823629","0.992643982150146"
"SEBIOPAG_VcG","T11","2016","wheat","43.3434210259495","0.905990023133205"
"SEBIOPAG_VcG","T12","2016","wheat","43.3713170055433","1.02269997818313"
"SEBIOPAG_VcG","T13","2016","clover AND alfalfa","43.4201939784123","1.03466598315156"
"SEBIOPAG_VcG","T14","2016","clover","43.4082200106346","1.00876498033873"
"SEBIOPAG_VcG","T15","2016","lens","43.4170729767653","1.02217501958663"
"SEBIOPAG_VcG","T16","2016","soy beans","43.4193650081844","0.987092982954207"
"SEBIOPAG_VcG","T17","2016","clover","43.4270760238253","0.980080012209168"
"SEBIOPAG_VcG","T20","2016","corn","43.290145984668","0.901684993845095"
"SEBIOPAG_VcG","T01","2017","ray grass","43.2892089717185","0.960448002416495"
"SEBIOPAG_VcG","T02","2017","wheat","43.3119179781702","1.05603497473498"
"SEBIOPAG_VcG","T03","2017","dactyl AND ray grass","43.3055250168044","1.08063301069993"
"SEBIOPAG_VcG","T04","2017","alfalfa","43.3206830181322","1.01826201190911"
"SEBIOPAG_VcG","T05","2017","seed carrot","43.3257969848869","0.931428009615627"
"SEBIOPAG_VcG","T06","2017","sunflower","43.3315830126535","1.00926102136785"
"SEBIOPAG_VcG","T07","2017","ray grass","43.3415960341744","0.928729958803604"
"SEBIOPAG_VcG","T09","2017","","43.3612739768008","1.0153580177373"
"SEBIOPAG_VcG","T10","2017","sorghum ","43.3494679823629","0.992643982150146"
"SEBIOPAG_VcG","T11","2017","barley","43.3434210259495","0.905990023133205"
"SEBIOPAG_VcG","T12","2017","clover","43.3713170055433","1.02269997818313"
"SEBIOPAG_VcG","T13","2017","wheat","43.4201939784123","1.03466598315156"
"SEBIOPAG_VcG","T14","2017","triticale","43.4082200106346","1.00876498033873"
"SEBIOPAG_VcG","T15","2017","wheat","43.4170729767653","1.02217501958663"
"SEBIOPAG_VcG","T16","2017","alfalfa","43.4193650081844","0.987092982954207"
"SEBIOPAG_VcG","T17","2017","ray grass","43.4270760238253","0.980080012209168"
"SEBIOPAG_VcG","T20","2017","wheat","43.290145984668","0.901684993845095"
"SEBIOPAG_VcG","T01","2018","ray grass AND clover","43.2892089717185","0.960448002416495"
"SEBIOPAG_VcG","T02","2018","ray grass","43.3119179781702","1.05603497473498"
"SEBIOPAG_VcG","T03","2018","dactyl AND Ray grass","43.3055250168044","1.08063301069993"
"SEBIOPAG_VcG","T04","2018","alfalfa","43.3206830181322","1.01826201190911"
"SEBIOPAG_VcG","T05","2018","wheat","43.3257969848869","0.931428009615627"
"SEBIOPAG_VcG","T06","2018","wheat","43.3315830126535","1.00926102136785"
"SEBIOPAG_VcG","T07","2018","alfalfa","43.3415960341744","0.928729958803604"
"SEBIOPAG_VcG","T09","2018","wheat","43.3612739768008","1.0153580177373"
"SEBIOPAG_VcG","T10","2018","wheat","43.3494679823629","0.992643982150146"
"SEBIOPAG_VcG","T11","2018","wheat","43.3434210259495","0.905990023133205"
"SEBIOPAG_VcG","T12","2018","wheat","43.3713170055433","1.02269997818313"
"SEBIOPAG_VcG","T13","2018","barley","43.4201939784123","1.03466598315156"
"SEBIOPAG_VcG","T14","2018","clover","43.4082200106346","1.00876498033873"
"SEBIOPAG_VcG","T15","2018","sunflower","43.4170729767653","1.02217501958663"
"SEBIOPAG_VcG","T16","2018","faba beans","43.4193650081844","0.987092982954207"
"SEBIOPAG_VcG","T17","2018","buckwheat","43.4270760238253","0.980080012209168"
"SEBIOPAG_VcG","T20","2018","barley","43.290145984668","0.901684993845095"
"SEBIOPAG_VcG","T01","2019","ray grass AND clover","43.2892089717185","0.960448002416495"
"SEBIOPAG_VcG","T02","2019","wheat","43.3119179781702","1.05603497473498"
"SEBIOPAG_VcG","T03","2019","dactyle, ray grass AND clover","43.3055250168044","1.08063301069993"
"SEBIOPAG_VcG","T04","2019","alfalfa","43.3206830181322","1.01826201190911"
"SEBIOPAG_VcG","T05","2019","faba beans","43.3257969848869","0.931428009615627"
"SEBIOPAG_VcG","T06","2019","","43.3315830126535","1.00926102136785"
"SEBIOPAG_VcG","T07","2019","alfalfa","43.3415960341744","0.928729958803604"
"SEBIOPAG_VcG","T09","2019","wheat","43.3612739768008","1.0153580177373"
"SEBIOPAG_VcG","T10","2019","sunflower","43.3494679823629","0.992643982150146"
"SEBIOPAG_VcG","T11","2019","sunflower","43.3434210259495","0.905990023133205"
"SEBIOPAG_VcG","T12","2019","clover","43.3713170055433","1.02269997818313"
"SEBIOPAG_VcG","T13","2019","alfalfa","43.4201939784123","1.03466598315156"
"SEBIOPAG_VcG","T14","2019","wheat","43.4082200106346","1.00876498033873"
"SEBIOPAG_VcG","T15","2019","spelt","43.4170729767653","1.02217501958663"
"SEBIOPAG_VcG","T16","2019","soy beans","43.4193650081844","0.987092982954207"
"SEBIOPAG_VcG","T17","2019","clover","43.4270760238253","0.980080012209168"
"SEBIOPAG_VcG","T20","2019","clover","43.290145984668","0.901684993845095"
"SEBIOPAG_VcG","T01","2020","wheat","43.2892089717185","0.960448002416495"
"SEBIOPAG_VcG","T02","2020","ray grass","43.3119179781702","1.05603497473498"
"SEBIOPAG_VcG","T03","2020","dactyl AND ray grass","43.3055250168044","1.08063301069993"
"SEBIOPAG_VcG","T04","2020","alfalfa","43.3206830181322","1.01826201190911"
"SEBIOPAG_VcG","T05","2020","soy beans","43.3257969848869","0.931428009615627"
"SEBIOPAG_VcG","T06","2020","wheat","43.3315830126535","1.00926102136785"
"SEBIOPAG_VcG","T07","2020","alfalfa","43.3415960341744","0.928729958803604"
"SEBIOPAG_VcG","T09","2020","oilseed rape","43.3612739768008","1.0153580177373"
"SEBIOPAG_VcG","T10","2020","wheat","43.3494679823629","0.992643982150146"
"SEBIOPAG_VcG","T11","2020","wheat","43.3434210259495","0.905990023133205"
"SEBIOPAG_VcG","T12","2020","clover","43.3713170055433","1.02269997818313"
"SEBIOPAG_VcG","T13","2020","alfalfa","43.4201939784123","1.03466598315156"
"SEBIOPAG_VcG","T14","2020","lens","43.4082200106346","1.00876498033873"
"SEBIOPAG_VcG","T15","2020","buckwheat","43.4170729767653","1.02217501958663"
"SEBIOPAG_VcG","T16","2020","Tritical","43.4193650081844","0.987092982954207"
"SEBIOPAG_VcG","T17","2020","wheat","43.4270760238253","0.980080012209168"
"SEBIOPAG_VcG","T20","2020","clover","43.290145984668","0.901684993845095"
"SEBIOPAG_VcG","T01","2021","wheat","43.2892089717185","0.960448002416495"
"SEBIOPAG_VcG","T02","2021","ray grass","43.3119179781702","1.05603497473498"
"SEBIOPAG_VcG","T03","2021","dactyl AND ray grass","43.3055250168044","1.08063301069993"
"SEBIOPAG_VcG","T04","2021","barley","43.3206830181322","1.01826201190911"
"SEBIOPAG_VcG","T05","2021","wheat","43.3257969848869","0.931428009615627"
"SEBIOPAG_VcG","T06","2021","sunflower","43.3315830126535","1.00926102136785"
"SEBIOPAG_VcG","T07","2021","alfalfa","43.3415960341744","0.928729958803604"
"SEBIOPAG_VcG","T09","2021","wheat","43.3612739768008","1.0153580177373"
"SEBIOPAG_VcG","T10","2021","sunflower","43.3494679823629","0.992643982150146"
"SEBIOPAG_VcG","T11","2021","sunflower","43.3434210259495","0.905990023133205"
"SEBIOPAG_VcG","T12","2021","wheat","43.3713170055433","1.02269997818313"
"SEBIOPAG_VcG","T13","2021","faba beans","43.4201939784123","1.03466598315156"
"SEBIOPAG_VcG","T14","2021","wheat","43.4082200106346","1.00876498033873"
"SEBIOPAG_VcG","T15","2021","spelt","43.4170729767653","1.02217501958663"
"SEBIOPAG_VcG","T16","2021","chickpea","43.4193650081844","0.987092982954207"
"SEBIOPAG_VcG","T17","2021","barley","43.4270760238253","0.980080012209168"
"SEBIOPAG_VcG","T20","2021","wheat","43.290145984668","0.901684993845095"
"FRAMEwork_BVD","75_c","2021","Malus domestica","43.7890116","4.9218895"
"FRAMEwork_BVD","212_c","2021","Malus domestica","43.8965857","4.9950756"
"FRAMEwork_BVD","237_c2","2021","Malus domestica","43.7684592","5.0779888"
"FRAMEwork_BVD","232_c2","2021","Malus domestica","43.8406022","4.8244507"
"FRAMEwork_BVD","212_b","2021","Malus domestica","43.8967815","4.9949955"
"FRAMEwork_BVD","11_c","2021","Malus domestica","43.8337507","4.8966050"
"FRAMEwork_BVD","11_b","2021","Malus domestica","43.8338088","4.8966043"
"FRAMEwork_BVD","26_c","2021","Malus domestica","43.8358845","4.9364438"
"FRAMEwork_BVD","26_b","2021","Malus domestica","43.83627260","4.93486066"
"FRAMEwork_BVD","75_b","2021","Malus domestica","43.7892819","4.9217396"
"FRAMEwork_BVD","88_c","2021","Malus domestica","43.8130674","4.9077092"
"FRAMEwork_BVD","88_b","2021","Malus domestica","43.8131845","4.9072309"
"FRAMEwork_BVD","194_c2","2021","Malus domestica","43.8261993","4.9004074"
"FRAMEwork_BVD","194_b2","2021","Malus domestica","43.8260938","4.9002688"
"FRAMEwork_BVD","200_c","2021","Malus domestica","43.7947795","4.9318957"
"FRAMEwork_BVD","200_b","2021","Malus domestica","43.7949689","4.9320221"
"FRAMEwork_BVD","205_c2","2021","Malus domestica","43.7991680","4.8904906"
"FRAMEwork_BVD","205_b2","2021","Malus domestica","43.7995341","4.8907169"
"FRAMEwork_BVD","211_c","2021","Malus domestica","43.9074597","4.9569373"
"FRAMEwork_BVD","211_b","2021","Malus domestica","43.9073971","4.9569321"
"FRAMEwork_BVD","228_c","2021","Malus domestica","43.8098250","4.9312425"
"FRAMEwork_BVD","228_b","2021","Malus domestica","43.8099299","4.9311902"
"FRAMEwork_BVD","230_c2","2021","Malus domestica","43.8085714","4.8764209"
"FRAMEwork_BVD","230_b2","2021","Malus domestica","43.8085210","4.8768593"
"FRAMEwork_BVD","232_b2","2021","Malus domestica","43.8407277","4.8243760"
"FRAMEwork_BVD","233_c","2021","Malus domestica","43.8443489","5.0104490"
"FRAMEwork_BVD","233_b","2021","Malus domestica","43.8442943","5.0108872"
"FRAMEwork_BVD","234_c","2021","Malus domestica","43.8411479","4.9091558"
"FRAMEwork_BVD","234_b","2021","Malus domestica","43.8412638","4.9092208"
"FRAMEwork_BVD","235_c2","2021","Malus domestica","43.74076372","5.14240852"
"FRAMEwork_BVD","235_b2","2021","Malus domestica","43.74065223","5.14268650"
"FRAMEwork_BVD","236_c2","2021","Malus domestica","43.7754276","5.0557375"
"FRAMEwork_BVD","236_b2","2021","Malus domestica","43.7755609","5.0555553"
"FRAMEwork_BVD","237_b2","2021","Malus domestica","43.7683385","5.0781329"
"FRAMEwork_BVD","238_c2","2021","Malus domestica","43.8501487","4.9124281"
"FRAMEwork_BVD","238_b2","2021","Malus domestica","43.8501043","4.9125457"
"Agrim2019","21AC","2019","Ble","47.9512114609775","-1.95831691366506"
"Agrim2019","18AB","2019","Ble","47.9281623434642","-1.89982789569241"
"Agrim2019","19AB","2019","Ble","47.9318156272313","-1.90417794817754"
"Agrim2019","14AC","2019","Ble","47.9445081634459","-1.60579937958292"
"Agrim2019","4AB","2019","Ble","48.0648902245207","-1.42190671307296"
"Agrim2019","5AC","2019","Ble","48.0538165378467","-1.42601101601716"
"Agrim2019","13AC","2019","Ble","47.9572126390635","-1.6126016012298"
"Agrim2019","10AC","2019","Ble","48.0054318460251","-1.38574470720477"
"Agrim2019","1AC","2019","Ble","48.1211844494509","-1.38178517447225"
"Agrim2019","12AC","2019","Ble","47.9388334180251","-1.42737634868092"
"Agrim2019","9AC","2019","Ble","48.0224619937202","-1.43780168031975"
"Agrim2019","12AB","2019","Ble","47.9348650373933","-1.42964324503639"
"Agrim2019","8AC","2019","Ble","48.0405411185515","-1.42776283313158"
"Agrim2019","3AB","2019","Ble","48.0489730316159","-1.45511304443267"
"Agrim2019","6AC","2019","Ble","48.0661359253656","-1.36367071307399"
"Agrim2019","17AB","2019","Ble","47.8776789724602","-1.89199612894194"
"Agrim2019","4AC","2019","Ble","48.0728861090748","-1.41998031221901"
"Agrim2019","22AC","2019","Ble","47.9902766192988","-1.98076343916692"
"Agrim2019","13AB","2019","Ble","47.9576959519736","-1.61008197748287"
"Agrim2019","21AB","2019","Ble","47.9486430925392","-1.94929501819618"
"Agrim2019","14AB","2019","Ble","47.9462028508341","-1.60776281920819"
"Agrim2019","8AB","2019","Ble","48.0402275396249","-1.41841127520567"
"Agrim2019","7AB","2019","Ble","48.0676092794905","-1.35343907425536"
"Agrim2019","1AB","2019","Ble","48.1201744219164","-1.37542210193801"
"Agrim2019","9AB","2019","Ble","48.03012826842","-1.43247823236313"
"Agrim2019","5AB","2019","Ble","48.0546555719622","-1.42710560603964"
"Agrim2019","17AC","2019","Ble","47.8814729034229","-1.89993178532818"
"Agrim2019","10AB","2019","Ble","48.0096033376597","-1.38406378021077"
"Agrim2019","19AC","2019","Ble","47.925098741807","-1.91157795472601"
"Agrim2019","6AB","2019","Ble","48.0673633542895","-1.35790412256569"
"Agrim2019","16AC","2019","Ble","47.8082001288185","-1.69416210300416"
"Agrim2019","18AC","2019","Ble","47.9240160867196","-1.89378274233688"
"Agrim2019","16AB","2019","Melange cerealier","47.8170506115558","-1.69000762432139"
"Agrim2019","15AB","2019","Ble","47.8220407809913","-1.69997754933968"
"Agrim2019","15AC","2019","Ble","47.8195563560355","-1.70343986890052"
"Agrim2019","7AC","2019","Ble","48.0641278825844","-1.35904607679711"
"Agrim2019","22AB","2019","Melange cerealier","47.9874967490538","-1.99227303351372"
"Agrim2019","2AC","2019","Ble","48.0729185856686","-1.50710831747871"
"Agrim2019","3AC","2019","Ble","48.051429254483","-1.44919036054049"
"Agrim2019","2AB","2019","Ble","48.0705492127947","-1.50655882488349"
"Seree2022","Buchelay1","2020","fev_h","48.97475","1.66331"
"Seree2022","Chatelliers5","2020","fev_p","48.33130","1.21225"
"Seree2022","Corbreuse1","2020","fev_h","48.510716","1.960592"
"Seree2022","Dourdan9","2020","fev_h","48.54544","2.00647"
"Seree2022","Germainville9","2020","fev_h","48.74622","1.49917"
"Seree2022","Guillerval12","2020","fev_p","48.35497","2.10290"
"Seree2022","Guillerval18","2020","fev_p","48.35336","2.08922"
"Seree2022","Maisse3","2020","fev_h","48.40013","2.33826"
"Seree2022","Mespuits30","2020","fev_p","48.35363","2.29775"
"Seree2022","Mezieres219","2020","fev_p","48.726271","1.446482"
"Seree2022","Mezieres41","2020","fev_h","48.74445","1.44703"
"Seree2022","Mondreville3","2020","fev_p","48.908078","1.5521083"
"Seree2022","Mondreville4","2020","fev_p","48.89537","1.55103"
"Seree2022","Monnerville9","2020","fev_p","48.3622383","2.033140"
"Seree2022","Saclas7","2020","fev_p","48.374379","2.118985"
"Seree2022","Saint_nom3","2020","fev_p","48.835905","1.990703"
"Seree2022","Sermaise1","2020","fev_h","48.52150","2.08147"
"Seree2022","Serville3","2020","fev_h","48.77284","1.46609"
"Seree2022","Sonchamp4","2020","fev_h","48.55963","1.86920"
"Seree2022","Bailly_Bande","2019","fev_p","48.841449","2.047295"
"Seree2022","Chatelliers7","2019","fev_p","48.331585","1.2202716"
"Seree2022","Dourdan7","2019","fev_h","48.550302","1.999123"
"Seree2022","Favrieux30","2019","fev_p","48.94260","1.67163"
"Seree2022","Germainville12","2019","fev_h","48.73929499999999","1.5119"
"Seree2022","Guillerval10","2019","fev_h","48.373377","2.102222"
"Seree2022","Guillerval4","2019","fev_h","48.37737","2.10160"
"Seree2022","Mondreville17","2019","fev_p","48.91492","1.52705"
"Seree2022","Mondreville24","2019","fev_h","48.91717","1.53198"
"Seree2022","Serville7","2019","fev_h","48.770459","1.477448"
"Seree2022","Sonchamp5","2019","fev_h","48.559799","1.870121"
"Seree2022","St_Illiers5","2019","fev_p","48.972629","1.505532"
"Seree2022","Villeneuve2","2019","fev_h","48.28179","1.57272"
"Seree2022","Yermenonville5","2019","fev_p","48.544491","1.629455"
"Pigot2023","Bailly1_A","2021",NA,"48.841317","2.043014"
"Pigot2023","Bailly1_B","2021",NA,"48.841713","2.042928"
"Pigot2023","Bailly1_C","2021",NA,"48.842116","2.042981"
"Pigot2023","Blandainville19_A","2021",NA,"48.313533","1.280728"
"Pigot2023","Blandainville19_B","2021",NA,"48.313463","1.280116"
"Pigot2023","Blandainville19_C","2021",NA,"48.313406","1.279388"
"Pigot2023","Blandainville2_A","2021",NA,"48.295546","1.343798"
"Pigot2023","Blandainville2_B","2021",NA,"48.295553","1.343206"
"Pigot2023","Blandainville2_C","2021",NA,"48.295671","1.35254"
"Pigot2023","Buchelay24_A","2021",NA,"48.970703","1.64363"
"Pigot2023","Buchelay24_B","2021",NA,"48.970673","1.64431"
"Pigot2023","Buchelay24_C","2021",NA,"48.97067","1.644842"
"Pigot2023","Buchelay6A_A","2021",NA,"48.971427","1.631419"
"Pigot2023","Buchelay6A_B","2021",NA,"48.971569","1.631987"
"Pigot2023","Buchelay6A_C","2021",NA,"48.971807","1.632454"
"Pigot2023","Buchelay6B_A","2021",NA,"48.970723","1.631092"
"Pigot2023","Buchelay6B_B","2021",NA,"48.970395","1.631456"
"Pigot2023","Buchelay6B_C","2021",NA,"48.970073","1.631764"
"Pigot2023","Chanu1_A","2021",NA,"48.955175","1.455642"
"Pigot2023","Chanu1_B","2021",NA,"48.955497","1.455691"
"Pigot2023","Chanu1_C","2021",NA,"48.955921","1.455667"
"Pigot2023","Chanu13_A","2021",NA,"48.959508","1.468084"
"Pigot2023","Chanu13_B","2021",NA,"48.959481","1.467396"
"Pigot2023","Chanu13_C","2021",NA,"48.959751","1.467095"
"Pigot2023","Chatelliers1_A","2021",NA,"48.337767","1.206146"
"Pigot2023","Chatelliers1_B","2021",NA,"48.33823","1.205695"
"Pigot2023","Chatelliers1_C","2021",NA,"48.338341","1.205682"
"Pigot2023","Chatelliers13A_A","2021",NA,"48.341765","1.228476"
"Pigot2023","Chatelliers13A_B","2021",NA,"48.342026","1.229075"
"Pigot2023","Chatelliers13A_C","2021",NA,"48.342246","1.229603"
"Pigot2023","Chatelliers13B_A","2021",NA,"48.341048","1.228493"
"Pigot2023","Chatelliers13B_B","2021",NA,"48.340762","1.228181"
"Pigot2023","Chatelliers13B_C","2021",NA,"48.340477","1.228436"
"Pigot2023","ChatelliersB5_A","2021",NA,"48.3524","1.210873"
"Pigot2023","ChatelliersB5_B","2021",NA,"48.352311","1.210336"
"Pigot2023","ChatelliersB5_C","2021",NA,"48.2131666","1.209695"
"Pigot2023","Chavenay1A_A","2021",NA,"48.838088","1.995677"
"Pigot2023","Chavenay1A_B","2021",NA,"48.838523","1.99565"
"Pigot2023","Chavenay1A_C","2021",NA,"48.839345","1.995878"
"Pigot2023","Corbreuse1_A","2021",NA,"48.508964","1.960387"
"Pigot2023","Corbreuse1_B","2021",NA,"48.508633","1.960603"
"Pigot2023","Corbreuse1_C","2021",NA,"48.50829","1.960733"
"Pigot2023","Corbreuse14_A","2021",NA,"48.494298","1.940389"
"Pigot2023","Corbreuse14_B","2021",NA,"48.493958","1.940636"
"Pigot2023","Corbreuse14_C","2021",NA,"48.493602","1.940694"
"Pigot2023","Dourdan5_A","2021",NA,"48.547356","1.9997"
"Pigot2023","Dourdan5_B","2021",NA,"48.546992","1.99981"
"Pigot2023","Dourdan5_C","2021",NA,"48.547022","1.999663"
"Pigot2023","Favrieux1_A","2021",NA,"48.9405316","1.641243"
"Pigot2023","Favrieux1_B","2021",NA,"48.9408316","1.6408616"
"Pigot2023","Favrieux1_C","2021",NA,"48.941325","1.640226"
"Pigot2023","Gas1B_A","2021",NA,"48.560456","1.662991"
"Pigot2023","Gas1B_B","2021",NA,"48.560123","1.66299"
"Pigot2023","Gas1B_C","2021",NA,"48.559756","1.663015"
"Pigot2023","Gas4_A","2021",NA,"48.554776","1.656302"
"Pigot2023","Gas4_B","2021",NA,"48.554722","1.656841"
"Pigot2023","Gas4_C","2021",NA,"48.554726","1.657194"
"Pigot2023","Gas9_A","2021",NA,"48.58007","1.660257"
"Pigot2023","Gas9_B","2021",NA,"48.580448","1.660639"
"Pigot2023","Gas9_C","2021",NA,"48.580266","1.660634"
"Pigot2023","Germainville21_A","2021",NA,"48.747992","1.46824"
"Pigot2023","Germainville21_B","2021",NA,"48.74805","1.468873"
"Pigot2023","Germainville21_C","2021",NA,"48.747953","1.469505"
"Pigot2023","Germainville24-Bazainville_A","2021",NA,"48.822517","1.66975"
"Pigot2023","Germainville24-Bazainville_B","2021",NA,"48.822839","1.670066"
"Pigot2023","Germainville24-Bazainville_C","2021",NA,"48.82307","1.670512"
"Pigot2023","Germainville25-Bazainville_A","2021",NA,"48.821293","1.676093"
"Pigot2023","Germainville25-Bazainville_B","2021",NA,"48.821401","1.676568"
"Pigot2023","Germainville25-Bazainville_C","2021",NA,"48.821672","1.677356"
"Pigot2023","Guillerval18_A","2021",NA,"48.353202","2.090912"
"Pigot2023","Guillerval18_B","2021",NA,"48.353347","2.090402"
"Pigot2023","Guillerval18_C","2021",NA,"48.353492","2.091747"
"Pigot2023","Janvry10A_A","2021",NA,"48.65836","2.137296"
"Pigot2023","Janvry10A_B","2021",NA,"48.658327","2.136967"
"Pigot2023","Janvry10A_C","2021",NA,"48.658087","2.136603"
"Pigot2023","Janvry10B_A","2021",NA,"48.659347","2.139406"
"Pigot2023","Janvry10B_B","2021",NA,"48.65882","2.139421"
"Pigot2023","Janvry10B_C","2021",NA,"48.658229","2.139484"
"Pigot2023","Janvry4_A","2021",NA,"48.641579","2.123303"
"Pigot2023","Janvry4_B","2021",NA,"48.641703","2.123115"
"Pigot2023","Janvry4_C","2021",NA,"48.642217","2.123021"
"Pigot2023","Janvry5_A","2021",NA,"48.641522","2.124786"
"Pigot2023","Janvry5_B","2021",NA,"48.641949","2.125051"
"Pigot2023","Janvry5_C","2021",NA,"48.642275","2.125526"
"Pigot2023","Janvry8_A","2021",NA,"48.657281","2.142062"
"Pigot2023","Janvry8_B","2021",NA,"48.657043","2.142074"
"Pigot2023","Janvry8_C","2021",NA,"48.656581","2.142002"
"Pigot2023","Levesville13_A","2021",NA,"48.486118","1.436772"
"Pigot2023","Levesville13_B","2021",NA,"48.485713","1.43683"
"Pigot2023","Levesville13_C","2021",NA,"48.4852","1.436813"
"Pigot2023","Levesville2_A","2021",NA,"48.49537","1.42871"
"Pigot2023","Levesville2_B","2021",NA,"48.495862","1.428861"
"Pigot2023","Levesville2_C","2021",NA,"48.496248","1.429118"
"Pigot2023","Levesville4_A","2021",NA,"48.496403","1.43733"
"Pigot2023","Levesville4_B","2021",NA,"48.49664","1.436752"
"Pigot2023","Levesville4_C","2021",NA,"48.496798","1.436045"
"Pigot2023","Maisse3_A","2021",NA,"48.400634","2.337511"
"Pigot2023","Maisse3_B","2021",NA,"48.401208","2.337696"
"Pigot2023","Maisse3_C","2021",NA,"48.401586","2.337931"
"Pigot2023","Maisse4_A","2021",NA,"48.399581","2.33985"
"Pigot2023","Maisse4_B","2021",NA,"48.399911","2.339977"
"Pigot2023","Maisse4_C","2021",NA,"48.40025","2.340047"
"Pigot2023","Mespuits27_A","2021",NA,"48.368319","2.261445"
"Pigot2023","Mespuits27_B","2021",NA,"48.368232","2.261339"
"Pigot2023","Mespuits27_C","2021",NA,"48.36794","2.260545"
"Pigot2023","Mezieres15_A","2021",NA,"48.723117","1.45941"
"Pigot2023","Mezieres15_B","2021",NA,"48.723496","1.459422"
"Pigot2023","Mezieres15_C","2021",NA,"48.723859","1.459467"
"Pigot2023","Mezieres2-11_A","2021",NA,"48.722204","1.468178"
"Pigot2023","Mezieres2-11_B","2021",NA,"48.722446","1.467746"
"Pigot2023","Mezieres2-11_C","2021",NA,"48.722829","1.467364"
"Pigot2023","Mezieres2-13_A","2021",NA,"48.721251","1.474666"
"Pigot2023","Mezieres2-13_B","2021",NA,"48.721512","1.474628"
"Pigot2023","Mezieres2-13_C","2021",NA,"48.721817","1.47409"
"Pigot2023","Mezieres2-4_A","2021",NA,"48.721926","1.457192"
"Pigot2023","Mezieres2-4_B","2021",NA,"48.721584","1.457306"
"Pigot2023","Mezieres2-4_C","2021",NA,"48.721136","1.45708"
"Pigot2023","Mezieres26_A","2021",NA,"48.708215","1.466745"
"Pigot2023","Mezieres26_B","2021",NA,"48.708712","1.466507"
"Pigot2023","Mezieres26_C","2021",NA,"48.709258","1.466544"
"Pigot2023","Monnerville8A_A","2021",NA,"48.359947","2.033512"
"Pigot2023","Monnerville8A_B","2021",NA,"48.359795","2.034013"
"Pigot2023","Monnerville8A_C","2021",NA,"48.359576","2.034628"
"Pigot2023","Saclas26_A","2021",NA,"48.350208","2.128288"
"Pigot2023","Saclas26_B","2021",NA,"48.349943","2.127832"
"Pigot2023","Saclas26_C","2021",NA,"48.349722","2.127337"
"Pigot2023","Saclas4A_A","2021",NA,"48.376005","2.125042"
"Pigot2023","Saclas4A_B","2021",NA,"48.375658","2.125435"
"Pigot2023","Saclas4A_C","2021",NA,"48.375283","2.125902"
"Pigot2023","Saint-Martin1_A","2021",NA,"48.496529","1.944047"
"Pigot2023","Saint-Martin1_B","2021",NA,"48.496168","1.944373"
"Pigot2023","Saint-Martin1_C","2021",NA,"48.495945","1.944677"
"Pigot2023","Saint-Nom3A_A","2021",NA,"48.83749","1.989971"
"Pigot2023","Saint-Nom3A_B","2021",NA,"48.837065","1.988941"
"Pigot2023","Saint-Nom3A_C","2021",NA,"48.836955","1.988274"
"Pigot2023","Saint-Nom3B_A","2021",NA,"48.83724","1.990775"
"Pigot2023","Saint-Nom3B_B","2021",NA,"48.836934","1.99119"
"Pigot2023","Saint-Nom3B_C","2021",NA,"48.836673","1.99154"
"Pigot2023","Serville14_A","2021",NA,"48.746033","1.663092"
"Pigot2023","Serville14_B","2021",NA,"48.745889","1.663618"
"Pigot2023","Serville14_C","2021",NA,"48.745214","1.663646"
"Pigot2023","Villeneuve2E_A","2021",NA,"48.283436","1.572834"
"Pigot2023","Villeneuve2E_B","2021",NA,"48.283694","1.572857"
"Pigot2023","Villeneuve2E_C","2021",NA,"48.284127","1.572727"
"Pigot2023","Villeneuve3_A","2021",NA,"48.284111","1.575771"
"Pigot2023","Villeneuve3_B","2021",NA,"48.283781","1.576058"
"Pigot2023","Villeneuve3_C","2021",NA,"48.283546","1.576442"
"Pigot2023","Yermenonville12_A","2021",NA,"48.533167","1.632793"
"Pigot2023","Yermenonville12_B","2021",NA,"48.533143","1.632232"
"Pigot2023","Yermenonville12_C","2021",NA,"48.533048","1.63172"
"Pigot2023","Yermenonville7_A","2021",NA,"48.541853","1.6291"
"Pigot2023","Yermenonville7_B","2021",NA,"48.541775","1.628543"
"Pigot2023","Yermenonville7_C","2021",NA,"48.541628","1.628222"
"Pigot2023","Yermenonville8A_A","2021",NA,"48.540396","1.63115"
"Pigot2023","Yermenonville8A_B","2021",NA,"48.540378","1.630236"
"Pigot2023","Yermenonville8A_C","2021",NA,"48.540445","1.629626"
"Pigot2023","Bailly1_A","2022",NA,"48.842612","2.043775"
"Pigot2023","Bailly1_B","2022",NA,"48.842242","2.043587"
"Pigot2023","Bailly1_C","2022",NA,"48.841798","2.043457"
"Pigot2023","Bailly17_A","2022",NA,"48.844879","2.051003"
"Pigot2023","Bailly17_B","2022",NA,"48.844574","2.051038"
"Pigot2023","Bailly17_C","2022",NA,"48.844238","2.051189"
"Pigot2023","Blandainville2_A","2022",NA,"48.295423","1.344083"
"Pigot2023","Blandainville2_B","2022",NA,"48.295432","1.3435"
"Pigot2023","Blandainville2_C","2022",NA,"48.295549","1.342955"
"Pigot2023","Blandainville5_A","2022",NA,"48.312092","1.357452"
"Pigot2023","Blandainville5_B","2022",NA,"48.311812","1.356969"
"Pigot2023","Blandainville5_C","2022",NA,"48.311534","1.356486"
"Pigot2023","Buchelay20_A","2022",NA,"48.981985","1.66787"
"Pigot2023","Buchelay20_B","2022",NA,"48.981922","1.667663"
"Pigot2023","Buchelay20_C","2022",NA,"48.981827","1.66742"
"Pigot2023","Buchelay6B_A","2022",NA,"48.970764","1.631063"
"Pigot2023","Buchelay6B_B","2022",NA,"48.97049","1.63127"
"Pigot2023","Buchelay6B_C","2022",NA,"48.970154","1.631557"
"Pigot2023","Chanu1_A","2022",NA,"48.955048","1.455573"
"Pigot2023","Chanu1_B","2022",NA,"48.955414","1.455554"
"Pigot2023","Chanu1_C","2022",NA,"48.95578","1.45556"
"Pigot2023","Chanu8_A","2022",NA,"48.957978","1.47351"
"Pigot2023","Chanu8_B","2022",NA,"48.957693","1.473667"
"Pigot2023","Chanu8_C","2022",NA,"48.957178","1.473985"
"Pigot2023","Chatelliers13A_A","2022",NA,"48.341583","1.228388"
"Pigot2023","Chatelliers13A_B","2022",NA,"48.341766","1.228896"
"Pigot2023","Chatelliers13A_C","2022",NA,"48.341919","1.229312"
"Pigot2023","Chatelliers6_A","2022",NA,"48.335539","1.209597"
"Pigot2023","Chatelliers6_B","2022",NA,"48.335266","1.210128"
"Pigot2023","Chatelliers6_C","2022",NA,"48.334991","1.210473"
"Pigot2023","ChatelliersB4_A","2022",NA,"48.346132","1.2025"
"Pigot2023","ChatelliersB4_B","2022",NA,"48.346405","1.202369"
"Pigot2023","ChatelliersB4_C","2022",NA,"48.346675","1.201933"
"Pigot2023","ChatelliersB5_A","2022",NA,"48.352478","1.211144"
"Pigot2023","ChatelliersB5_B","2022",NA,"48.352295","1.210734"
"Pigot2023","ChatelliersB5_C","2022",NA,"48.352051","1.210324"
"Pigot2023","Chavenay1B_A","2022",NA,"48.837952","1.996057"
"Pigot2023","Chavenay1B_B","2022",NA,"48.838165","1.996007"
"Pigot2023","Chavenay1B_C","2022",NA,"48.838654","1.99601"
"Pigot2023","Chavenay3A_A","2022",NA,"48.843323","2.002704"
"Pigot2023","Chavenay3A_B","2022",NA,"48.84317","2.002247"
"Pigot2023","Chavenay3A_C","2022",NA,"48.842987","2.001748"
"Pigot2023","Corbreuse14_A","2022",NA,"48.493896","1.939353"
"Pigot2023","Corbreuse14_B","2022",NA,"48.493896","1.939808"
"Pigot2023","Corbreuse14_C","2022",NA,"48.493866","1.940313"
"Pigot2023","Corbreuse15_A","2022",NA,"48.493561","1.938978"
"Pigot2023","Corbreuse15_B","2022",NA,"48.493256","1.939347"
"Pigot2023","Corbreuse15_C","2022",NA,"48.492981","1.939624"
"Pigot2023","Gas1B_A","2022",NA,"48.560699","1.662854"
"Pigot2023","Gas1B_B","2022",NA,"48.560364","1.662987"
"Pigot2023","Gas1B_C","2022",NA,"48.559875","1.663021"
"Pigot2023","Gas5A_A","2022",NA,"48.558871","1.65272"
"Pigot2023","Gas5A_B","2022",NA,"48.558706","1.653299"
"Pigot2023","Gas5A_C","2022",NA,"48.558565","1.65395"
"Pigot2023","Gas9_A","2022",NA,"48.579895","1.660197"
"Pigot2023","Gas9_B","2022",NA,"48.58017","1.660574"
"Pigot2023","Gas9_C","2022",NA,"48.580414","1.660967"
"Pigot2023","Germainville16_A","2022",NA,"48.739046","1.512873"
"Pigot2023","Germainville16_B","2022",NA,"48.738831","1.512331"
"Pigot2023","Germainville16_C","2022",NA,"48.738647","1.511787"
"Pigot2023","Germainville23_A","2022",NA,"48.754518","1.481279"
"Pigot2023","Germainville23_B","2022",NA,"48.754028","1.480752"
"Pigot2023","Germainville23_C","2022",NA,"48.753693","1.48044"
"Pigot2023","Germainville24-Bazainville_A","2022",NA,"48.821808","1.669861"
"Pigot2023","Germainville24-Bazainville_B","2022",NA,"48.822144","1.669967"
"Pigot2023","Germainville24-Bazainville_C","2022",NA,"48.822479","1.670012"
"Pigot2023","Guillerval16A_A","2022",NA,"48.347839","2.08969"
"Pigot2023","Guillerval16A_B","2022",NA,"48.348022","2.090166"
"Pigot2023","Guillerval16A_C","2022",NA,"48.348206","2.090594"
"Pigot2023","Janvry10B_A","2022",NA,"48.659027","2.139618"
"Pigot2023","Janvry10B_B","2022",NA,"48.658661","2.139587"
"Pigot2023","Janvry10B_C","2022",NA,"48.658356","2.139657"
"Pigot2023","Janvry17_A","2022",NA,"48.659607","2.138982"
"Pigot2023","Janvry17_B","2022",NA,"48.659546","2.13838"
"Pigot2023","Janvry17_C","2022",NA,"48.659485","2.137855"
"Pigot2023","Janvry19_A","2022",NA,"48.639343","2.132768"
"Pigot2023","Janvry19_B","2022",NA,"48.639374","2.133309"
"Pigot2023","Janvry19_C","2022",NA,"48.639465","2.133833"
"Pigot2023","Levesville13_A","2022",NA,"48.486389","1.436577"
"Pigot2023","Levesville13_B","2022",NA,"48.486023","1.43661"
"Pigot2023","Levesville13_C","2022",NA,"48.485657","1.436687"
"Pigot2023","Levesville14_A","2022",NA,"48.487389","1.434241"
"Pigot2023","Levesville14_B","2022",NA,"48.487091","1.434705"
"Pigot2023","Levesville14_C","2022",NA,"48.486725","1.434734"
"Pigot2023","Levesville4_A","2022",NA,"48.496368","1.437584"
"Pigot2023","Levesville4_B","2022",NA,"48.496429","1.437066"
"Pigot2023","Levesville4_C","2022",NA,"48.496552","1.436489"
"Pigot2023","Levesville5-6_A","2022",NA,"48.497357","1.448211"
"Pigot2023","Levesville5-6_B","2022",NA,"48.497437","1.448902"
"Pigot2023","Levesville5-6_C","2022",NA,"48.497314","1.44941"
"Pigot2023","Mezieres2-11_A","2022",NA,"48.722137","1.468086"
"Pigot2023","Mezieres2-11_B","2022",NA,"48.722412","1.467723"
"Pigot2023","Mezieres2-11_C","2022",NA,"48.722687","1.467351"
"Pigot2023","Mezieres2-4_A","2022",NA,"48.722171","1.457231"
"Pigot2023","Mezieres2-4_B","2022",NA,"48.721848","1.457259"
"Pigot2023","Mezieres2-4_C","2022",NA,"48.721466","1.457137"
"Pigot2023","Mezieres22_A","2022",NA,"48.713739","1.46149"
"Pigot2023","Mezieres22_B","2022",NA,"48.71371","1.461021"
"Pigot2023","Mezieres22_C","2022",NA,"48.713714","1.460403"
"Pigot2023","Mezieres26_A","2022",NA,"48.708069","1.466921"
"Pigot2023","Mezieres26_B","2022",NA,"48.708405","1.466834"
"Pigot2023","Mezieres26_C","2022",NA,"48.708771","1.466724"
"Pigot2023","Monnerville5A_A","2022",NA,"48.347198","2.057418"
"Pigot2023","Monnerville5A_B","2022",NA,"48.346954","2.057806"
"Pigot2023","Monnerville5A_C","2022",NA,"48.34668","2.058186"
"Pigot2023","Monnerville8A_A","2022",NA,"48.360653","2.033743"
"Pigot2023","Monnerville8A_B","2022",NA,"48.360858","2.034327"
"Pigot2023","Monnerville8A_C","2022",NA,"48.361048","2.035065"
"Pigot2023","Saclas18_A","2022",NA,"48.347839","2.094908"
"Pigot2023","Saclas18_B","2022",NA,"48.348053","2.095354"
"Pigot2023","Saclas18_C","2022",NA,"48.348267","2.095723"
"Pigot2023","Saclas4_A","2022",NA,"48.375986","2.124802"
"Pigot2023","Saclas4_B","2022",NA,"48.37561","2.125245"
"Pigot2023","Saclas4_C","2022",NA,"48.375123","2.125903"
"Pigot2023","Saint-Martin1_A","2022",NA,"48.496765","1.943836"
"Pigot2023","Saint-Martin1_B","2022",NA,"48.496429","1.944096"
"Pigot2023","Saint-Martin1_C","2022",NA,"48.496124","1.944403"
"Pigot2023","Saint-Nom2_A","2022",NA,"48.842468","1.994767"
"Pigot2023","Saint-Nom2_B","2022",NA,"48.842316","1.994303"
"Pigot2023","Saint-Nom2_C","2022",NA,"48.842194","1.993817"
"Pigot2023","Saint-Nom3A_A","2022",NA,"48.837372","1.989766"
"Pigot2023","Saint-Nom3A_B","2022",NA,"48.837189","1.989235"
"Pigot2023","Saint-Nom3A_C","2022",NA,"48.837067","1.988784"
"Pigot2023","Vieille-Eglise_SD_A","2022",NA,"48.841758","1.93033"
"Pigot2023","Vieille-Eglise_SD_B","2022",NA,"48.841243","1.93033"
"Pigot2023","Vieille-Eglise_SD_C","2022",NA,"48.84077","1.93025"
"Pigot2023","Vieille-Eglise_TCS_A","2022",NA,"48.841558","1.93135"
"Pigot2023","Vieille-Eglise_TCS_B","2022",NA,"48.841075","1.931353"
"Pigot2023","Vieille-Eglise_TCS_C","2022",NA,"48.84021","1.931325"
"Pigot2023","Villeneuve15B_A","2022",NA,"48.283622","1.567751"
"Pigot2023","Villeneuve15B_B","2022",NA,"48.283204","1.56754"
"Pigot2023","Villeneuve15B_C","2022",NA,"48.282805","1.567338"
"Pigot2023","Villeneuve3_A","2022",NA,"48.28403","1.575637"
"Pigot2023","Villeneuve3_B","2022",NA,"48.28365","1.57593"
"Pigot2023","Villeneuve3_C","2022",NA,"48.283311","1.576239"
"Pigot2023","Yermenonville8A_A","2022",NA,"48.540344","1.631158"
"Pigot2023","Yermenonville8A_B","2022",NA,"48.540314","1.630609"
"Pigot2023","Yermenonville8A_C","2022",NA,"48.540253","1.630056"
"Pigot2023","Yermenonville8C_A","2022",NA,"48.543914","1.635411"
"Pigot2023","Yermenonville8C_B","2022",NA,"48.543775","1.634818"
"Pigot2023","Yermenonville8C_C","2022",NA,"48.543582","1.634306"
"Pigot2023","Yermenonville10_A","2022",NA,"48.535661","1.629692"
"Pigot2023","Yermenonville10_B","2022",NA,"48.535256","1.62961"
"Pigot2023","Yermenonville10_C","2022",NA,"48.534823","1.629592"
"Herrera2026","Grignon_AA3_ID001","2020","FeveroleH","48.77284","1.46609"
"Herrera2026","Grignon_AA4_ID002","2020","Lentille","48.772841","1.466091"
"Herrera2026","Grignon_D1_ID003","2020","FeveroleH","48.97475","1.66358"
"Herrera2026","Grignon_I1_ID004","2020","FeveroleH","48.510716","1.960592"
"Herrera2026","Grignon_L1G_ID005","2020","Lentille","48.9400483","1.6414283"
"Herrera2026","Grignon_N9_ID006","2020","FeveroleH","48.74622","1.49917"
"Herrera2026","Grignon_O18_ID007","2020","FeveroleP","48.35336","2.08922"
"Herrera2026","Grignon_S41_ID008","2020","FeveroleH","48.74445","1.44703"
"Herrera2026","Grignon_S43_ID009","2020","Lentille","48.70501","1.37346"
"Herrera2026","Grignon_X10_ID010","2020","Lentille","48.84883","1.96743"
"Herrera2026","Nogent_F1_ID011","2020","FeveroleH","48.277761","3.379907"
"Herrera2026","Nogent_F2_ID012","2020","FeveroleH","48.302652","3.372677"
"Herrera2026","Nogent_F3_ID013","2020","FeveroleP","48.463859","3.140071"
"Herrera2026","Nogent_F4_ID014","2020","FeveroleH","48.452458","3.122926"
"Herrera2026","Nogent_F5_ID015","2020","FeveroleH","48.293069","2.81855"
"Herrera2026","Nogent_L1N_ID016","2020","Lentille","48.345517","3.512612"
"Herrera2026","Nogent_L2_ID017","2020","Lentille","48.304348","3.483292"
"Herrera2026","Nogent_L3_ID018","2020","Lentille","48.294291","3.459449"
"Herrera2026","Nogent_L4_ID019","2020","Lentille","48.455486","3.099169"
"Herrera2026","Nogent_L5_ID020","2020","Lentille","48.361491","3.141789"
"Herrera2026","Toulouse_P01_ID021","2020","FeveroleH","43.733577","0.790423"
"Herrera2026","Toulouse_P02_ID022","2020","FeveroleH","43.836607","0.915997"
"Herrera2026","Toulouse_P03_ID023","2020","FeveroleP","43.825806","0.914073"
"Herrera2026","Toulouse_P04_ID024","2020","Lentille","43.710349","0.979238"
"Herrera2026","Toulouse_P05_ID025","2020","Lentille","43.77089","0.832835"
"Herrera2026","Toulouse_P07_ID026","2020","Lentille","43.726062","0.776521"
"Herrera2026","Toulouse_P08_ID027","2020","Lentille","43.783409","0.831631"
"Herrera2026","Toulouse_P09_ID028","2020","Lentille","43.603344","0.929608"
"Herrera2026","Toulouse_P10_ID029","2020","Lentille","43.790887","0.791512"
"Herrera2026","Toulouse_P11_ID030","2020","Lentille","43.605696","0.923506"
"Herrera2026","Grignon_AA1_ID031","2021","Lentille","48.7774384","1.4668061"
"Herrera2026","Grignon_AA13_ID032","2021","Lentille","48.763674","1.499729"
"Herrera2026","Grignon_AA9_ID033","2021","FeveroleH","48.77661","1.48953"
"Herrera2026","Grignon_AB9_ID034","2021","FeveroleH","48.556384","1.870708"
"Herrera2026","Grignon_AD20_ID035","2021","Lentille","48.97899","1.45902"
"Herrera2026","Grignon_B19_ID036","2021","Lentille","48.842246","2.04802"
"Herrera2026","Grignon_B2b_ID037","2021","Lentille","48.833526","2.060287"
"Herrera2026","Grignon_D3_ID038","2021","Lentille","48.97619","1.629033"
"Herrera2026","Grignon_I10_ID039","2021","FeveroleP","48.505831","1.942085"
"Herrera2026","Grignon_I17_ID040","2021","FeveroleH","48.4920375","1.948905"
"Herrera2026","Grignon_J17_ID041","2021","FeveroleH","48.557796","2.010734"
"Herrera2026","Grignon_N23_ID042","2021","Lentille","48.752293","1.482243"
"Herrera2026","Grignon_U16_ID043","2021","FeveroleH","48.908768","1.535549"
"Herrera2026","Grignon_X4F_ID044","2021","FeveroleP","48.846111","1.989101"
"Herrera2026","Grignon_X4L_ID045","2021","Lentille","48.846111","1.989101"
"Herrera2026","Nogent_NF1_ID046","2021","FeveroleH","48.447983","3.116737"
"Herrera2026","Nogent_NF2_ID047","2021","FeveroleH","48.310806","3.475699"
"Herrera2026","Nogent_NF3_ID048","2021","FeveroleH","48.430411","3.349417"
"Herrera2026","Nogent_NF4_ID049","2021","FeveroleH","48.279367","3.54021"
"Herrera2026","Nogent_NF5_ID050","2021","FeveroleP","48.338462","3.420848"
"Herrera2026","Nogent_NL1_ID051","2021","Lentille","48.443404","3.124815"
"Herrera2026","Nogent_NL2_ID052","2021","Lentille","48.378379","3.42884"
"Herrera2026","Nogent_NL3_ID053","2021","Lentille","48.299938","3.475914"
"Herrera2026","Nogent_NL4_ID054","2021","Lentille","48.342651","3.318462"
"Herrera2026","Nogent_NL5_ID055","2021","Lentille","48.319138","3.342248"
"Herrera2026","Toulouse_TF1_ID056","2021","FeveroleH","43.60952","0.929"
"Herrera2026","Toulouse_TF2_ID057","2021","FeveroleH","43.842871","0.930924"
"Herrera2026","Toulouse_TF3_ID058","2021","FeveroleH","43.732016","0.794404"
"Herrera2026","Toulouse_TL1_ID059","2021","Lentille","43.725894","0.7755059"
"Herrera2026","Toulouse_TL2_ID060","2021","Lentille","43.7998","0.776443"
"Herrera2026","Toulouse_TL3_ID061","2021","Lentille","43.668333","1.108056"
"Herrera2026","Toulouse_TL4_ID062","2021","Lentille","43.766627","0.864476"
"Herrera2026","Toulouse_TL5_ID063","2021","Lentille","43.7219947","0.9172025"
"Herrera2026","Toulouse_TL6_ID064","2021","Lentille","43.850564","0.913888"
"Herrera2026","Toulouse_TL7_ID065","2021","Lentille","43.778372","0.844971"
"Herrera2026","Dijon_D_Agri_PNPP_E_ID066","2022","FeveroleH","47.23512","5.12146"
"Herrera2026","Dijon_D_Agri_PNPP_Tm_ID067","2022","FeveroleH","47.23512","5.12146"
"Herrera2026","Dijon_D_Agri_Tm4_ID068","2022","FeveroleH","47.233474","5.087518"
"Herrera2026","Dijon_D_Agri_Tm5_ID069","2022","FeveroleH","47.254038","5.10891"
"Herrera2026","Dijon_D_CASYS_E5_ID070","2022","FeveroleH","47.232583","5.105612"
"Herrera2026","Dijon_D_CASYS_E6_ID071","2022","FeveroleH","47.230361","5.100284"
"Herrera2026","Dijon_D_CASYS_Tm1_ID072","2022","FeveroleH","47.233354","5.104565"
"Herrera2026","Grignon_AA16_ID073","2022","Lentille","48.74374","1.46645"
"Herrera2026","Grignon_AA17_ID074","2022","Lentille","48.74352","1.46349"
"Herrera2026","Grignon_AA18_ID075","2022","Lentille","48.74041","1.4856"
"Herrera2026","Grignon_AAM_ID076","2022","Lentille","48.74041","1.4856"
"Herrera2026","Grignon_D16_ID077","2022","FeveroleP","48.98553","1.65914"
"Herrera2026","Grignon_D17_ID078","2022","FeveroleP","48.98553","1.65692"
"Herrera2026","Grignon_I3_ID079","2022","FeveroleP","48.50868","1.95793"
"Herrera2026","Grignon_S14_ID080","2022","Lentille","48.72406","1.45768"
"Herrera2026","Grignon_S15_ID081","2022","Lentille","48.72422","1.45895"
"Herrera2026","Grignon_S24_ID082","2022","Lentille","48.70907","1.46072"
"Herrera2026","Grignon_S32_ID083","2022","Lentille","48.72032","1.47498"
"Herrera2026","Nogent_NF_C1_Agrio_ID084","2022","FeveroleH","48.369579","3.157661"
"Herrera2026","Nogent_NF_C1_PNPP_ID085","2022","FeveroleH","48.36123","3.142486"
"Herrera2026","Nogent_NF_C1_Tm_ID086","2022","FeveroleH","48.371575","3.153502"
"Herrera2026","Nogent_NF_C2_PP_ID087","2022","FeveroleH","48.47713","3.03835"
"Herrera2026","Nogent_NF_C2_Tm_ID088","2022","FeveroleH","48.43878","3.01856"
"Herrera2026","Nogent_NF_C2_Tm_al_ID089","2022","FeveroleH","48.44992","3.09627"
"Herrera2026","Nogent_NL_C1_Agrio_ID090","2022","Lentille","48.31433","3.44417"
"Herrera2026","Nogent_NL_C1_PP_ID091","2022","Lentille","48.300321","3.503802"
"Herrera2026","Nogent_NL_C1_Tm_ID092","2022","Lentille","48.35517","3.49572"
"Herrera2026","Nogent_NL_C2_PNPP_ID093","2022","Lentille","48.543934","3.916481"
"Herrera2026","Nogent_NL_C2_Tm_ID094","2022","Lentille","48.534609","3.928481"
"Herrera2026","Toulouse_C1-E_ID095","2022","Lentille","43.8117889442282","0.773010232297061"
"Herrera2026","Toulouse_C1-T_ID096","2022","Lentille","43.8109322151707","0.771847124314371"
"Herrera2026","Toulouse_C2-E_ID097","2022","Lentille","43.7838224876322","0.827404618927604"
"Herrera2026","Toulouse_C2-T_ID098","2022","Lentille","43.7834119617987","0.824336171395327"
"Herrera2026","Toulouse_C3-E1_ID099","2022","Lentille","43.7929550609598","0.790591015221931"
"Herrera2026","Toulouse_C3-E2_ID100","2022","Lentille","43.7890768466186","0.789743437163608"
"Herrera2026","Toulouse_C3-T_ID101","2022","Lentille","43.7905037035212","0.790933540219126"
"Herrera2026","Toulouse_C4-E_ID102","2022","Lentille","43.7663641565614","0.857220033406711"
"Herrera2026","Toulouse_C4-T_ID103","2022","Lentille","43.7667670514694","0.858443120628858"
"Herrera2026","Toulouse_C5-E_ID104","2022","Lentille","43.6694838542408","1.11476032797024"
"Herrera2026","Toulouse_C5-T_ID105","2022","Lentille","43.6725841110109","1.11627845812026"
"Agro4st","1_GE_Bio_TZ","2022","Silvoarabel","46.24524552","6.303908336"
"Agro4st","2_NE_Konventionell_BZ(I)","2022","Silvoarabel","47.076251024","7.052426182"
"Agro4st","3_NE_Bio_TZ","2022","Silvoarabel","46.962272807","6.833312476"
"Agro4st","4_JU_Bio_TZ","2022","Silvoarabel","47.367803532","7.392792007"
"Agro4st","5_JU_Bio_HZ","2022","Silvoarabel","47.330169302","7.238089508"
"Agro4st","6_VD_Konventionell_TZ","2022","Silvoarabel","46.731716271","6.696938837"
"Agro4st","7_VD_Bio_TZ","2022","Silvoarabel","46.520981783","6.580921693"
"Agro4st","8_VD_Konventionell_TZ","2022","Silvoarabel","46.567187474","6.63093929"
"Agro4st","9_VD_Konventionell_TZ","2022","Silvoarabel","46.740896532","6.551371082"
"Agro4st","10_VD_Konventionell_TZ","2022","Silvoarabel","46.660673051","6.593757069"
"Agro4st","11_VD_Bio_TZ","2022","Silvoarabel","46.655100968","6.632940866"
"Agro4st","12_VD_Bio_BZ(I)","2022","Silvoarabel","46.851331525","6.662842051"
"Agro4st","13_VD_Bio_BZ(I)","2022","Silvoarabel","46.858756291","6.663721004"
"Agro4st","14_VD_Konventionell_TZ","2022","Silvoarabel","46.496518374","6.364850571"
"Agro4st","15_VD_Bio_TZ","2022","Silvopastoral","46.622804429","6.797593449"
"Agro4st","16_VD_Bio_TZ","2022","Silvoarabel","46.550041484","6.438795028"
"Agro4st","17_VD_Bio_TZ","2022","Silvoarabel","46.712244003","6.749052741"
"Agro4st","18_VD_Bio_TZ","2022","Silvoarabel","46.755894337","6.764384747"
"Agro4st","19_VD_Konventionell_TZ","2022","Silvoarabel","46.639130419","6.703018514"
"Agro4st","20_VD_Konventionell_TZ","2022","Silvoarabel","46.4042411","6.258066419"
"Agro4st","21_VD_Bio_TZ","2022","Silvoarabel","46.598823036","6.500833773"
"Agro4st","22_VD_Konventionell_TZ","2022","Silvoarabel","46.379743508","6.209580633"
"Agro4st","23_NE_Bio_TZ","2022","Silvopastoral","47.054151323","6.911368339"
"Agro4st","24_VD_Bio_TZ","2022","Silvopastoral","46.711870795","6.717709944"
"Agro4st","25_VD_Konventionell_TZ","2022","Silvopastoral","46.605497819","6.785209883"
"Agro4st","26_VD_Bio_TZ","2022","Silvopastoral","46.736848526","6.921545858"
"Agro4st","27_VD_Bio_TZ","2022","Silvoarabel","46.302049319","6.970567621"
"Agro4st","28_JU_Bio_TZ","2022","Silvoarabel","47.389038818","6.943576976"
"Agro4st","29_NE_Bio_BZ(I)","2022","Silvopastoral","47.036799644","6.729452157"
"Agro4st","30_NE_Bio_BZ(II)","2022","Silvopastoral","46.905952217","6.64302801"
"Agro4st","1_GE_Bio_TZ","2023","Silvoarabel","46.24524552","6.303908336"
"Agro4st","2_NE_Konventionell_BZ(I)","2023","Silvoarabel","47.076251024","7.052426182"
"Agro4st","3_NE_Bio_TZ","2023","Silvoarabel","46.962272807","6.833312476"
"Agro4st","4_JU_Bio_TZ","2023","Silvoarabel","47.367803532","7.392792007"
"Agro4st","5_JU_Bio_HZ","2023","Silvoarabel","47.330169302","7.238089508"
"Agro4st","6_VD_Konventionell_TZ","2023","Silvoarabel","46.731716271","6.696938837"
"Agro4st","7_VD_Bio_TZ","2023","Silvoarabel","46.520981783","6.580921693"
"Agro4st","8_VD_Konventionell_TZ","2023","Silvoarabel","46.567187474","6.63093929"
"Agro4st","9_VD_Konventionell_TZ","2023","Silvoarabel","46.740896532","6.551371082"
"Agro4st","10_VD_Konventionell_TZ","2023","Silvoarabel","46.660673051","6.593757069"
"Agro4st","11_VD_Bio_TZ","2023","Silvoarabel","46.655100968","6.632940866"
"Agro4st","12_VD_Bio_BZ(I)","2023","Silvoarabel","46.851331525","6.662842051"
"Agro4st","13_VD_Bio_BZ(I)","2023","Silvoarabel","46.858756291","6.663721004"
"Agro4st","14_VD_Konventionell_TZ","2023","Silvoarabel","46.496518374","6.364850571"
"Agro4st","15_VD_Bio_TZ","2023","Silvopastoral","46.622804429","6.797593449"
"Agro4st","16_VD_Bio_TZ","2023","Silvoarabel","46.550041484","6.438795028"
"Agro4st","17_VD_Bio_TZ","2023","Silvoarabel","46.712244003","6.749052741"
"Agro4st","18_VD_Bio_TZ","2023","Silvoarabel","46.755894337","6.764384747"
"Agro4st","19_VD_Konventionell_TZ","2023","Silvoarabel","46.639130419","6.703018514"
"Agro4st","20_VD_Konventionell_TZ","2023","Silvoarabel","46.4042411","6.258066419"
"Agro4st","21_VD_Bio_TZ","2023","Silvoarabel","46.598823036","6.500833773"
"Agro4st","22_VD_Konventionell_TZ","2023","Silvoarabel","46.379743508","6.209580633"
"Agro4st","23_NE_Bio_TZ","2023","Silvopastoral","47.054151323","6.911368339"
"Agro4st","24_VD_Bio_TZ","2023","Silvopastoral","46.711870795","6.717709944"
"Agro4st","25_VD_Konventionell_TZ","2023","Silvopastoral","46.605497819","6.785209883"
"Agro4st","26_VD_Bio_TZ","2023","Silvopastoral","46.736848526","6.921545858"
"Agro4st","27_VD_Bio_TZ","2023","Silvoarabel","46.302049319","6.970567621"
"Agro4st","28_JU_Bio_TZ","2023","Silvoarabel","47.389038818","6.943576976"
"Agro4st","29_NE_Bio_BZ(I)","2023","Silvopastoral","47.036799644","6.729452157"
"Agro4st","30_NE_Bio_BZ(II)","2023","Silvopastoral","46.905952217","6.64302801"
"PestiRed","1.1","2020","org","46.77129","6.85706"
"PestiRed","1.2","2020","org","46.77652","6.86064"
"PestiRed","2.1","2020","poi","46.7799","6.77731"
"PestiRed","2.2","2020","poi","46.77293","6.80649"
"PestiRed","3.1","2020","col","46.69488","6.7685"
"PestiRed","3.2","2020","col","46.69946","6.75697"
"PestiRed","4.1","2020","mas","46.54035","6.82962"
"PestiRed","4.2","2020","mas","46.5499","6.82547"
"PestiRed","5.1","2020","ble","46.58879","6.86346"
"PestiRed","5.2","2020","ble","46.67034","6.84809"
"PestiRed","7.1","2020","col","46.6095547","6.7738126"
"PestiRed","7.2","2020","col","46.610022","6.7808507"
"PestiRed","8.1","2020","col","46.6467484","6.7864615"
"PestiRed","8.2","2020","col","46.63778","6.77304"
"PestiRed","9.1","2020","ble","46.6684","6.64595"
"PestiRed","9.2","2020","ble","46.67011","6.64707"
"PestiRed","10.1","2020","col","46.68427","6.6595"
"PestiRed","10.2","2020","col","46.68841","6.66403"
"PestiRed","11.1","2020","org","46.64268","6.72337"
"PestiRed","11.2","2020","org","46.63318","6.71342"
"PestiRed","12.1","2020","ble","46.6780981","6.7379997"
"PestiRed","12.2","2020","ble","46.671071","6.733623"
"PestiRed","56.1","2020","ble","46.2487711","6.0592594"
"PestiRed","56.2","2020","ble","46.2431737","6.0735954"
"PestiRed","57.1","2020","org","46.2425105","6.0799881"
"PestiRed","57.2","2020","org","46.2164587","6.0556431"
"PestiRed","58.1","2020","ble","46.217243","6.0485855"
"PestiRed","58.2","2020","ble","46.2210173","6.0381859"
"PestiRed","59.1","2020","soj","46.2170208","6.0133812"
"PestiRed","59.2","2020","soj","46.1986506","5.9926678"
"PestiRed","60.1","2020","ble","46.155004","5.984277"
"PestiRed","60.2","2020","ble","46.156764","5.985876"
"PestiRed","63.1","2020","org","46.2285236","6.2551424"
"PestiRed","63.2","2020","org","46.2283383","6.2597079"
"PestiRed","64.1","2020","tou","46.2237016","6.2496737"
"PestiRed","64.2","2020","tou","46.2362269","6.2543938"
"PestiRed","65.1","2020","org","46.355343","6.1623766"
"PestiRed","65.2","2020","org","46.3490827","6.1600323"
"PestiRed","71.1","2020","ble","47.107387","7.401978"
"PestiRed","71.2","2020","ble","47.106452","7.405197"
"PestiRed","72.1","2020","ble","47.232511","7.564258"
"PestiRed","72.2","2020","ble","47.235416","7.56297"
"PestiRed","73.1","2020","ble","47.144515","7.515154"
"PestiRed","73.2","2020","ble","47.147473","7.506537"
"PestiRed","74.1","2020","ble","47.137271","7.481291"
"PestiRed","74.2","2020","ble","47.137557","7.486258"
"PestiRed","75.1","2020","org","47.202522","7.43924"
"PestiRed","75.2","2020","org","47.196667","7.461909"
"PestiRed","76.1","2020","org","47.180106","7.490927"
"PestiRed","76.2","2020","org","47.177092","7.500184"
"PestiRed","83.1","2020","mas","47.231151","7.514962"
"PestiRed","83.2","2020","mas","47.231709","7.519694"
"PestiRed","85.1","2020","mas","47.184918","7.484637"
"PestiRed","85.2","2020","mas","47.182508","7.48146"
"PestiRed","86.1","2020","pom","47.218942","7.610441"
"PestiRed","86.2","2020","pom","47.219043","7.609066"
"PestiRed","87.1","2020","pom","47.223935","7.630399"
"PestiRed","87.2","2020","pom","47.216342","7.627444"
"PestiRed","88.1","2020","pom","47.215813","7.626872"
"PestiRed","88.2","2020","pom","47.21655","7.60857"
"PestiRed","89.1","2020","pom","47.169914","7.534688"
"PestiRed","89.2","2020","pom","47.180872","7.531085"
"PestiRed","1.2","2023","ble","46.77652","6.86064"
"PestiRed","1.2","2022","mas","46.77652","6.86064"
"PestiRed","1.1","2023","ble","46.77129","6.85706"
"PestiRed","1.1","2022","mas","46.77129","6.85706"
"PestiRed","10.2","2023","bet","46.68841","6.66403"
"PestiRed","10.2","2021","org","46.68841","6.66403"
"PestiRed","10.1","2023","bet","46.68427","6.6595"
"PestiRed","10.1","2021","org","46.68427","6.6595"
"PestiRed","11.2","2023","ble","46.63318","6.71342"
"PestiRed","11.2","2022","mas","46.63318","6.71342"
"PestiRed","11.1","2023","ble","46.64268","6.72337"
"PestiRed","11.1","2022","mas","46.64268","6.72337"
"PestiRed","12.2","2022","col","46.671071","6.733623"
"PestiRed","12.2","2023","org","46.671071","6.733623"
"PestiRed","12.2","2021","poi","46.671071","6.733623"
"PestiRed","12.1","2022","col","46.6780981","6.7379997"
"PestiRed","12.1","2023","org","46.6780981","6.7379997"
"PestiRed","12.1","2021","poi","46.6780981","6.7379997"
"PestiRed","2.2","2021","col","46.77293","6.80649"
"PestiRed","2.2","2022","org","46.77293","6.80649"
"PestiRed","2.1","2021","col","46.7799","6.77731"
"PestiRed","2.1","2022","org","46.7799","6.77731"
"PestiRed","3.2","2023","mas","46.69946","6.75697"
"PestiRed","3.2","2021","org","46.69946","6.75697"
"PestiRed","3.1","2023","mas","46.69488","6.7685"
"PestiRed","3.1","2021","org","46.69488","6.7685"
"PestiRed","4.2","2021","ble","46.5499","6.82547"
"PestiRed","4.2","2023","col","46.5499","6.82547"
"PestiRed","4.2","2022","poi","46.5499","6.82547"
"PestiRed","4.1","2021","ble","46.54035","6.82962"
"PestiRed","4.1","2023","col","46.54035","6.82962"
"PestiRed","4.1","2022","poi","46.54035","6.82962"
"PestiRed","5.2","2022","col","46.67034","6.84809"
"PestiRed","5.2","2023","org","46.67034","6.84809"
"PestiRed","5.2","2021","poi","46.67034","6.84809"
"PestiRed","5.1","2022","col","46.58879","6.86346"
"PestiRed","5.1","2023","org","46.58879","6.86346"
"PestiRed","5.1","2021","poi","46.58879","6.86346"
"PestiRed","56.2","2022","col","46.2431737","6.0735954"
"PestiRed","56.2","2023","org","46.2431737","6.0735954"
"PestiRed","56.2","2021","poi","46.2431737","6.0735954"
"PestiRed","56.1","2022","col","46.2487711","6.0592594"
"PestiRed","56.1","2023","org","46.2487711","6.0592594"
"PestiRed","56.1","2021","poi","46.2487711","6.0592594"
"PestiRed","57.2","2023","ble","46.2164587","6.0556431"
"PestiRed","57.2","2021","soj","46.2164587","6.0556431"
"PestiRed","57.2","2022","tou","46.2164587","6.0556431"
"PestiRed","57.1","2023","ble","46.2425105","6.0799881"
"PestiRed","57.1","2021","soj","46.2425105","6.0799881"
"PestiRed","57.1","2022","tou","46.2425105","6.0799881"
"PestiRed","58.2","2021","col","46.2210173","6.0381859"
"PestiRed","58.2","2023","org","46.2210173","6.0381859"
"PestiRed","58.1","2021","col","46.217243","6.0485855"
"PestiRed","58.1","2023","org","46.217243","6.0485855"
"PestiRed","58.1","2022","poi","46.217243","6.0485855"
"PestiRed","59.2","2022","ble","46.1986506","5.9926678"
"PestiRed","59.2","2023","poi","46.1986506","5.9926678"
"PestiRed","59.2","2021","tou","46.1986506","5.9926678"
"PestiRed","59.1","2022","ble","46.2170208","6.0133812"
"PestiRed","59.1","2023","poi","46.2170208","6.0133812"
"PestiRed","59.1","2021","tou","46.2170208","6.0133812"
"PestiRed","6.2","2022","ble","46.66968","6.75431"
"PestiRed","6.2","2021","mas","46.66968","6.75431"
"PestiRed","6.2","2023","poi","46.66968","6.75431"
"PestiRed","6.1","2022","ble","46.66192","6.75701"
"PestiRed","6.1","2021","mas","46.66192","6.75701"
"PestiRed","6.1","2023","poi","46.66192","6.75701"
"PestiRed","60.2","2022","col","46.156764","5.985876"
"PestiRed","60.2","2023","org","46.156764","5.985876"
"PestiRed","60.2","2021","poi","46.156764","5.985876"
"PestiRed","60.1","2022","col","46.155004","5.984277"
"PestiRed","60.1","2023","org","46.155004","5.984277"
"PestiRed","60.1","2021","poi","46.155004","5.984277"
"PestiRed","63.2","2023","ble","46.2283383","6.2597079"
"PestiRed","63.2","2021","soj","46.2283383","6.2597079"
"PestiRed","63.2","2022","tou","46.2283383","6.2597079"
"PestiRed","63.1","2023","ble","46.2285236","6.2551424"
"PestiRed","63.1","2021","soj","46.2285236","6.2551424"
"PestiRed","63.1","2022","tou","46.2285236","6.2551424"
"PestiRed","64.2","2021","ble","46.2362269","6.2543938"
"PestiRed","64.2","2022","col","46.2362269","6.2543938"
"PestiRed","64.2","2023","poi","46.2362269","6.2543938"
"PestiRed","64.1","2021","ble","46.2237016","6.2496737"
"PestiRed","64.1","2022","col","46.2237016","6.2496737"
"PestiRed","64.1","2023","poi","46.2237016","6.2496737"
"PestiRed","65.2","2021","bet","46.3490827","6.1600323"
"PestiRed","65.2","2023","ble","46.3490827","6.1600323"
"PestiRed","65.2","2022","tou","46.3490827","6.1600323"
"PestiRed","65.1","2021","bet","46.355343","6.1623766"
"PestiRed","65.1","2023","ble","46.355343","6.1623766"
"PestiRed","65.1","2022","tou","46.355343","6.1623766"
"PestiRed","7.2","2021","org","46.610022","6.7808507"
"PestiRed","7.2","2023","pom","46.610022","6.7808507"
"PestiRed","7.1","2021","org","46.6095547","6.7738126"
"PestiRed","7.1","2023","pom","46.6095547","6.7738126"
"PestiRed","71.2","2021","col","47.106452","7.405197"
"PestiRed","71.2","2023","mag","47.106452","7.405197"
"PestiRed","71.2","2022","org","47.106452","7.405197"
"PestiRed","71.1","2021","col","47.107387","7.401978"
"PestiRed","71.1","2023","mag","47.107387","7.401978"
"PestiRed","71.1","2022","org","47.107387","7.401978"
"PestiRed","72.2","2021","col","47.235416","7.56297"
"PestiRed","72.2","2023","mas","47.235416","7.56297"
"PestiRed","72.2","2022","org","47.235416","7.56297"
"PestiRed","72.1","2021","col","47.232511","7.564258"
"PestiRed","72.1","2023","mas","47.232511","7.564258"
"PestiRed","72.1","2022","org","47.232511","7.564258"
"PestiRed","73.2","2021","col","47.147473","7.506537"
"PestiRed","73.2","2023","mas","47.147473","7.506537"
"PestiRed","73.2","2022","org","47.147473","7.506537"
"PestiRed","73.1","2021","col","47.144515","7.515154"
"PestiRed","73.1","2023","mas","47.144515","7.515154"
"PestiRed","73.1","2022","org","47.144515","7.515154"
"PestiRed","74.2","2021","col","47.137557","7.486258"
"PestiRed","74.2","2023","mas","47.137557","7.486258"
"PestiRed","74.2","2022","org","47.137557","7.486258"
"PestiRed","74.1","2021","col","47.137271","7.481291"
"PestiRed","74.1","2023","mas","47.137271","7.481291"
"PestiRed","74.1","2022","org","47.137271","7.481291"
"PestiRed","75.2","2022","epe","47.196667","7.461909"
"PestiRed","75.2","2021","mas","47.196667","7.461909"
"PestiRed","75.1","2022","epe","47.202522","7.43924"
"PestiRed","75.1","2021","mas","47.202522","7.43924"
"PestiRed","76.2","2022","epe","47.177092","7.500184"
"PestiRed","76.2","2021","mas","47.177092","7.500184"
"PestiRed","76.2","2023","pom","47.177092","7.500184"
"PestiRed","76.1","2022","epe","47.180106","7.490927"
"PestiRed","76.1","2021","mas","47.180106","7.490927"
"PestiRed","76.1","2023","pom","47.180106","7.490927"
"PestiRed","8.2","2023","bet","46.63778","6.77304"
"PestiRed","8.2","2021","org","46.63778","6.77304"
"PestiRed","8.1","2023","bet","46.6467484","6.7864615"
"PestiRed","8.1","2021","org","46.6467484","6.7864615"
"PestiRed","83.2","2023","ble","47.231709","7.519694"
"PestiRed","83.2","2021","epe","47.231709","7.519694"
"PestiRed","83.1","2023","ble","47.231151","7.514962"
"PestiRed","83.1","2021","epe","47.231151","7.514962"
"PestiRed","85.2","2022","bet","47.182508","7.48146"
"PestiRed","85.2","2023","ble","47.182508","7.48146"
"PestiRed","85.2","2021","epe","47.182508","7.48146"
"PestiRed","85.1","2022","bet","47.184918","7.484637"
"PestiRed","85.1","2023","ble","47.184918","7.484637"
"PestiRed","85.1","2021","epe","47.184918","7.484637"
"PestiRed","86.2","2021","ble","47.219043","7.609066"
"PestiRed","86.2","2022","col","47.219043","7.609066"
"PestiRed","86.2","2023","org","47.219043","7.609066"
"PestiRed","86.1","2021","ble","47.218942","7.610441"
"PestiRed","86.1","2022","col","47.218942","7.610441"
"PestiRed","86.1","2023","org","47.218942","7.610441"
"PestiRed","87.2","2021","ble","47.216342","7.627444"
"PestiRed","87.2","2022","col","47.216342","7.627444"
"PestiRed","87.2","2023","org","47.216342","7.627444"
"PestiRed","87.1","2021","ble","47.223935","7.630399"
"PestiRed","87.1","2022","col","47.223935","7.630399"
"PestiRed","87.1","2023","org","47.223935","7.630399"
"PestiRed","88.2","2021","ble","47.21655","7.60857"
"PestiRed","88.2","2022","col","47.21655","7.60857"
"PestiRed","88.2","2023","org","47.21655","7.60857"
"PestiRed","88.1","2021","ble","47.215813","7.626872"
"PestiRed","88.1","2022","col","47.215813","7.626872"
"PestiRed","88.1","2023","org","47.215813","7.626872"
"PestiRed","89.2","2021","ble","47.180872","7.531085"
"PestiRed","89.2","2022","col","47.180872","7.531085"
"PestiRed","89.2","2023","org","47.180872","7.531085"
"PestiRed","89.1","2021","ble","47.169914","7.534688"
"PestiRed","89.1","2022","col","47.169914","7.534688"
"PestiRed","89.1","2023","org","47.169914","7.534688"
"PestiRed","9.2","2022","col","46.67011","6.64707"
"PestiRed","9.2","2023","org","46.67011","6.64707"
"PestiRed","9.2","2021","poi","46.67011","6.64707"
"PestiRed","9.1","2022","col","46.6684","6.64595"
"PestiRed","9.1","2023","org","46.6684","6.64595"
"PestiRed","9.1","2021","poi","46.6684","6.64595"
"PestiRed","1.2","2024","poi","46.77652","6.86064"
"PestiRed","1.1","2024","poi","46.77129","6.85706"
"PestiRed","10.2","2024","mas","46.68841","6.66403"
"PestiRed","10.1","2024","mas","46.68427","6.6595"
"PestiRed","11.2","2024","poi","46.63318","6.71342"
"PestiRed","11.1","2024","poi","46.64268","6.72337"
"PestiRed","2.2","2024","bet","46.77293","6.80649"
"PestiRed","2.1","2024","bet","46.7799","6.77731"
"PestiRed","3.2","2024","ble","46.69946","6.75697"
"PestiRed","3.1","2024","ble","46.69488","6.7685"
"PestiRed","4.2","2024","org","46.5499","6.82547"
"PestiRed","4.1","2024","org","46.54035","6.82962"
"PestiRed","56.2","2024","soj","46.2431737","6.0735954"
"PestiRed","56.1","2024","soj","46.2487711","6.0592594"
"PestiRed","57.2","2024","poi","46.2164587","6.0556431"
"PestiRed","57.1","2024","poi","46.2425105","6.0799881"
"PestiRed","58.2","2022","poi","46.2210173","6.0381859"
"PestiRed","58.2","2024","bet","46.2210173","6.0381859"
"PestiRed","58.1","2024","bet","46.217243","6.0485855"
"PestiRed","59.2","2024","col","46.1986506","5.9926678"
"PestiRed","59.1","2024","col","46.2170208","6.0133812"
"PestiRed","6.2","2024","col","46.66968","6.75431"
"PestiRed","6.1","2024","col","46.66192","6.75701"
"PestiRed","60.2","2024","soj","46.156764","5.985876"
"PestiRed","60.1","2024","soj","46.155004","5.984277"
"PestiRed","63.2","2024","poi","46.2283383","6.2597079"
"PestiRed","63.1","2024","poi","46.2285236","6.2551424"
"PestiRed","64.2","2024","org","46.2362269","6.2543938"
"PestiRed","64.1","2024","org","46.2237016","6.2496737"
"PestiRed","65.2","2024","col","46.3490827","6.1600323"
"PestiRed","65.1","2024","col","46.355343","6.1623766"
"PestiRed","7.2","2024","ble","46.610022","6.7808507"
"PestiRed","7.1","2024","ble","46.6095547","6.7738126"
"PestiRed","71.2","2024","epe","47.106452","7.405197"
"PestiRed","71.1","2024","epe","47.107387","7.401978"
"PestiRed","72.2","2024","epe","47.235416","7.56297"
"PestiRed","72.1","2024","epe","47.232511","7.564258"
"PestiRed","73.2","2024","epe","47.147473","7.506537"
"PestiRed","73.1","2024","epe","47.144515","7.515154"
"PestiRed","74.2","2024","epe","47.137557","7.486258"
"PestiRed","74.1","2024","epe","47.137271","7.481291"
"PestiRed","75.2","2024","ble","47.196667","7.461909"
"PestiRed","75.1","2024","ble","47.202522","7.43924"
"PestiRed","76.2","2024","ble","47.177092","7.500184"
"PestiRed","76.1","2024","ble","47.180106","7.490927"
"PestiRed","8.2","2024","ble","46.63778","6.77304"
"PestiRed","8.1","2024","ble","46.6467484","6.7864615"
"PestiRed","83.2","2024","col","47.231709","7.519694"
"PestiRed","83.1","2024","col","47.231151","7.514962"
"PestiRed","85.2","2024","col","47.182508","7.48146"
"PestiRed","85.1","2024","col","47.184918","7.484637"
"PestiRed","86.2","2024","mas","47.219043","7.609066"
"PestiRed","86.1","2024","mas","47.218942","7.610441"
"PestiRed","87.2","2024","mas","47.216342","7.627444"
"PestiRed","87.1","2024","mas","47.223935","7.630399"
"PestiRed","88.2","2024","mas","47.21655","7.60857"
"PestiRed","88.1","2024","mas","47.215813","7.626872"
"PestiRed","89.2","2024","mas","47.180872","7.531085"
"PestiRed","89.1","2024","mas","47.169914","7.534688"
"PestiRed","1.2","2025","col","46.77652","6.86064"
"PestiRed","1.1","2025","col","46.77129","6.85706"
"PestiRed","10.2","2025","ble","46.68841","6.66403"
"PestiRed","10.1","2025","ble","46.68427","6.6595"
"PestiRed","11.2","2025","col","46.63318","6.71342"
"PestiRed","11.1","2025","col","46.64268","6.72337"
"PestiRed","12.2","2025","mas","46.671071","6.733623"
"PestiRed","12.1","2025","mas","46.6780981","6.7379997"
"PestiRed","2.2","2025","ble","46.77293","6.80649"
"PestiRed","2.1","2025","ble","46.7799","6.77731"
"PestiRed","3.2","2025","poi","46.69946","6.75697"
"PestiRed","3.1","2025","poi","46.69488","6.7685"
"PestiRed","5.2","2025","bet","46.67034","6.84809"
"PestiRed","5.1","2025","bet","46.58879","6.86346"
"PestiRed","56.2","2025","tou","46.2431737","6.0735954"
"PestiRed","56.1","2025","tou","46.2487711","6.0592594"
"PestiRed","57.2","2025","col","46.2164587","6.0556431"
"PestiRed","57.1","2025","col","46.2425105","6.0799881"
"PestiRed","58.2","2025","tou","46.2210173","6.0381859"
"PestiRed","58.1","2025","tou","46.217243","6.0485855"
"PestiRed","59.2","2025","org","46.1986506","5.9926678"
"PestiRed","59.1","2025","org","46.2170208","6.0133812"
"PestiRed","6.2","2025","org","46.66968","6.75431"
"PestiRed","6.1","2025","org","46.66192","6.75701"
"PestiRed","60.2","2025","tou","46.156764","5.985876"
"PestiRed","60.1","2025","tou","46.155004","5.984277"
"PestiRed","63.2","2025","col","46.2283383","6.2597079"
"PestiRed","63.1","2025","col","46.2285236","6.2551424"
"PestiRed","64.2","2025","bet","46.2362269","6.2543938"
"PestiRed","64.1","2025","bet","46.2237016","6.2496737"
"PestiRed","65.2","2025","poi","46.3490827","6.1600323"
"PestiRed","65.1","2025","poi","46.355343","6.1623766"
"PestiRed","7.2","2025","poi","46.610022","6.7808507"
"PestiRed","7.1","2025","poi","46.6095547","6.7738126"
"PestiRed","73.2","2025","bet","47.147473","7.506537"
"PestiRed","73.1","2025","bet","47.144515","7.515154"
"PestiRed","74.2","2025","pom","47.137557","7.486258"
"PestiRed","74.1","2025","pom","47.137271","7.481291"
"PestiRed","75.2","2025","col","47.196667","7.461909"
"PestiRed","75.1","2025","col","47.202522","7.43924"
"PestiRed","76.2","2025","col","47.177092","7.500184"
"PestiRed","76.1","2025","col","47.180106","7.490927"
"PestiRed","8.2","2025","poi","46.63778","6.77304"
"PestiRed","8.1","2025","poi","46.6467484","6.7864615"
"PestiRed","83.2","2025","org","47.231709","7.519694"
"PestiRed","83.1","2025","org","47.231151","7.514962"
"PestiRed","85.2","2025","org","47.182508","7.48146"
"PestiRed","85.1","2025","org","47.184918","7.484637"
"PestiRed","86.2","2025","epe","47.219043","7.609066"
"PestiRed","86.1","2025","epe","47.218942","7.610441"
"PestiRed","87.2","2025","epe","47.216342","7.627444"
"PestiRed","87.1","2025","epe","47.223935","7.630399"
"PestiRed","88.2","2025","epe","47.21655","7.60857"
"PestiRed","88.1","2025","epe","47.215813","7.626872"
"PestiRed","89.2","2025","epe","47.180872","7.531085"
"PestiRed","89.1","2025","epe","47.169914","7.534688"
"PestiRed","9.2","2025","bet","46.67011","6.64707"
"PestiRed","9.1","2025","bet","46.6684","6.64595"
