"ID","Study_ID","Plot_ID","Lat","Long","Years","N_years","Crops","N_crops"
"Agrim2019@10AB","Agrim2019","10AB",48.0096033376597,-1.38406378021077,"2019",1,"Ble",1
"Agrim2019@10AC","Agrim2019","10AC",48.0054318460251,-1.38574470720477,"2019",1,"Ble",1
"Agrim2019@12AB","Agrim2019","12AB",47.9348650373933,-1.42964324503639,"2019",1,"Ble",1
"Agrim2019@12AC","Agrim2019","12AC",47.9388334180251,-1.42737634868092,"2019",1,"Ble",1
"Agrim2019@13AB","Agrim2019","13AB",47.9576959519736,-1.61008197748287,"2019",1,"Ble",1
"Agrim2019@13AC","Agrim2019","13AC",47.9572126390635,-1.6126016012298,"2019",1,"Ble",1
"Agrim2019@14AB","Agrim2019","14AB",47.9462028508341,-1.60776281920819,"2019",1,"Ble",1
"Agrim2019@14AC","Agrim2019","14AC",47.9445081634459,-1.60579937958292,"2019",1,"Ble",1
"Agrim2019@15AB","Agrim2019","15AB",47.8220407809913,-1.69997754933968,"2019",1,"Ble",1
"Agrim2019@15AC","Agrim2019","15AC",47.8195563560355,-1.70343986890052,"2019",1,"Ble",1
"Agrim2019@16AB","Agrim2019","16AB",47.8170506115558,-1.69000762432139,"2019",1,"Melange cerealier",1
"Agrim2019@16AC","Agrim2019","16AC",47.8082001288185,-1.69416210300416,"2019",1,"Ble",1
"Agrim2019@17AB","Agrim2019","17AB",47.8776789724602,-1.89199612894194,"2019",1,"Ble",1
"Agrim2019@17AC","Agrim2019","17AC",47.8814729034229,-1.89993178532818,"2019",1,"Ble",1
"Agrim2019@18AB","Agrim2019","18AB",47.9281623434642,-1.89982789569241,"2019",1,"Ble",1
"Agrim2019@18AC","Agrim2019","18AC",47.9240160867196,-1.89378274233688,"2019",1,"Ble",1
"Agrim2019@19AB","Agrim2019","19AB",47.9318156272313,-1.90417794817754,"2019",1,"Ble",1
"Agrim2019@19AC","Agrim2019","19AC",47.925098741807,-1.91157795472601,"2019",1,"Ble",1
"Agrim2019@1AB","Agrim2019","1AB",48.1201744219164,-1.37542210193801,"2019",1,"Ble",1
"Agrim2019@1AC","Agrim2019","1AC",48.1211844494509,-1.38178517447225,"2019",1,"Ble",1
"Agrim2019@21AB","Agrim2019","21AB",47.9486430925392,-1.94929501819618,"2019",1,"Ble",1
"Agrim2019@21AC","Agrim2019","21AC",47.9512114609775,-1.95831691366506,"2019",1,"Ble",1
"Agrim2019@22AB","Agrim2019","22AB",47.9874967490538,-1.99227303351372,"2019",1,"Melange cerealier",1
"Agrim2019@22AC","Agrim2019","22AC",47.9902766192988,-1.98076343916692,"2019",1,"Ble",1
"Agrim2019@2AB","Agrim2019","2AB",48.0705492127947,-1.50655882488349,"2019",1,"Ble",1
"Agrim2019@2AC","Agrim2019","2AC",48.0729185856686,-1.50710831747871,"2019",1,"Ble",1
"Agrim2019@3AB","Agrim2019","3AB",48.0489730316159,-1.45511304443267,"2019",1,"Ble",1
"Agrim2019@3AC","Agrim2019","3AC",48.051429254483,-1.44919036054049,"2019",1,"Ble",1
"Agrim2019@4AB","Agrim2019","4AB",48.0648902245207,-1.42190671307296,"2019",1,"Ble",1
"Agrim2019@4AC","Agrim2019","4AC",48.0728861090748,-1.41998031221901,"2019",1,"Ble",1
"Agrim2019@5AB","Agrim2019","5AB",48.0546555719622,-1.42710560603964,"2019",1,"Ble",1
"Agrim2019@5AC","Agrim2019","5AC",48.0538165378467,-1.42601101601716,"2019",1,"Ble",1
"Agrim2019@6AB","Agrim2019","6AB",48.0673633542895,-1.35790412256569,"2019",1,"Ble",1
"Agrim2019@6AC","Agrim2019","6AC",48.0661359253656,-1.36367071307399,"2019",1,"Ble",1
"Agrim2019@7AB","Agrim2019","7AB",48.0676092794905,-1.35343907425536,"2019",1,"Ble",1
"Agrim2019@7AC","Agrim2019","7AC",48.0641278825844,-1.35904607679711,"2019",1,"Ble",1
"Agrim2019@8AB","Agrim2019","8AB",48.0402275396249,-1.41841127520567,"2019",1,"Ble",1
"Agrim2019@8AC","Agrim2019","8AC",48.0405411185515,-1.42776283313158,"2019",1,"Ble",1
"Agrim2019@9AB","Agrim2019","9AB",48.03012826842,-1.43247823236313,"2019",1,"Ble",1
"Agrim2019@9AC","Agrim2019","9AC",48.0224619937202,-1.43780168031975,"2019",1,"Ble",1
"Agro4st@1_GE_Bio_TZ","Agro4st","1_GE_Bio_TZ",46.24524552,6.303908336,"2022; 2023",2,"Silvoarabel",1
"Agro4st@10_VD_Konventionell_TZ","Agro4st","10_VD_Konventionell_TZ",46.660673051,6.593757069,"2022; 2023",2,"Silvoarabel",1
"Agro4st@11_VD_Bio_TZ","Agro4st","11_VD_Bio_TZ",46.655100968,6.632940866,"2022; 2023",2,"Silvoarabel",1
"Agro4st@12_VD_Bio_BZ(I)","Agro4st","12_VD_Bio_BZ(I)",46.851331525,6.662842051,"2022; 2023",2,"Silvoarabel",1
"Agro4st@13_VD_Bio_BZ(I)","Agro4st","13_VD_Bio_BZ(I)",46.858756291,6.663721004,"2022; 2023",2,"Silvoarabel",1
"Agro4st@14_VD_Konventionell_TZ","Agro4st","14_VD_Konventionell_TZ",46.496518374,6.364850571,"2022; 2023",2,"Silvoarabel",1
"Agro4st@15_VD_Bio_TZ","Agro4st","15_VD_Bio_TZ",46.622804429,6.797593449,"2022; 2023",2,"Silvopastoral",1
"Agro4st@16_VD_Bio_TZ","Agro4st","16_VD_Bio_TZ",46.550041484,6.438795028,"2022; 2023",2,"Silvoarabel",1
"Agro4st@17_VD_Bio_TZ","Agro4st","17_VD_Bio_TZ",46.712244003,6.749052741,"2022; 2023",2,"Silvoarabel",1
"Agro4st@18_VD_Bio_TZ","Agro4st","18_VD_Bio_TZ",46.755894337,6.764384747,"2022; 2023",2,"Silvoarabel",1
"Agro4st@19_VD_Konventionell_TZ","Agro4st","19_VD_Konventionell_TZ",46.639130419,6.703018514,"2022; 2023",2,"Silvoarabel",1
"Agro4st@2_NE_Konventionell_BZ(I)","Agro4st","2_NE_Konventionell_BZ(I)",47.076251024,7.052426182,"2022; 2023",2,"Silvoarabel",1
"Agro4st@20_VD_Konventionell_TZ","Agro4st","20_VD_Konventionell_TZ",46.4042411,6.258066419,"2022; 2023",2,"Silvoarabel",1
"Agro4st@21_VD_Bio_TZ","Agro4st","21_VD_Bio_TZ",46.598823036,6.500833773,"2022; 2023",2,"Silvoarabel",1
"Agro4st@22_VD_Konventionell_TZ","Agro4st","22_VD_Konventionell_TZ",46.379743508,6.209580633,"2022; 2023",2,"Silvoarabel",1
"Agro4st@23_NE_Bio_TZ","Agro4st","23_NE_Bio_TZ",47.054151323,6.911368339,"2022; 2023",2,"Silvopastoral",1
"Agro4st@24_VD_Bio_TZ","Agro4st","24_VD_Bio_TZ",46.711870795,6.717709944,"2022; 2023",2,"Silvopastoral",1
"Agro4st@25_VD_Konventionell_TZ","Agro4st","25_VD_Konventionell_TZ",46.605497819,6.785209883,"2022; 2023",2,"Silvopastoral",1
"Agro4st@26_VD_Bio_TZ","Agro4st","26_VD_Bio_TZ",46.736848526,6.921545858,"2022; 2023",2,"Silvopastoral",1
"Agro4st@27_VD_Bio_TZ","Agro4st","27_VD_Bio_TZ",46.302049319,6.970567621,"2022; 2023",2,"Silvoarabel",1
"Agro4st@28_JU_Bio_TZ","Agro4st","28_JU_Bio_TZ",47.389038818,6.943576976,"2022; 2023",2,"Silvoarabel",1
"Agro4st@29_NE_Bio_BZ(I)","Agro4st","29_NE_Bio_BZ(I)",47.036799644,6.729452157,"2022; 2023",2,"Silvopastoral",1
"Agro4st@3_NE_Bio_TZ","Agro4st","3_NE_Bio_TZ",46.962272807,6.833312476,"2022; 2023",2,"Silvoarabel",1
"Agro4st@30_NE_Bio_BZ(II)","Agro4st","30_NE_Bio_BZ(II)",46.905952217,6.64302801,"2022; 2023",2,"Silvopastoral",1
"Agro4st@4_JU_Bio_TZ","Agro4st","4_JU_Bio_TZ",47.367803532,7.392792007,"2022; 2023",2,"Silvoarabel",1
"Agro4st@5_JU_Bio_HZ","Agro4st","5_JU_Bio_HZ",47.330169302,7.238089508,"2022; 2023",2,"Silvoarabel",1
"Agro4st@6_VD_Konventionell_TZ","Agro4st","6_VD_Konventionell_TZ",46.731716271,6.696938837,"2022; 2023",2,"Silvoarabel",1
"Agro4st@7_VD_Bio_TZ","Agro4st","7_VD_Bio_TZ",46.520981783,6.580921693,"2022; 2023",2,"Silvoarabel",1
"Agro4st@8_VD_Konventionell_TZ","Agro4st","8_VD_Konventionell_TZ",46.567187474,6.63093929,"2022; 2023",2,"Silvoarabel",1
"Agro4st@9_VD_Konventionell_TZ","Agro4st","9_VD_Konventionell_TZ",46.740896532,6.551371082,"2022; 2023",2,"Silvoarabel",1
"BACCHUS_OPERA@01B15","BACCHUS_OPERA","01B15",44.6620527,-0.1267813,"2018; 2019; 2020; 2021; 2022; 2023; 2024",7,"Vitis vinifera",1
"BACCHUS_OPERA@01C15","BACCHUS_OPERA","01C15",44.6637395,-0.1267108,"2018; 2019; 2020; 2021; 2022; 2023; 2024",7,"Vitis vinifera",1
"BACCHUS_OPERA@02B15","BACCHUS_OPERA","02B15",44.6514487,-0.132491,"2020; 2021; 2022",3,"Vitis vinifera",1
"BACCHUS_OPERA@02B18","BACCHUS_OPERA","02B18",44.6514487,-0.132491,"2018; 2019; 2023",3,"Vitis vinifera",1
"BACCHUS_OPERA@02B24","BACCHUS_OPERA","02B24",44.6450684,-0.1341304,"2024",1,"Vitis vinifera",1
"BACCHUS_OPERA@02C15","BACCHUS_OPERA","02C15",44.651139,-0.1310223,"2018; 2019; 2020; 2021; 2022; 2023",6,"Vitis vinifera",1
"BACCHUS_OPERA@02C24","BACCHUS_OPERA","02C24",44.6434373,-0.1293702,"2024",1,"Vitis vinifera",1
"BACCHUS_OPERA@03B15","BACCHUS_OPERA","03B15",44.6449743,-0.1551762,"2018; 2019; 2020; 2021; 2022; 2023; 2024",7,"Vitis vinifera",1
"BACCHUS_OPERA@03C18","BACCHUS_OPERA","03C18",44.6435814,-0.1597803,"2018; 2019; 2020; 2021; 2022; 2023; 2024",7,"Vitis vinifera",1
"BACCHUS_OPERA@04B15","BACCHUS_OPERA","04B15",44.6466038,-0.1384438,"2018; 2019; 2020",3,"Vitis vinifera",1
"BACCHUS_OPERA@04C18","BACCHUS_OPERA","04C18",44.6460866,-0.1373043,"2018; 2019",2,"Vitis vinifera",1
"BACCHUS_OPERA@04C20","BACCHUS_OPERA","04C20",44.6458985,-0.1359939,"2020",1,"Vitis vinifera",1
"BACCHUS_OPERA@05B18","BACCHUS_OPERA","05B18",44.6600986,-0.1435888,"2018; 2019; 2020; 2021; 2022; 2023; 2024",7,"Vitis vinifera",1
"BACCHUS_OPERA@05C18","BACCHUS_OPERA","05C18",44.6595252,-0.1456902,"2018; 2019; 2020; 2021; 2022; 2023; 2024",7,"Vitis vinifera",1
"BACCHUS_OPERA@05D20","BACCHUS_OPERA","05D20",44.6611314,-0.1418033,"2020; 2021; 2022; 2023; 2024",5,"Vitis vinifera",1
"BACCHUS_OPERA@06B18","BACCHUS_OPERA","06B18",44.7444028,-0.2043474,"2018; 2019; 2020; 2021; 2022; 2023; 2024",7,"Vitis vinifera",1
"BACCHUS_OPERA@06C18","BACCHUS_OPERA","06C18",44.7446926,-0.2049202,"2018; 2019; 2020; 2021; 2022; 2023; 2024",7,"Vitis vinifera",1
"BACCHUS_OPERA@07B15","BACCHUS_OPERA","07B15",44.8236082,-0.21702,"2018; 2019; 2020; 2021; 2022; 2023; 2024",7,"Vitis vinifera",1
"BACCHUS_OPERA@07C15","BACCHUS_OPERA","07C15",44.8214482,-0.215377,"2018",1,"Vitis vinifera",1
"BACCHUS_OPERA@07C19","BACCHUS_OPERA","07C19",44.823726,-0.2154441,"2019; 2020; 2021; 2022; 2023; 2024",6,"Vitis vinifera",1
"BACCHUS_OPERA@08B15","BACCHUS_OPERA","08B15",44.905247,0.0106495,"2018; 2019; 2020; 2021; 2022; 2023; 2024",7,"Vitis vinifera",1
"BACCHUS_OPERA@08C15","BACCHUS_OPERA","08C15",44.9041592,0.0110752,"2018; 2019; 2020; 2021; 2022; 2023; 2024",7,"Vitis vinifera",1
"BACCHUS_OPERA@09B18","BACCHUS_OPERA","09B18",44.9115617,-0.0080851,"2018; 2019; 2020; 2021",4,"Vitis vinifera",1
"BACCHUS_OPERA@09C18","BACCHUS_OPERA","09C18",44.9144892,-0.0097765,"2018; 2019; 2020; 2021",4,"Vitis vinifera",1
"BACCHUS_OPERA@10B18","BACCHUS_OPERA","10B18",44.925948,-0.0038599,"2018; 2019; 2020; 2021; 2022; 2023; 2024",7,"Vitis vinifera",1
"BACCHUS_OPERA@10C15","BACCHUS_OPERA","10C15",44.9231611,-0.0066275,"2018; 2019; 2020; 2021; 2022; 2023; 2024",7,"Vitis vinifera",1
"BACCHUS_OPERA@11B15","BACCHUS_OPERA","11B15",44.9360944,-0.0121416,"2018; 2019; 2020; 2021; 2022; 2023; 2024",7,"Vitis vinifera",1
"BACCHUS_OPERA@11C15","BACCHUS_OPERA","11C15",44.9359328,-0.013782,"2018; 2019; 2020; 2021; 2022; 2023; 2024",7,"Vitis vinifera",1
"BACCHUS_OPERA@12B15","BACCHUS_OPERA","12B15",44.9450633,-0.0262624,"2018; 2019; 2020; 2021; 2022; 2023; 2024",7,"Vitis vinifera",1
"BACCHUS_OPERA@12C15","BACCHUS_OPERA","12C15",44.9457754,-0.0255904,"2018; 2019; 2020; 2021; 2022; 2023; 2024",7,"Vitis vinifera",1
"BACCHUS_OPERA@13B15","BACCHUS_OPERA","13B15",44.9379841,-0.0400249,"2018; 2019",2,"Vitis vinifera",1
"BACCHUS_OPERA@13B20","BACCHUS_OPERA","13B20",44.942104,-0.0402737,"2020; 2021; 2022; 2023; 2024",5,"Vitis vinifera",1
"BACCHUS_OPERA@13C15","BACCHUS_OPERA","13C15",44.9385914,-0.0389034,"2018; 2019; 2020; 2021; 2022; 2023; 2024",7,"Vitis vinifera",1
"BACCHUS_OPERA@13D20","BACCHUS_OPERA","13D20",44.9418577,-0.03412,"2020; 2021; 2022; 2023; 2024",5,"Vitis vinifera",1
"BACCHUS_OPERA@14B15","BACCHUS_OPERA","14B15",44.8733522,-0.0633616,"2018; 2019; 2020; 2021; 2022",5,"Vitis vinifera",1
"BACCHUS_OPERA@14B23","BACCHUS_OPERA","14B23",44.8722077,-0.0614111,"2023; 2024",2,"Vitis vinifera",1
"BACCHUS_OPERA@14C15","BACCHUS_OPERA","14C15",44.875212,-0.0622466,"2018; 2019; 2020; 2021; 2022; 2023; 2024",7,"Vitis vinifera",1
"BACCHUS_OPERA@15B18","BACCHUS_OPERA","15B18",44.8634266,-0.0609448,"2018",1,"Vitis vinifera",1
"BACCHUS_OPERA@15C18","BACCHUS_OPERA","15C18",44.8635561,-0.0604958,"2018",1,"Vitis vinifera",1
"BACCHUS_OPERA@16B15","BACCHUS_OPERA","16B15",44.8754504,-0.0945857,"2018; 2019; 2020",3,"Vitis vinifera",1
"BACCHUS_OPERA@16C18","BACCHUS_OPERA","16C18",44.8754351,-0.0941667,"2018",1,"Vitis vinifera",1
"BACCHUS_OPERA@16C19","BACCHUS_OPERA","16C19",44.8769865,-0.0950759,"2019; 2020",2,"Vitis vinifera",1
"BACCHUS_OPERA@17B15","BACCHUS_OPERA","17B15",44.8957746,-0.1688144,"2018; 2019; 2020; 2021; 2022; 2023; 2024",7,"Vitis vinifera",1
"BACCHUS_OPERA@17C15","BACCHUS_OPERA","17C15",44.8957642,-0.1682306,"2018; 2019; 2020; 2021; 2022; 2023",6,"Vitis vinifera",1
"BACCHUS_OPERA@17C24","BACCHUS_OPERA","17C24",44.8959238,-0.1670607,"2024",1,"Vitis vinifera",1
"BACCHUS_OPERA@18B15","BACCHUS_OPERA","18B15",44.9452545,-0.1171418,"2018; 2019; 2020; 2021; 2022; 2023; 2024",7,"Vitis vinifera",1
"BACCHUS_OPERA@18C15","BACCHUS_OPERA","18C15",44.9451263,-0.1188222,"2018; 2019; 2020; 2021; 2022; 2023; 2024",7,"Vitis vinifera",1
"BACCHUS_OPERA@20B15","BACCHUS_OPERA","20B15",44.96013,-0.1760711,"2018; 2019; 2020; 2021; 2022; 2023; 2024",7,"Vitis vinifera",1
"BACCHUS_OPERA@20C15","BACCHUS_OPERA","20C15",44.9592737,-0.1748168,"2018; 2019; 2020; 2021; 2022; 2023; 2024",7,"Vitis vinifera",1
"BACCHUS_OPERA@21B15","BACCHUS_OPERA","21B15",44.9620026,-0.2237098,"2018; 2019; 2020; 2021; 2022; 2023; 2024",7,"Vitis vinifera",1
"BACCHUS_OPERA@21C18","BACCHUS_OPERA","21C18",44.9629599,-0.2217721,"2018; 2019; 2020; 2021; 2022; 2023; 2024",7,"Vitis vinifera",1
"BACCHUS_OPERA@22B21","BACCHUS_OPERA","22B21",44.9029163,-0.1897194,"2021; 2022; 2023; 2024",4,"Vitis vinifera",1
"BACCHUS_OPERA@22C21","BACCHUS_OPERA","22C21",44.9032602,-0.1902969,"2021; 2022; 2023; 2024",4,"Vitis vinifera",1
"BACCHUS_OPERA@23B21","BACCHUS_OPERA","23B21",44.8912694,-0.1265391,"2021; 2022; 2023; 2024",4,"Vitis vinifera",1
"BACCHUS_OPERA@23C21","BACCHUS_OPERA","23C21",44.8894676,-0.1278077,"2021",1,"Vitis vinifera",1
"BACCHUS_OPERA@23C22","BACCHUS_OPERA","23C22",44.8890676,-0.1269742,"2022; 2023; 2024",3,"Vitis vinifera",1
"BIOMHE@10","BIOMHE","10",48.0691089700277,-1.41646722382902,"2020",1,"Winter wheat",1
"BIOMHE@11","BIOMHE","11",48.0734279095817,-1.41397281738102,"2020",1,"Winter wheat",1
"BIOMHE@12","BIOMHE","12",47.9250858618155,-1.91159347716614,"2020",1,"Winter wheat",1
"BIOMHE@15","BIOMHE","15",48.0290909640367,-1.40593496125565,"2020",1,"Triticale (73%), pea (27%)",1
"BIOMHE@16","BIOMHE","16",48.0160913864715,-1.41097886888567,"2020",1,"Winter wheat",1
"BIOMHE@17","BIOMHE","17",48.0096643906661,-1.41030536736089,"2020",1,"Winter wheat",1
"BIOMHE@18","BIOMHE","18",47.8823145266418,-1.89566057431759,"2020",1,"Winter wheat",1
"BIOMHE@2","BIOMHE","2",47.9284249394139,-1.90460243066504,"2020",1,"Triticale (87.5%), pea (12.5%)",1
"BIOMHE@20","BIOMHE","20",47.9521948129069,-1.60916618800149,"2020",1,"Winter wheat",1
"BIOMHE@21","BIOMHE","21",48.0487777063613,-1.4604034630352,"2020",1,"Winter wheat",1
"BIOMHE@22","BIOMHE","22",48.0486146166361,-1.45221274719078,"2020",1,"Winter wheat",1
"BIOMHE@23","BIOMHE","23",48.035983495026,-1.44945915364795,"2020",1,"Winter wheat",1
"BIOMHE@24","BIOMHE","24",48.0369161660041,-1.50144786631633,"2020",1,"Winter wheat",1
"BIOMHE@25","BIOMHE","25",48.0349057122915,-1.50178415196659,"2020",1,"Winter wheat",1
"BIOMHE@28","BIOMHE","28",48.04286523076,-1.46943557840532,"2020",1,"Winter wheat",1
"BIOMHE@3","BIOMHE","3",47.9318354067238,-1.90465308528908,"2020",1,"Triticale (87.5%), pea (12.5%)",1
"BIOMHE@30","BIOMHE","30",48.008287913886,-1.39066193866069,"2020",1,"Winter wheat",1
"BIOMHE@31","BIOMHE","31",48.0320963059333,-1.43501851586623,"2020",1,"Winter wheat",1
"BIOMHE@33","BIOMHE","33",47.937970560197,-1.96882905344738,"2020",1,"Winter wheat",1
"BIOMHE@34","BIOMHE","34",47.8972993611068,-1.99126397796401,"2020",1,"Winter wheat",1
"BIOMHE@36","BIOMHE","36",48.1150388011047,-1.37829186446989,"2020",1,"Winter wheat",1
"BIOMHE@39","BIOMHE","39",47.7971607984068,-1.69157964926323,"2020",1,"Winter wheat",1
"BIOMHE@42","BIOMHE","42",47.9485197041529,-1.6094912623607,"2020",1,"Winter wheat",1
"BIOMHE@43","BIOMHE","43",47.8001990412209,-1.71667748120499,"2020",1,"Winter wheat (78%), faba bean (21%)",1
"BIOMHE@44","BIOMHE","44",47.8238508042653,-1.69713676402525,"2020",1,"Rye, linen",1
"BIOMHE@45","BIOMHE","45",47.9895041551202,-1.99493833261704,"2020",1,"Winter wheat",1
"BIOMHE@47","BIOMHE","47",47.9867481253734,-1.29952235588696,"2020",1,"Faba bean (55.5%), triticale (44.5%)",1
"BIOMHE@49","BIOMHE","49",48.0841835758872,-1.35960408524948,"2020",1,"Triticale (50%), pea (35%), faba bean (15%)",1
"BIOMHE@5","BIOMHE","5",47.9254897532707,-1.89325245005254,"2020",1,"Winter wheat",1
"BIOMHE@50","BIOMHE","50",48.1189049746627,-1.38791935647631,"2020",1,"Winter wheat",1
"BIOMHE@51","BIOMHE","51",47.8178903986809,-1.7056073883062,"2020",1,"Winter wheat",1
"BIOMHE@54","BIOMHE","54",47.9208679170578,-1.87452673665655,"2020",1,"Triticale (50%), pea (50%)",1
"BIOMHE@57","BIOMHE","57",47.9135312018225,-1.82722887961935,"2020",1,"Pea (34%), oat (27%), faba bean (24%), triticale (15%)",1
"BIOMHE@58","BIOMHE","58",47.9152498793402,-1.83016696700041,"2020",1,"Winter wheat",1
"BIOMHE@6","BIOMHE","6",48.030887280978,-1.43855571366516,"2020",1,"Spring oat",1
"BIOMHE@60","BIOMHE","60",47.9414650058861,-1.36773046352686,"2020",1,"Triticale",1
"BIOMHE@7","BIOMHE","7",47.9221253135063,-1.38506493067285,"2020",1,"Winter wheat",1
"BIOMHE@8","BIOMHE","8",47.9392436085788,-1.36487427531331,"2020",1,"Winter wheat",1
"BIOMHE@9","BIOMHE","9",47.8772195965237,-1.89053211407249,"2020",1,"Winter wheat",1
"BIOMHE@99","BIOMHE","99",47.9508505730886,-1.92845089653379,"2020",1,"Winter wheat",1
"BISCO@100","BISCO","100",48.5029458677689,-1.58568874157341,"2017",1,"Winter wheat",1
"BISCO@101","BISCO","101",48.5092585482089,-1.5705651793362,"2017",1,"Winter wheat",1
"BISCO@138","BISCO","138",48.4828972633784,-1.60579856116376,"2017",1,"Winter wheat",1
"BISCO@149","BISCO","149",48.4789212535312,-1.51123068819578,"2017",1,"Winter wheat",1
"BISCO@156","BISCO","156",48.4762475891893,-1.63259231470457,"2017",1,"Winter wheat",1
"BISCO@157","BISCO","157",48.483168616517,-1.64311258377713,"2017",1,"Winter wheat",1
"BISCO@169","BISCO","169",48.4842400120002,-1.58920159105911,"2017",1,"Winter wheat",1
"BISCO@176","BISCO","176",48.4942851996502,-1.60040168144874,"2017",1,"Winter wheat",1
"BISCO@180","BISCO","180",48.490128619942,-1.58725615387382,"2017",1,"Winter wheat",1
"BISCO@19","BISCO","19",48.5025699112098,-1.57099068618407,"2017",1,"Winter wheat",1
"BISCO@20","BISCO","20",48.5039030277174,-1.50841778981313,"2017",1,"Winter wheat",1
"BISCO@200","BISCO","200",48.4879555599766,-1.63133109152217,"2017",1,"Winter wheat",1
"BISCO@26","BISCO","26",48.5127052554799,-1.51915429586554,"2017",1,"Winter wheat",1
"BISCO@269","BISCO","269",48.481404520641,-1.63766643610403,"2017",1,"Winter wheat",1
"BISCO@27","BISCO","27",48.4791634600052,-1.61481875752855,"2017",1,"Winter wheat",1
"BISCO@281","BISCO","281",48.4880483676423,-1.51213343851832,"2017",1,"Winter wheat",1
"BISCO@29","BISCO","29",48.507084174223,-1.56507756452518,"2017",1,"Winter wheat",1
"BISCO@30","BISCO","30",48.5062355425959,-1.60192220035752,"2017",1,"Winter wheat",1
"BISCO@32","BISCO","32",48.5086535261852,-1.54556572095946,"2017",1,"Winter wheat",1
"BISCO@39a","BISCO","39a",48.5098272313185,-1.59306098133796,"2017",1,"Winter wheat",1
"BISCO@39b","BISCO","39b",48.4933177963094,-1.56919464788232,"2017",1,"Winter wheat",1
"BISCO@43","BISCO","43",48.5165322725737,-1.5783853436354,"2017",1,"Winter wheat",1
"BISCO@59","BISCO","59",48.5291252154388,-1.56318796898827,"2017",1,"Winter wheat",1
"BISCO@68","BISCO","68",48.528690450248,-1.54151200603628,"2017",1,"Winter wheat",1
"BISCO@71","BISCO","71",48.4923938627582,-1.52069925976875,"2017",1,"Winter wheat",1
"BISCO@75","BISCO","75",48.5342910825796,-1.60654399095772,"2017",1,"Winter wheat",1
"BISCO@86","BISCO","86",48.5564883108728,-1.61749998260436,"2017",1,"Winter wheat",1
"DIVAG@10AB-M","DIVAG","10AB-M",48.0096033293508,-1.38406377983605,"2019",1,"Winter wheat + ?",1
"DIVAG@11AB-M","DIVAG","11AB-M",48.0120684277744,-1.26789757410699,"2019",1,"Meslin",1
"DIVAG@12AB-M","DIVAG","12AB-M",47.9313803490993,-1.43579491717234,"2019",1,"Triticale, pea, oat",1
"DIVAG@12AB-P","DIVAG","12AB-P",47.9348650288982,-1.42964324440912,"2019",1,"Winter wheat",1
"DIVAG@13AB-P","DIVAG","13AB-P",47.9576959512533,-1.61008197768451,"2019",1,"Winter wheat",1
"DIVAG@14AB-M","DIVAG","14AB-M",47.9476619652557,-1.60516692704469,"2019",1,"Triticale, faba bean",1
"DIVAG@14AB-P","DIVAG","14AB-P",47.9462028480051,-1.60776281893257,"2019",1,"Winter wheat",1
"DIVAG@15AB-M1","DIVAG","15AB-M1",47.8220407796874,-1.69997754892132,"2019",1,"Winter wheat + ?",1
"DIVAG@15AB-M2","DIVAG","15AB-M2",47.8204660777319,-1.6960931126953,"2019",1,"Spelt, faba bean",1
"DIVAG@16AB-M","DIVAG","16AB-M",47.8173663074014,-1.68995740006808,"2019",1,"Spelt, faba bean",1
"DIVAG@17AB-M","DIVAG","17AB-M",47.8788397694815,-1.89622781956591,"2019",1,"Winter wheat + ?",1
"DIVAG@17AB-P","DIVAG","17AB-P",47.8776789650359,-1.89199612803235,"2019",1,"Winter wheat",1
"DIVAG@18AB-M1","DIVAG","18AB-M1",47.9266828400212,-1.89130035350302,"2019",1,"Triticale, pea",1
"DIVAG@18AB-M2","DIVAG","18AB-M2",47.9244622588454,-1.90221904684802,"2019",1,"Triticale, pea",1
"DIVAG@18AB-M3","DIVAG","18AB-M3",47.9268071063631,-1.88078024089924,"2019",1,"Triticale, pea",1
"DIVAG@18AB-P","DIVAG","18AB-P",47.9281623438799,-1.89982789532592,"2019",1,"Winter wheat",1
"DIVAG@19AB-P","DIVAG","19AB-P",47.9318156267893,-1.90417794781195,"2019",1,"Winter wheat",1
"DIVAG@1AB-P","DIVAG","1AB-P",48.1201744198867,-1.37542210168538,"2019",1,"Winter wheat",1
"DIVAG@20AB-P1","DIVAG","20AB-P1",47.996651701327,-1.42168511180599,"2019",1,"Winter wheat",1
"DIVAG@20AB-P2","DIVAG","20AB-P2",47.9982702694404,-1.42211737902343,"2019",1,"Winter wheat",1
"DIVAG@21AB-M1","DIVAG","21AB-M1",47.9500506182775,-1.94994860444824,"2019",1,"Triticale, spelt, faba bean",1
"DIVAG@21AB-M2","DIVAG","21AB-M2",47.9537180852008,-1.95244036447777,"2019",1,"Triticale, spelt, faba bean",1
"DIVAG@21AB-P","DIVAG","21AB-P",47.94864308826,-1.94929501749356,"2019",1,"Winter wheat",1
"DIVAG@22AB-M","DIVAG","22AB-M",47.9874967470294,-1.99227303304358,"2019",1,"Spelt, faba bean",1
"DIVAG@23AB-M","DIVAG","23AB-M",47.9846377693926,-1.30428976310588,"2019",1,"Triticale, faba bean",1
"DIVAG@24AB-P","DIVAG","24AB-P",47.9625943695816,-1.62219278335369,"2019",1,"Winter wheat",1
"DIVAG@25AB-M1","DIVAG","25AB-M1",47.8702079063239,-1.96717561417665,"2019",1,"Triticale, pea",1
"DIVAG@25AB-M2","DIVAG","25AB-M2",47.8703228527814,-1.97900495035351,"2019",1,"Meslin",1
"DIVAG@26AB-M","DIVAG","26AB-M",47.9181570986104,-1.98122585691256,"2019",1,"Triticale, oat, pea, faba bean",1
"DIVAG@27AB-M","DIVAG","27AB-M",47.9664554626538,-1.91790851578631,"2019",1,"Triticale, spelt, faba bean",1
"DIVAG@27AB-P","DIVAG","27AB-P",47.9519187294938,-1.92380380312343,"2019",1,"Winter wheat",1
"DIVAG@2AB-P","DIVAG","2AB-P",48.0705492109524,-1.50655882468734,"2019",1,"Winter wheat",1
"DIVAG@3AB-P","DIVAG","3AB-P",48.0489730313654,-1.45511304421663,"2019",1,"Winter wheat",1
"DIVAG@4AB-P","DIVAG","4AB-P",48.064890222845,-1.42190671359729,"2019",1,"Winter wheat",1
"DIVAG@5AB-P","DIVAG","5AB-P",48.054655570997,-1.42710560660904,"2019",1,"Winter wheat",1
"DIVAG@6AB-P","DIVAG","6AB-P",48.0673633524393,-1.35790412239167,"2019",1,"Winter wheat",1
"DIVAG@7AB-P","DIVAG","7AB-P",48.0676092753785,-1.35343907373327,"2019",1,"Winter wheat",1
"DIVAG@8AB-M","DIVAG","8AB-M",48.0323342322222,-1.40921952590794,"2019",1,"Triticale, pea",1
"DIVAG@8AB-P","DIVAG","8AB-P",48.0402275391901,-1.41841127496881,"2019",1,"Winter wheat",1
"DIVAG@9AB-P","DIVAG","9AB-P",48.0301282610111,-1.43247823146322,"2019",1,"Winter wheat",1
"DURUM_MIX_GM@1_11","DURUM_MIX_GM","1_11",43.6172222,3.855,"2018",1,"Triticum turgidum ssp. durum",1
"DURUM_MIX_GM@1_12","DURUM_MIX_GM","1_12",43.6172222,3.855,"2018",1,"Triticum turgidum ssp. durum",1
"DURUM_MIX_GM@1_13","DURUM_MIX_GM","1_13",43.6172222,3.855,"2018",1,"Triticum turgidum ssp. durum",1
"DURUM_MIX_GM@1_14","DURUM_MIX_GM","1_14",43.6172222,3.855,"2018",1,"Triticum turgidum ssp. durum",1
"DURUM_MIX_GM@1_15","DURUM_MIX_GM","1_15",43.6172222,3.855,"2018",1,"Triticum turgidum ssp. durum",1
"DURUM_MIX_GM@1_16","DURUM_MIX_GM","1_16",43.6172222,3.855,"2018",1,"Triticum turgidum ssp. durum",1
"DURUM_MIX_GM@1_17","DURUM_MIX_GM","1_17",43.6172222,3.855,"2018",1,"Triticum turgidum ssp. durum",1
"DURUM_MIX_GM@1_18","DURUM_MIX_GM","1_18",43.6172222,3.855,"2018",1,"Triticum turgidum ssp. durum",1
"DURUM_MIX_GM@1_19","DURUM_MIX_GM","1_19",43.6172222,3.855,"2018",1,"Triticum turgidum ssp. durum",1
"DURUM_MIX_GM@10_11","DURUM_MIX_GM","10_11",43.6172222,3.855,"2018",1,"Triticum turgidum ssp. durum",1
"DURUM_MIX_GM@10_12","DURUM_MIX_GM","10_12",43.6172222,3.855,"2018",1,"Triticum turgidum ssp. durum",1
"DURUM_MIX_GM@10_13","DURUM_MIX_GM","10_13",43.6172222,3.855,"2018",1,"Triticum turgidum ssp. durum",1
"DURUM_MIX_GM@10_14","DURUM_MIX_GM","10_14",43.6172222,3.855,"2018",1,"Triticum turgidum ssp. durum",1
"DURUM_MIX_GM@10_15","DURUM_MIX_GM","10_15",43.6172222,3.855,"2018",1,"Triticum turgidum ssp. durum",1
"DURUM_MIX_GM@10_16","DURUM_MIX_GM","10_16",43.6172222,3.855,"2018",1,"Triticum turgidum ssp. durum",1
"DURUM_MIX_GM@10_17","DURUM_MIX_GM","10_17",43.6172222,3.855,"2018",1,"Triticum turgidum ssp. durum",1
"DURUM_MIX_GM@10_18","DURUM_MIX_GM","10_18",43.6172222,3.855,"2018",1,"Triticum turgidum ssp. durum",1
"DURUM_MIX_GM@10_19","DURUM_MIX_GM","10_19",43.6172222,3.855,"2018",1,"Triticum turgidum ssp. durum",1
"DURUM_MIX_GM@10_20","DURUM_MIX_GM","10_20",43.6172222,3.855,"2018",1,"Triticum turgidum ssp. durum",1
"DURUM_MIX_GM@10_21","DURUM_MIX_GM","10_21",43.6172222,3.855,"2018",1,"Triticum turgidum ssp. durum",1
"DURUM_MIX_GM@10_22","DURUM_MIX_GM","10_22",43.6172222,3.855,"2018",1,"Triticum turgidum ssp. durum",1
"DURUM_MIX_GM@10_23","DURUM_MIX_GM","10_23",43.6172222,3.855,"2018",1,"Triticum turgidum ssp. durum",1
"DURUM_MIX_GM@10_24","DURUM_MIX_GM","10_24",43.6172222,3.855,"2018",1,"Triticum turgidum ssp. durum",1
"DURUM_MIX_GM@10_25","DURUM_MIX_GM","10_25",43.6172222,3.855,"2018",1,"Triticum turgidum ssp. durum",1
"DURUM_MIX_GM@10_26","DURUM_MIX_GM","10_26",43.6172222,3.855,"2018",1,"Triticum turgidum ssp. durum",1
"DURUM_MIX_GM@10_27","DURUM_MIX_GM","10_27",43.6172222,3.855,"2018",1,"Triticum turgidum ssp. durum",1
"DURUM_MIX_GM@10_28","DURUM_MIX_GM","10_28",43.6172222,3.855,"2018",1,"Triticum turgidum ssp. durum",1
"DURUM_MIX_GM@10_29","DURUM_MIX_GM","10_29",43.6172222,3.855,"2018",1,"Triticum turgidum ssp. durum",1
"DURUM_MIX_GM@10_30","DURUM_MIX_GM","10_30",43.6172222,3.855,"2018",1,"Triticum turgidum ssp. durum",1
"DURUM_MIX_GM@10_31","DURUM_MIX_GM","10_31",43.6172222,3.855,"2018",1,"Triticum turgidum ssp. durum",1
"DURUM_MIX_GM@10_32","DURUM_MIX_GM","10_32",43.6172222,3.855,"2018",1,"Triticum turgidum ssp. durum",1
"DURUM_MIX_GM@10_33","DURUM_MIX_GM","10_33",43.6172222,3.855,"2018",1,"Triticum turgidum ssp. durum",1
"DURUM_MIX_GM@10_34","DURUM_MIX_GM","10_34",43.6172222,3.855,"2018",1,"Triticum turgidum ssp. durum",1
"DURUM_MIX_GM@10_35","DURUM_MIX_GM","10_35",43.6172222,3.855,"2018",1,"Triticum turgidum ssp. durum",1
"DURUM_MIX_GM@10_36","DURUM_MIX_GM","10_36",43.6172222,3.855,"2018",1,"Triticum turgidum ssp. durum",1
"DURUM_MIX_GM@10_37","DURUM_MIX_GM","10_37",43.6172222,3.855,"2018",1,"Triticum turgidum ssp. durum",1
"DURUM_MIX_GM@10_38","DURUM_MIX_GM","10_38",43.6172222,3.855,"2018",1,"Triticum turgidum ssp. durum",1
"DURUM_MIX_GM@10_39","DURUM_MIX_GM","10_39",43.6172222,3.855,"2018",1,"Triticum turgidum ssp. durum",1
"DURUM_MIX_GM@10_40","DURUM_MIX_GM","10_40",43.6172222,3.855,"2018",1,"Triticum turgidum ssp. durum",1
"DURUM_MIX_GM@10_41","DURUM_MIX_GM","10_41",43.6172222,3.855,"2018",1,"Triticum turgidum ssp. durum",1
"DURUM_MIX_GM@11_14","DURUM_MIX_GM","11_14",43.6172222,3.855,"2018",1,"Triticum turgidum ssp. durum",1
"DURUM_MIX_GM@11_15","DURUM_MIX_GM","11_15",43.6172222,3.855,"2018",1,"Triticum turgidum ssp. durum",1
"DURUM_MIX_GM@11_23","DURUM_MIX_GM","11_23",43.6172222,3.855,"2018",1,"Triticum turgidum ssp. durum",1
"DURUM_MIX_GM@11_25","DURUM_MIX_GM","11_25",43.6172222,3.855,"2018",1,"Triticum turgidum ssp. durum",1
"DURUM_MIX_GM@11_30","DURUM_MIX_GM","11_30",43.6172222,3.855,"2018",1,"Triticum turgidum ssp. durum",1
"DURUM_MIX_GM@11_32","DURUM_MIX_GM","11_32",43.6172222,3.855,"2018",1,"Triticum turgidum ssp. durum",1
"DURUM_MIX_GM@11_34","DURUM_MIX_GM","11_34",43.6172222,3.855,"2018",1,"Triticum turgidum ssp. durum",1
"DURUM_MIX_GM@11_35","DURUM_MIX_GM","11_35",43.6172222,3.855,"2018",1,"Triticum turgidum ssp. durum",1
"DURUM_MIX_GM@2_12","DURUM_MIX_GM","2_12",43.6172222,3.855,"2018",1,"Triticum turgidum ssp. durum",1
"DURUM_MIX_GM@2_15","DURUM_MIX_GM","2_15",43.6172222,3.855,"2018",1,"Triticum turgidum ssp. durum",1
"DURUM_MIX_GM@2_16","DURUM_MIX_GM","2_16",43.6172222,3.855,"2018",1,"Triticum turgidum ssp. durum",1
"DURUM_MIX_GM@2_17","DURUM_MIX_GM","2_17",43.6172222,3.855,"2018",1,"Triticum turgidum ssp. durum",1
"DURUM_MIX_GM@2_19","DURUM_MIX_GM","2_19",43.6172222,3.855,"2018",1,"Triticum turgidum ssp. durum",1
"DURUM_MIX_GM@2_20","DURUM_MIX_GM","2_20",43.6172222,3.855,"2018",1,"Triticum turgidum ssp. durum",1
"DURUM_MIX_GM@2_21","DURUM_MIX_GM","2_21",43.6172222,3.855,"2018",1,"Triticum turgidum ssp. durum",1
"DURUM_MIX_GM@2_24","DURUM_MIX_GM","2_24",43.6172222,3.855,"2018",1,"Triticum turgidum ssp. durum",1
"DURUM_MIX_GM@2_25","DURUM_MIX_GM","2_25",43.6172222,3.855,"2018",1,"Triticum turgidum ssp. durum",1
"DURUM_MIX_GM@2_28","DURUM_MIX_GM","2_28",43.6172222,3.855,"2018",1,"Triticum turgidum ssp. durum",1
"DURUM_MIX_GM@2_29","DURUM_MIX_GM","2_29",43.6172222,3.855,"2018",1,"Triticum turgidum ssp. durum",1
"DURUM_MIX_GM@2_32","DURUM_MIX_GM","2_32",43.6172222,3.855,"2018",1,"Triticum turgidum ssp. durum",1
"DURUM_MIX_GM@2_33","DURUM_MIX_GM","2_33",43.6172222,3.855,"2018",1,"Triticum turgidum ssp. durum",1
"DURUM_MIX_GM@2_35","DURUM_MIX_GM","2_35",43.6172222,3.855,"2018",1,"Triticum turgidum ssp. durum",1
"DURUM_MIX_GM@2_37","DURUM_MIX_GM","2_37",43.6172222,3.855,"2018",1,"Triticum turgidum ssp. durum",1
"DURUM_MIX_GM@2_38","DURUM_MIX_GM","2_38",43.6172222,3.855,"2018",1,"Triticum turgidum ssp. durum",1
"DURUM_MIX_GM@2_40","DURUM_MIX_GM","2_40",43.6172222,3.855,"2018",1,"Triticum turgidum ssp. durum",1
"DURUM_MIX_GM@3_1","DURUM_MIX_GM","3_1",43.6172222,3.855,"2018",1,"Triticum turgidum ssp. durum",1
"DURUM_MIX_GM@3_12","DURUM_MIX_GM","3_12",43.6172222,3.855,"2018",1,"Triticum turgidum ssp. durum",1
"DURUM_MIX_GM@3_16","DURUM_MIX_GM","3_16",43.6172222,3.855,"2018",1,"Triticum turgidum ssp. durum",1
"DURUM_MIX_GM@3_2","DURUM_MIX_GM","3_2",43.6172222,3.855,"2018",1,"Triticum turgidum ssp. durum",1
"DURUM_MIX_GM@3_20","DURUM_MIX_GM","3_20",43.6172222,3.855,"2018",1,"Triticum turgidum ssp. durum",1
"DURUM_MIX_GM@3_22","DURUM_MIX_GM","3_22",43.6172222,3.855,"2018",1,"Triticum turgidum ssp. durum",1
"DURUM_MIX_GM@3_26","DURUM_MIX_GM","3_26",43.6172222,3.855,"2018",1,"Triticum turgidum ssp. durum",1
"DURUM_MIX_GM@3_28","DURUM_MIX_GM","3_28",43.6172222,3.855,"2018",1,"Triticum turgidum ssp. durum",1
"DURUM_MIX_GM@3_3","DURUM_MIX_GM","3_3",43.6172222,3.855,"2018",1,"Triticum turgidum ssp. durum",1
"DURUM_MIX_GM@3_31","DURUM_MIX_GM","3_31",43.6172222,3.855,"2018",1,"Triticum turgidum ssp. durum",1
"DURUM_MIX_GM@3_33","DURUM_MIX_GM","3_33",43.6172222,3.855,"2018",1,"Triticum turgidum ssp. durum",1
"DURUM_MIX_GM@3_34","DURUM_MIX_GM","3_34",43.6172222,3.855,"2018",1,"Triticum turgidum ssp. durum",1
"DURUM_MIX_GM@3_38","DURUM_MIX_GM","3_38",43.6172222,3.855,"2018",1,"Triticum turgidum ssp. durum",1
"DURUM_MIX_GM@3_41","DURUM_MIX_GM","3_41",43.6172222,3.855,"2018",1,"Triticum turgidum ssp. durum",1
"DURUM_MIX_GM@3_5","DURUM_MIX_GM","3_5",43.6172222,3.855,"2018",1,"Triticum turgidum ssp. durum",1
"DURUM_MIX_GM@3_6","DURUM_MIX_GM","3_6",43.6172222,3.855,"2018",1,"Triticum turgidum ssp. durum",1
"DURUM_MIX_GM@3_7","DURUM_MIX_GM","3_7",43.6172222,3.855,"2018",1,"Triticum turgidum ssp. durum",1
"DURUM_MIX_GM@3_8","DURUM_MIX_GM","3_8",43.6172222,3.855,"2018",1,"Triticum turgidum ssp. durum",1
"DURUM_MIX_GM@4_15","DURUM_MIX_GM","4_15",43.6172222,3.855,"2018",1,"Triticum turgidum ssp. durum",1
"DURUM_MIX_GM@4_16","DURUM_MIX_GM","4_16",43.6172222,3.855,"2018",1,"Triticum turgidum ssp. durum",1
"DURUM_MIX_GM@4_19","DURUM_MIX_GM","4_19",43.6172222,3.855,"2018",1,"Triticum turgidum ssp. durum",1
"DURUM_MIX_GM@4_22","DURUM_MIX_GM","4_22",43.6172222,3.855,"2018",1,"Triticum turgidum ssp. durum",1
"DURUM_MIX_GM@4_24","DURUM_MIX_GM","4_24",43.6172222,3.855,"2018",1,"Triticum turgidum ssp. durum",1
"DURUM_MIX_GM@4_27","DURUM_MIX_GM","4_27",43.6172222,3.855,"2018",1,"Triticum turgidum ssp. durum",1
"DURUM_MIX_GM@4_29","DURUM_MIX_GM","4_29",43.6172222,3.855,"2018",1,"Triticum turgidum ssp. durum",1
"DURUM_MIX_GM@4_3","DURUM_MIX_GM","4_3",43.6172222,3.855,"2018",1,"Triticum turgidum ssp. durum",1
"DURUM_MIX_GM@4_30","DURUM_MIX_GM","4_30",43.6172222,3.855,"2018",1,"Triticum turgidum ssp. durum",1
"DURUM_MIX_GM@4_31","DURUM_MIX_GM","4_31",43.6172222,3.855,"2018",1,"Triticum turgidum ssp. durum",1
"DURUM_MIX_GM@4_36","DURUM_MIX_GM","4_36",43.6172222,3.855,"2018",1,"Triticum turgidum ssp. durum",1
"DURUM_MIX_GM@4_40","DURUM_MIX_GM","4_40",43.6172222,3.855,"2018",1,"Triticum turgidum ssp. durum",1
"DURUM_MIX_GM@4_41","DURUM_MIX_GM","4_41",43.6172222,3.855,"2018",1,"Triticum turgidum ssp. durum",1
"DURUM_MIX_GM@4_8","DURUM_MIX_GM","4_8",43.6172222,3.855,"2018",1,"Triticum turgidum ssp. durum",1
"DURUM_MIX_GM@5_1","DURUM_MIX_GM","5_1",43.6172222,3.855,"2018",1,"Triticum turgidum ssp. durum",1
"DURUM_MIX_GM@5_11","DURUM_MIX_GM","5_11",43.6172222,3.855,"2018",1,"Triticum turgidum ssp. durum",1
"DURUM_MIX_GM@5_12","DURUM_MIX_GM","5_12",43.6172222,3.855,"2018",1,"Triticum turgidum ssp. durum",1
"DURUM_MIX_GM@5_13","DURUM_MIX_GM","5_13",43.6172222,3.855,"2018",1,"Triticum turgidum ssp. durum",1
"DURUM_MIX_GM@5_14","DURUM_MIX_GM","5_14",43.6172222,3.855,"2018",1,"Triticum turgidum ssp. durum",1
"DURUM_MIX_GM@5_15","DURUM_MIX_GM","5_15",43.6172222,3.855,"2018",1,"Triticum turgidum ssp. durum",1
"DURUM_MIX_GM@5_16","DURUM_MIX_GM","5_16",43.6172222,3.855,"2018",1,"Triticum turgidum ssp. durum",1
"DURUM_MIX_GM@5_17","DURUM_MIX_GM","5_17",43.6172222,3.855,"2018",1,"Triticum turgidum ssp. durum",1
"DURUM_MIX_GM@5_18","DURUM_MIX_GM","5_18",43.6172222,3.855,"2018",1,"Triticum turgidum ssp. durum",1
"DURUM_MIX_GM@5_19","DURUM_MIX_GM","5_19",43.6172222,3.855,"2018",1,"Triticum turgidum ssp. durum",1
"DURUM_MIX_GM@5_2","DURUM_MIX_GM","5_2",43.6172222,3.855,"2018",1,"Triticum turgidum ssp. durum",1
"DURUM_MIX_GM@5_20","DURUM_MIX_GM","5_20",43.6172222,3.855,"2018",1,"Triticum turgidum ssp. durum",1
"DURUM_MIX_GM@5_21","DURUM_MIX_GM","5_21",43.6172222,3.855,"2018",1,"Triticum turgidum ssp. durum",1
"DURUM_MIX_GM@5_22","DURUM_MIX_GM","5_22",43.6172222,3.855,"2018",1,"Triticum turgidum ssp. durum",1
"DURUM_MIX_GM@5_23","DURUM_MIX_GM","5_23",43.6172222,3.855,"2018",1,"Triticum turgidum ssp. durum",1
"DURUM_MIX_GM@5_24","DURUM_MIX_GM","5_24",43.6172222,3.855,"2018",1,"Triticum turgidum ssp. durum",1
"DURUM_MIX_GM@5_25","DURUM_MIX_GM","5_25",43.6172222,3.855,"2018",1,"Triticum turgidum ssp. durum",1
"DURUM_MIX_GM@5_26","DURUM_MIX_GM","5_26",43.6172222,3.855,"2018",1,"Triticum turgidum ssp. durum",1
"DURUM_MIX_GM@5_27","DURUM_MIX_GM","5_27",43.6172222,3.855,"2018",1,"Triticum turgidum ssp. durum",1
"DURUM_MIX_GM@5_28","DURUM_MIX_GM","5_28",43.6172222,3.855,"2018",1,"Triticum turgidum ssp. durum",1
"DURUM_MIX_GM@5_29","DURUM_MIX_GM","5_29",43.6172222,3.855,"2018",1,"Triticum turgidum ssp. durum",1
"DURUM_MIX_GM@5_30","DURUM_MIX_GM","5_30",43.6172222,3.855,"2018",1,"Triticum turgidum ssp. durum",1
"DURUM_MIX_GM@5_31","DURUM_MIX_GM","5_31",43.6172222,3.855,"2018",1,"Triticum turgidum ssp. durum",1
"DURUM_MIX_GM@5_32","DURUM_MIX_GM","5_32",43.6172222,3.855,"2018",1,"Triticum turgidum ssp. durum",1
"DURUM_MIX_GM@5_33","DURUM_MIX_GM","5_33",43.6172222,3.855,"2018",1,"Triticum turgidum ssp. durum",1
"DURUM_MIX_GM@5_34","DURUM_MIX_GM","5_34",43.6172222,3.855,"2018",1,"Triticum turgidum ssp. durum",1
"DURUM_MIX_GM@5_35","DURUM_MIX_GM","5_35",43.6172222,3.855,"2018",1,"Triticum turgidum ssp. durum",1
"DURUM_MIX_GM@5_36","DURUM_MIX_GM","5_36",43.6172222,3.855,"2018",1,"Triticum turgidum ssp. durum",1
"DURUM_MIX_GM@5_37","DURUM_MIX_GM","5_37",43.6172222,3.855,"2018",1,"Triticum turgidum ssp. durum",1
"DURUM_MIX_GM@5_38","DURUM_MIX_GM","5_38",43.6172222,3.855,"2018",1,"Triticum turgidum ssp. durum",1
"DURUM_MIX_GM@5_39","DURUM_MIX_GM","5_39",43.6172222,3.855,"2018",1,"Triticum turgidum ssp. durum",1
"DURUM_MIX_GM@5_4","DURUM_MIX_GM","5_4",43.6172222,3.855,"2018",1,"Triticum turgidum ssp. durum",1
"DURUM_MIX_GM@5_40","DURUM_MIX_GM","5_40",43.6172222,3.855,"2018",1,"Triticum turgidum ssp. durum",1
"DURUM_MIX_GM@5_41","DURUM_MIX_GM","5_41",43.6172222,3.855,"2018",1,"Triticum turgidum ssp. durum",1
"DURUM_MIX_GM@5_5","DURUM_MIX_GM","5_5",43.6172222,3.855,"2018",1,"Triticum turgidum ssp. durum",1
"DURUM_MIX_GM@5_6","DURUM_MIX_GM","5_6",43.6172222,3.855,"2018",1,"Triticum turgidum ssp. durum",1
"DURUM_MIX_GM@5_7","DURUM_MIX_GM","5_7",43.6172222,3.855,"2018",1,"Triticum turgidum ssp. durum",1
"DURUM_MIX_GM@5_8","DURUM_MIX_GM","5_8",43.6172222,3.855,"2018",1,"Triticum turgidum ssp. durum",1
"DURUM_MIX_GM@6_11","DURUM_MIX_GM","6_11",43.6172222,3.855,"2018",1,"Triticum turgidum ssp. durum",1
"DURUM_MIX_GM@6_12","DURUM_MIX_GM","6_12",43.6172222,3.855,"2018",1,"Triticum turgidum ssp. durum",1
"DURUM_MIX_GM@6_13","DURUM_MIX_GM","6_13",43.6172222,3.855,"2018",1,"Triticum turgidum ssp. durum",1
"DURUM_MIX_GM@6_14","DURUM_MIX_GM","6_14",43.6172222,3.855,"2018",1,"Triticum turgidum ssp. durum",1
"DURUM_MIX_GM@6_15","DURUM_MIX_GM","6_15",43.6172222,3.855,"2018",1,"Triticum turgidum ssp. durum",1
"DURUM_MIX_GM@6_16","DURUM_MIX_GM","6_16",43.6172222,3.855,"2018",1,"Triticum turgidum ssp. durum",1
"DURUM_MIX_GM@6_17","DURUM_MIX_GM","6_17",43.6172222,3.855,"2018",1,"Triticum turgidum ssp. durum",1
"DURUM_MIX_GM@6_2","DURUM_MIX_GM","6_2",43.6172222,3.855,"2018",1,"Triticum turgidum ssp. durum",1
"DURUM_MIX_GM@6_20","DURUM_MIX_GM","6_20",43.6172222,3.855,"2018",1,"Triticum turgidum ssp. durum",1
"DURUM_MIX_GM@6_21","DURUM_MIX_GM","6_21",43.6172222,3.855,"2018",1,"Triticum turgidum ssp. durum",1
"DURUM_MIX_GM@6_26","DURUM_MIX_GM","6_26",43.6172222,3.855,"2018",1,"Triticum turgidum ssp. durum",1
"DURUM_MIX_GM@6_27","DURUM_MIX_GM","6_27",43.6172222,3.855,"2018",1,"Triticum turgidum ssp. durum",1
"DURUM_MIX_GM@6_31","DURUM_MIX_GM","6_31",43.6172222,3.855,"2018",1,"Triticum turgidum ssp. durum",1
"DURUM_MIX_GM@6_32","DURUM_MIX_GM","6_32",43.6172222,3.855,"2018",1,"Triticum turgidum ssp. durum",1
"DURUM_MIX_GM@6_34","DURUM_MIX_GM","6_34",43.6172222,3.855,"2018",1,"Triticum turgidum ssp. durum",1
"DURUM_MIX_GM@6_41","DURUM_MIX_GM","6_41",43.6172222,3.855,"2018",1,"Triticum turgidum ssp. durum",1
"DURUM_MIX_GM@6_6","DURUM_MIX_GM","6_6",43.6172222,3.855,"2018",1,"Triticum turgidum ssp. durum",1
"DURUM_MIX_GM@7_14","DURUM_MIX_GM","7_14",43.6172222,3.855,"2018",1,"Triticum turgidum ssp. durum",1
"DURUM_MIX_GM@7_15","DURUM_MIX_GM","7_15",43.6172222,3.855,"2018",1,"Triticum turgidum ssp. durum",1
"DURUM_MIX_GM@7_16","DURUM_MIX_GM","7_16",43.6172222,3.855,"2018",1,"Triticum turgidum ssp. durum",1
"DURUM_MIX_GM@7_19","DURUM_MIX_GM","7_19",43.6172222,3.855,"2018",1,"Triticum turgidum ssp. durum",1
"DURUM_MIX_GM@7_2","DURUM_MIX_GM","7_2",43.6172222,3.855,"2018",1,"Triticum turgidum ssp. durum",1
"DURUM_MIX_GM@7_21","DURUM_MIX_GM","7_21",43.6172222,3.855,"2018",1,"Triticum turgidum ssp. durum",1
"DURUM_MIX_GM@7_22","DURUM_MIX_GM","7_22",43.6172222,3.855,"2018",1,"Triticum turgidum ssp. durum",1
"DURUM_MIX_GM@7_23","DURUM_MIX_GM","7_23",43.6172222,3.855,"2018",1,"Triticum turgidum ssp. durum",1
"DURUM_MIX_GM@7_24","DURUM_MIX_GM","7_24",43.6172222,3.855,"2018",1,"Triticum turgidum ssp. durum",1
"DURUM_MIX_GM@7_28","DURUM_MIX_GM","7_28",43.6172222,3.855,"2018",1,"Triticum turgidum ssp. durum",1
"DURUM_MIX_GM@7_30","DURUM_MIX_GM","7_30",43.6172222,3.855,"2018",1,"Triticum turgidum ssp. durum",1
"DURUM_MIX_GM@7_33","DURUM_MIX_GM","7_33",43.6172222,3.855,"2018",1,"Triticum turgidum ssp. durum",1
"DURUM_MIX_GM@7_36","DURUM_MIX_GM","7_36",43.6172222,3.855,"2018",1,"Triticum turgidum ssp. durum",1
"DURUM_MIX_GM@7_37","DURUM_MIX_GM","7_37",43.6172222,3.855,"2018",1,"Triticum turgidum ssp. durum",1
"DURUM_MIX_GM@7_38","DURUM_MIX_GM","7_38",43.6172222,3.855,"2018",1,"Triticum turgidum ssp. durum",1
"DURUM_MIX_GM@7_4","DURUM_MIX_GM","7_4",43.6172222,3.855,"2018",1,"Triticum turgidum ssp. durum",1
"DURUM_MIX_GM@7_40","DURUM_MIX_GM","7_40",43.6172222,3.855,"2018",1,"Triticum turgidum ssp. durum",1
"DURUM_MIX_GM@7_41","DURUM_MIX_GM","7_41",43.6172222,3.855,"2018",1,"Triticum turgidum ssp. durum",1
"DURUM_MIX_GM@7_5","DURUM_MIX_GM","7_5",43.6172222,3.855,"2018",1,"Triticum turgidum ssp. durum",1
"DURUM_MIX_GM@7_7","DURUM_MIX_GM","7_7",43.6172222,3.855,"2018",1,"Triticum turgidum ssp. durum",1
"DURUM_MIX_GM@8_11","DURUM_MIX_GM","8_11",43.6172222,3.855,"2018",1,"Triticum turgidum ssp. durum",1
"DURUM_MIX_GM@8_12","DURUM_MIX_GM","8_12",43.6172222,3.855,"2018",1,"Triticum turgidum ssp. durum",1
"DURUM_MIX_GM@8_13","DURUM_MIX_GM","8_13",43.6172222,3.855,"2018",1,"Triticum turgidum ssp. durum",1
"DURUM_MIX_GM@8_14","DURUM_MIX_GM","8_14",43.6172222,3.855,"2018",1,"Triticum turgidum ssp. durum",1
"DURUM_MIX_GM@8_15","DURUM_MIX_GM","8_15",43.6172222,3.855,"2018",1,"Triticum turgidum ssp. durum",1
"DURUM_MIX_GM@8_16","DURUM_MIX_GM","8_16",43.6172222,3.855,"2018",1,"Triticum turgidum ssp. durum",1
"DURUM_MIX_GM@8_17","DURUM_MIX_GM","8_17",43.6172222,3.855,"2018",1,"Triticum turgidum ssp. durum",1
"DURUM_MIX_GM@8_18","DURUM_MIX_GM","8_18",43.6172222,3.855,"2018",1,"Triticum turgidum ssp. durum",1
"DURUM_MIX_GM@8_19","DURUM_MIX_GM","8_19",43.6172222,3.855,"2018",1,"Triticum turgidum ssp. durum",1
"DURUM_MIX_GM@8_2","DURUM_MIX_GM","8_2",43.6172222,3.855,"2018",1,"Triticum turgidum ssp. durum",1
"DURUM_MIX_GM@8_20","DURUM_MIX_GM","8_20",43.6172222,3.855,"2018",1,"Triticum turgidum ssp. durum",1
"DURUM_MIX_GM@8_21","DURUM_MIX_GM","8_21",43.6172222,3.855,"2018",1,"Triticum turgidum ssp. durum",1
"DURUM_MIX_GM@8_22","DURUM_MIX_GM","8_22",43.6172222,3.855,"2018",1,"Triticum turgidum ssp. durum",1
"DURUM_MIX_GM@8_23","DURUM_MIX_GM","8_23",43.6172222,3.855,"2018",1,"Triticum turgidum ssp. durum",1
"DURUM_MIX_GM@8_24","DURUM_MIX_GM","8_24",43.6172222,3.855,"2018",1,"Triticum turgidum ssp. durum",1
"DURUM_MIX_GM@8_25","DURUM_MIX_GM","8_25",43.6172222,3.855,"2018",1,"Triticum turgidum ssp. durum",1
"DURUM_MIX_GM@8_26","DURUM_MIX_GM","8_26",43.6172222,3.855,"2018",1,"Triticum turgidum ssp. durum",1
"DURUM_MIX_GM@8_27","DURUM_MIX_GM","8_27",43.6172222,3.855,"2018",1,"Triticum turgidum ssp. durum",1
"DURUM_MIX_GM@8_28","DURUM_MIX_GM","8_28",43.6172222,3.855,"2018",1,"Triticum turgidum ssp. durum",1
"DURUM_MIX_GM@8_29","DURUM_MIX_GM","8_29",43.6172222,3.855,"2018",1,"Triticum turgidum ssp. durum",1
"DURUM_MIX_GM@8_3","DURUM_MIX_GM","8_3",43.6172222,3.855,"2018",1,"Triticum turgidum ssp. durum",1
"DURUM_MIX_GM@8_30","DURUM_MIX_GM","8_30",43.6172222,3.855,"2018",1,"Triticum turgidum ssp. durum",1
"DURUM_MIX_GM@8_31","DURUM_MIX_GM","8_31",43.6172222,3.855,"2018",1,"Triticum turgidum ssp. durum",1
"DURUM_MIX_GM@8_32","DURUM_MIX_GM","8_32",43.6172222,3.855,"2018",1,"Triticum turgidum ssp. durum",1
"DURUM_MIX_GM@8_33","DURUM_MIX_GM","8_33",43.6172222,3.855,"2018",1,"Triticum turgidum ssp. durum",1
"DURUM_MIX_GM@8_34","DURUM_MIX_GM","8_34",43.6172222,3.855,"2018",1,"Triticum turgidum ssp. durum",1
"DURUM_MIX_GM@8_35","DURUM_MIX_GM","8_35",43.6172222,3.855,"2018",1,"Triticum turgidum ssp. durum",1
"DURUM_MIX_GM@8_36","DURUM_MIX_GM","8_36",43.6172222,3.855,"2018",1,"Triticum turgidum ssp. durum",1
"DURUM_MIX_GM@8_37","DURUM_MIX_GM","8_37",43.6172222,3.855,"2018",1,"Triticum turgidum ssp. durum",1
"DURUM_MIX_GM@8_38","DURUM_MIX_GM","8_38",43.6172222,3.855,"2018",1,"Triticum turgidum ssp. durum",1
"DURUM_MIX_GM@8_39","DURUM_MIX_GM","8_39",43.6172222,3.855,"2018",1,"Triticum turgidum ssp. durum",1
"DURUM_MIX_GM@8_40","DURUM_MIX_GM","8_40",43.6172222,3.855,"2018",1,"Triticum turgidum ssp. durum",1
"DURUM_MIX_GM@8_41","DURUM_MIX_GM","8_41",43.6172222,3.855,"2018",1,"Triticum turgidum ssp. durum",1
"DURUM_MIX_GM@8_6","DURUM_MIX_GM","8_6",43.6172222,3.855,"2018",1,"Triticum turgidum ssp. durum",1
"DURUM_MIX_GM@8_7","DURUM_MIX_GM","8_7",43.6172222,3.855,"2018",1,"Triticum turgidum ssp. durum",1
"DURUM_MIX_GM@9_11","DURUM_MIX_GM","9_11",43.6172222,3.855,"2018",1,"Triticum turgidum ssp. durum",1
"DURUM_MIX_GM@9_12","DURUM_MIX_GM","9_12",43.6172222,3.855,"2018",1,"Triticum turgidum ssp. durum",1
"DURUM_MIX_GM@9_13","DURUM_MIX_GM","9_13",43.6172222,3.855,"2018",1,"Triticum turgidum ssp. durum",1
"DURUM_MIX_GM@9_18","DURUM_MIX_GM","9_18",43.6172222,3.855,"2018",1,"Triticum turgidum ssp. durum",1
"DURUM_MIX_GM@9_20","DURUM_MIX_GM","9_20",43.6172222,3.855,"2018",1,"Triticum turgidum ssp. durum",1
"DURUM_MIX_GM@9_22","DURUM_MIX_GM","9_22",43.6172222,3.855,"2018",1,"Triticum turgidum ssp. durum",1
"DURUM_MIX_GM@9_23","DURUM_MIX_GM","9_23",43.6172222,3.855,"2018",1,"Triticum turgidum ssp. durum",1
"DURUM_MIX_GM@9_25","DURUM_MIX_GM","9_25",43.6172222,3.855,"2018",1,"Triticum turgidum ssp. durum",1
"DURUM_MIX_GM@9_26","DURUM_MIX_GM","9_26",43.6172222,3.855,"2018",1,"Triticum turgidum ssp. durum",1
"DURUM_MIX_GM@9_3","DURUM_MIX_GM","9_3",43.6172222,3.855,"2018",1,"Triticum turgidum ssp. durum",1
"DURUM_MIX_GM@9_30","DURUM_MIX_GM","9_30",43.6172222,3.855,"2018",1,"Triticum turgidum ssp. durum",1
"DURUM_MIX_GM@9_32","DURUM_MIX_GM","9_32",43.6172222,3.855,"2018",1,"Triticum turgidum ssp. durum",1
"DURUM_MIX_GM@9_33","DURUM_MIX_GM","9_33",43.6172222,3.855,"2018",1,"Triticum turgidum ssp. durum",1
"DURUM_MIX_GM@9_34","DURUM_MIX_GM","9_34",43.6172222,3.855,"2018",1,"Triticum turgidum ssp. durum",1
"DURUM_MIX_GM@9_37","DURUM_MIX_GM","9_37",43.6172222,3.855,"2018",1,"Triticum turgidum ssp. durum",1
"DURUM_MIX_GM@9_38","DURUM_MIX_GM","9_38",43.6172222,3.855,"2018",1,"Triticum turgidum ssp. durum",1
"DURUM_MIX_GM@9_40","DURUM_MIX_GM","9_40",43.6172222,3.855,"2018",1,"Triticum turgidum ssp. durum",1
"DURUM_MIX_GM@9_41","DURUM_MIX_GM","9_41",43.6172222,3.855,"2018",1,"Triticum turgidum ssp. durum",1
"DURUM_MIX_GM@9_5","DURUM_MIX_GM","9_5",43.6172222,3.855,"2018",1,"Triticum turgidum ssp. durum",1
"EXCLU_BVD@194","EXCLU_BVD","194",43.8260085,4.901043311,"2023",1,"malus domestica",1
"EXCLU_BVD@205","EXCLU_BVD","205",43.79905517,4.891623624,"2023",1,"malus domestica",1
"EXCLU_BVD@232","EXCLU_BVD","232",43.84031143,4.823722686,"2023",1,"malus domestica",1
"EXCLU_BVD@236","EXCLU_BVD","236",43.77520772,5.055454849,"2021; 2023",2,"malus domestica",1
"EXCLU_BVD@237","EXCLU_BVD","237",43.76882525,5.078346682,"2022",1,"malus domestica",1
"EXCLU_BVD@238","EXCLU_BVD","238",43.85034943,4.91322592,"2021; 2022; 2023",3,"malus domestica",1
"EXCLU_BVD@239","EXCLU_BVD","239",43.90069397,4.994740516,"2021; 2022; 2023",3,"malus domestica",1
"EXCLU_BVD@240","EXCLU_BVD","240",43.89757265,4.98972298,"2021; 2022; 2023",3,"malus domestica",1
"EXCLU_BVD@241","EXCLU_BVD","241",43.80539967,4.937583165,"2021",1,"malus domestica",1
"EXCLU_BVD@242","EXCLU_BVD","242",43.80276449,4.93203837,"2021; 2022; 2023",3,"malus domestica",1
"EXCLU_BVD@244","EXCLU_BVD","244",43.89483304,5.033630994,"2021; 2022; 2023",3,"malus domestica",1
"EXCLU_BVD@272","EXCLU_BVD","272",43.79055738,5.085044259,"2022",1,"malus domestica",1
"EXCLU_BVD@273","EXCLU_BVD","273",43.77749502,5.053877925,"2022",1,"malus domestica",1
"EXCLU_BVD@275","EXCLU_BVD","275",43.81662742,5.025580197,"2022",1,"malus domestica",1
"EXCLU_BVD@276","EXCLU_BVD","276",43.87508115,5.024789879,"2022; 2023",2,"malus domestica",1
"EXCLU_BVD@286","EXCLU_BVD","286",43.89551426,4.772522502,"2023",1,"malus domestica",1
"EXCLU_BVD@293","EXCLU_BVD","293",43.82364666,4.81665681,"2022; 2023",2,"malus domestica",1
"EXCLU_BVD@296","EXCLU_BVD","296",43.90813564,5.041986423,"2022",1,"malus domestica",1
"EXCLU_BVD@302","EXCLU_BVD","302",43.77851853,5.060190908,"2023",1,"malus domestica",1
"EXCLU_BVD@303","EXCLU_BVD","303",43.82502568,4.977345616,"2023",1,"malus domestica",1
"EXCLU_BVD@306","EXCLU_BVD","306",43.86085393,5.003684927,"2023",1,"malus domestica",1
"EXCLU_BVD@308","EXCLU_BVD","308",43.89463924,5.077488642,"2023",1,"malus domestica",1
"FRAMEwork_BVD@11_b","FRAMEwork_BVD","11_b",43.8338088,4.8966043,"2021",1,"Malus domestica",1
"FRAMEwork_BVD@11_c","FRAMEwork_BVD","11_c",43.8337507,4.896605,"2021",1,"Malus domestica",1
"FRAMEwork_BVD@194_b2","FRAMEwork_BVD","194_b2",43.8260938,4.9002688,"2021",1,"Malus domestica",1
"FRAMEwork_BVD@194_c2","FRAMEwork_BVD","194_c2",43.8261993,4.9004074,"2021",1,"Malus domestica",1
"FRAMEwork_BVD@200_b","FRAMEwork_BVD","200_b",43.7949689,4.9320221,"2021",1,"Malus domestica",1
"FRAMEwork_BVD@200_c","FRAMEwork_BVD","200_c",43.7947795,4.9318957,"2021",1,"Malus domestica",1
"FRAMEwork_BVD@205_b2","FRAMEwork_BVD","205_b2",43.7995341,4.8907169,"2021",1,"Malus domestica",1
"FRAMEwork_BVD@205_c2","FRAMEwork_BVD","205_c2",43.799168,4.8904906,"2021",1,"Malus domestica",1
"FRAMEwork_BVD@211_b","FRAMEwork_BVD","211_b",43.9073971,4.9569321,"2021",1,"Malus domestica",1
"FRAMEwork_BVD@211_c","FRAMEwork_BVD","211_c",43.9074597,4.9569373,"2021",1,"Malus domestica",1
"FRAMEwork_BVD@212_b","FRAMEwork_BVD","212_b",43.8967815,4.9949955,"2021",1,"Malus domestica",1
"FRAMEwork_BVD@212_c","FRAMEwork_BVD","212_c",43.8965857,4.9950756,"2021",1,"Malus domestica",1
"FRAMEwork_BVD@228_b","FRAMEwork_BVD","228_b",43.8099299,4.9311902,"2021",1,"Malus domestica",1
"FRAMEwork_BVD@228_c","FRAMEwork_BVD","228_c",43.809825,4.9312425,"2021",1,"Malus domestica",1
"FRAMEwork_BVD@230_b2","FRAMEwork_BVD","230_b2",43.808521,4.8768593,"2021",1,"Malus domestica",1
"FRAMEwork_BVD@230_c2","FRAMEwork_BVD","230_c2",43.8085714,4.8764209,"2021",1,"Malus domestica",1
"FRAMEwork_BVD@232_b2","FRAMEwork_BVD","232_b2",43.8407277,4.824376,"2021",1,"Malus domestica",1
"FRAMEwork_BVD@232_c2","FRAMEwork_BVD","232_c2",43.8406022,4.8244507,"2021",1,"Malus domestica",1
"FRAMEwork_BVD@233_b","FRAMEwork_BVD","233_b",43.8442943,5.0108872,"2021",1,"Malus domestica",1
"FRAMEwork_BVD@233_c","FRAMEwork_BVD","233_c",43.8443489,5.010449,"2021",1,"Malus domestica",1
"FRAMEwork_BVD@234_b","FRAMEwork_BVD","234_b",43.8412638,4.9092208,"2021",1,"Malus domestica",1
"FRAMEwork_BVD@234_c","FRAMEwork_BVD","234_c",43.8411479,4.9091558,"2021",1,"Malus domestica",1
"FRAMEwork_BVD@235_b2","FRAMEwork_BVD","235_b2",43.74065223,5.1426865,"2021",1,"Malus domestica",1
"FRAMEwork_BVD@235_c2","FRAMEwork_BVD","235_c2",43.74076372,5.14240852,"2021",1,"Malus domestica",1
"FRAMEwork_BVD@236_b2","FRAMEwork_BVD","236_b2",43.7755609,5.0555553,"2021",1,"Malus domestica",1
"FRAMEwork_BVD@236_c2","FRAMEwork_BVD","236_c2",43.7754276,5.0557375,"2021",1,"Malus domestica",1
"FRAMEwork_BVD@237_b2","FRAMEwork_BVD","237_b2",43.7683385,5.0781329,"2021",1,"Malus domestica",1
"FRAMEwork_BVD@237_c2","FRAMEwork_BVD","237_c2",43.7684592,5.0779888,"2021",1,"Malus domestica",1
"FRAMEwork_BVD@238_b2","FRAMEwork_BVD","238_b2",43.8501043,4.9125457,"2021",1,"Malus domestica",1
"FRAMEwork_BVD@238_c2","FRAMEwork_BVD","238_c2",43.8501487,4.9124281,"2021",1,"Malus domestica",1
"FRAMEwork_BVD@26_b","FRAMEwork_BVD","26_b",43.8362726,4.93486066,"2021",1,"Malus domestica",1
"FRAMEwork_BVD@26_c","FRAMEwork_BVD","26_c",43.8358845,4.9364438,"2021",1,"Malus domestica",1
"FRAMEwork_BVD@75_b","FRAMEwork_BVD","75_b",43.7892819,4.9217396,"2021",1,"Malus domestica",1
"FRAMEwork_BVD@75_c","FRAMEwork_BVD","75_c",43.7890116,4.9218895,"2021",1,"Malus domestica",1
"FRAMEwork_BVD@88_b","FRAMEwork_BVD","88_b",43.8131845,4.9072309,"2021",1,"Malus domestica",1
"FRAMEwork_BVD@88_c","FRAMEwork_BVD","88_c",43.8130674,4.9077092,"2021",1,"Malus domestica",1
"Herrera2026@Dijon_D_Agri_PNPP_E_ID066","Herrera2026","Dijon_D_Agri_PNPP_E_ID066",47.23512,5.12146,"2022",1,"FeveroleH",1
"Herrera2026@Dijon_D_Agri_PNPP_Tm_ID067","Herrera2026","Dijon_D_Agri_PNPP_Tm_ID067",47.23512,5.12146,"2022",1,"FeveroleH",1
"Herrera2026@Dijon_D_Agri_Tm4_ID068","Herrera2026","Dijon_D_Agri_Tm4_ID068",47.233474,5.087518,"2022",1,"FeveroleH",1
"Herrera2026@Dijon_D_Agri_Tm5_ID069","Herrera2026","Dijon_D_Agri_Tm5_ID069",47.254038,5.10891,"2022",1,"FeveroleH",1
"Herrera2026@Dijon_D_CASYS_E5_ID070","Herrera2026","Dijon_D_CASYS_E5_ID070",47.232583,5.105612,"2022",1,"FeveroleH",1
"Herrera2026@Dijon_D_CASYS_E6_ID071","Herrera2026","Dijon_D_CASYS_E6_ID071",47.230361,5.100284,"2022",1,"FeveroleH",1
"Herrera2026@Dijon_D_CASYS_Tm1_ID072","Herrera2026","Dijon_D_CASYS_Tm1_ID072",47.233354,5.104565,"2022",1,"FeveroleH",1
"Herrera2026@Grignon_AA1_ID031","Herrera2026","Grignon_AA1_ID031",48.7774384,1.4668061,"2021",1,"Lentille",1
"Herrera2026@Grignon_AA13_ID032","Herrera2026","Grignon_AA13_ID032",48.763674,1.499729,"2021",1,"Lentille",1
"Herrera2026@Grignon_AA16_ID073","Herrera2026","Grignon_AA16_ID073",48.74374,1.46645,"2022",1,"Lentille",1
"Herrera2026@Grignon_AA17_ID074","Herrera2026","Grignon_AA17_ID074",48.74352,1.46349,"2022",1,"Lentille",1
"Herrera2026@Grignon_AA18_ID075","Herrera2026","Grignon_AA18_ID075",48.74041,1.4856,"2022",1,"Lentille",1
"Herrera2026@Grignon_AA3_ID001","Herrera2026","Grignon_AA3_ID001",48.77284,1.46609,"2020",1,"FeveroleH",1
"Herrera2026@Grignon_AA4_ID002","Herrera2026","Grignon_AA4_ID002",48.772841,1.466091,"2020",1,"Lentille",1
"Herrera2026@Grignon_AA9_ID033","Herrera2026","Grignon_AA9_ID033",48.77661,1.48953,"2021",1,"FeveroleH",1
"Herrera2026@Grignon_AAM_ID076","Herrera2026","Grignon_AAM_ID076",48.74041,1.4856,"2022",1,"Lentille",1
"Herrera2026@Grignon_AB9_ID034","Herrera2026","Grignon_AB9_ID034",48.556384,1.870708,"2021",1,"FeveroleH",1
"Herrera2026@Grignon_AD20_ID035","Herrera2026","Grignon_AD20_ID035",48.97899,1.45902,"2021",1,"Lentille",1
"Herrera2026@Grignon_B19_ID036","Herrera2026","Grignon_B19_ID036",48.842246,2.04802,"2021",1,"Lentille",1
"Herrera2026@Grignon_B2b_ID037","Herrera2026","Grignon_B2b_ID037",48.833526,2.060287,"2021",1,"Lentille",1
"Herrera2026@Grignon_D1_ID003","Herrera2026","Grignon_D1_ID003",48.97475,1.66358,"2020",1,"FeveroleH",1
"Herrera2026@Grignon_D16_ID077","Herrera2026","Grignon_D16_ID077",48.98553,1.65914,"2022",1,"FeveroleP",1
"Herrera2026@Grignon_D17_ID078","Herrera2026","Grignon_D17_ID078",48.98553,1.65692,"2022",1,"FeveroleP",1
"Herrera2026@Grignon_D3_ID038","Herrera2026","Grignon_D3_ID038",48.97619,1.629033,"2021",1,"Lentille",1
"Herrera2026@Grignon_I1_ID004","Herrera2026","Grignon_I1_ID004",48.510716,1.960592,"2020",1,"FeveroleH",1
"Herrera2026@Grignon_I10_ID039","Herrera2026","Grignon_I10_ID039",48.505831,1.942085,"2021",1,"FeveroleP",1
"Herrera2026@Grignon_I17_ID040","Herrera2026","Grignon_I17_ID040",48.4920375,1.948905,"2021",1,"FeveroleH",1
"Herrera2026@Grignon_I3_ID079","Herrera2026","Grignon_I3_ID079",48.50868,1.95793,"2022",1,"FeveroleP",1
"Herrera2026@Grignon_J17_ID041","Herrera2026","Grignon_J17_ID041",48.557796,2.010734,"2021",1,"FeveroleH",1
"Herrera2026@Grignon_L1G_ID005","Herrera2026","Grignon_L1G_ID005",48.9400483,1.6414283,"2020",1,"Lentille",1
"Herrera2026@Grignon_N23_ID042","Herrera2026","Grignon_N23_ID042",48.752293,1.482243,"2021",1,"Lentille",1
"Herrera2026@Grignon_N9_ID006","Herrera2026","Grignon_N9_ID006",48.74622,1.49917,"2020",1,"FeveroleH",1
"Herrera2026@Grignon_O18_ID007","Herrera2026","Grignon_O18_ID007",48.35336,2.08922,"2020",1,"FeveroleP",1
"Herrera2026@Grignon_S14_ID080","Herrera2026","Grignon_S14_ID080",48.72406,1.45768,"2022",1,"Lentille",1
"Herrera2026@Grignon_S15_ID081","Herrera2026","Grignon_S15_ID081",48.72422,1.45895,"2022",1,"Lentille",1
"Herrera2026@Grignon_S24_ID082","Herrera2026","Grignon_S24_ID082",48.70907,1.46072,"2022",1,"Lentille",1
"Herrera2026@Grignon_S32_ID083","Herrera2026","Grignon_S32_ID083",48.72032,1.47498,"2022",1,"Lentille",1
"Herrera2026@Grignon_S41_ID008","Herrera2026","Grignon_S41_ID008",48.74445,1.44703,"2020",1,"FeveroleH",1
"Herrera2026@Grignon_S43_ID009","Herrera2026","Grignon_S43_ID009",48.70501,1.37346,"2020",1,"Lentille",1
"Herrera2026@Grignon_U16_ID043","Herrera2026","Grignon_U16_ID043",48.908768,1.535549,"2021",1,"FeveroleH",1
"Herrera2026@Grignon_X10_ID010","Herrera2026","Grignon_X10_ID010",48.84883,1.96743,"2020",1,"Lentille",1
"Herrera2026@Grignon_X4F_ID044","Herrera2026","Grignon_X4F_ID044",48.846111,1.989101,"2021",1,"FeveroleP",1
"Herrera2026@Grignon_X4L_ID045","Herrera2026","Grignon_X4L_ID045",48.846111,1.989101,"2021",1,"Lentille",1
"Herrera2026@Nogent_F1_ID011","Herrera2026","Nogent_F1_ID011",48.277761,3.379907,"2020",1,"FeveroleH",1
"Herrera2026@Nogent_F2_ID012","Herrera2026","Nogent_F2_ID012",48.302652,3.372677,"2020",1,"FeveroleH",1
"Herrera2026@Nogent_F3_ID013","Herrera2026","Nogent_F3_ID013",48.463859,3.140071,"2020",1,"FeveroleP",1
"Herrera2026@Nogent_F4_ID014","Herrera2026","Nogent_F4_ID014",48.452458,3.122926,"2020",1,"FeveroleH",1
"Herrera2026@Nogent_F5_ID015","Herrera2026","Nogent_F5_ID015",48.293069,2.81855,"2020",1,"FeveroleH",1
"Herrera2026@Nogent_L1N_ID016","Herrera2026","Nogent_L1N_ID016",48.345517,3.512612,"2020",1,"Lentille",1
"Herrera2026@Nogent_L2_ID017","Herrera2026","Nogent_L2_ID017",48.304348,3.483292,"2020",1,"Lentille",1
"Herrera2026@Nogent_L3_ID018","Herrera2026","Nogent_L3_ID018",48.294291,3.459449,"2020",1,"Lentille",1
"Herrera2026@Nogent_L4_ID019","Herrera2026","Nogent_L4_ID019",48.455486,3.099169,"2020",1,"Lentille",1
"Herrera2026@Nogent_L5_ID020","Herrera2026","Nogent_L5_ID020",48.361491,3.141789,"2020",1,"Lentille",1
"Herrera2026@Nogent_NF_C1_Agrio_ID084","Herrera2026","Nogent_NF_C1_Agrio_ID084",48.369579,3.157661,"2022",1,"FeveroleH",1
"Herrera2026@Nogent_NF_C1_PNPP_ID085","Herrera2026","Nogent_NF_C1_PNPP_ID085",48.36123,3.142486,"2022",1,"FeveroleH",1
"Herrera2026@Nogent_NF_C1_Tm_ID086","Herrera2026","Nogent_NF_C1_Tm_ID086",48.371575,3.153502,"2022",1,"FeveroleH",1
"Herrera2026@Nogent_NF_C2_PP_ID087","Herrera2026","Nogent_NF_C2_PP_ID087",48.47713,3.03835,"2022",1,"FeveroleH",1
"Herrera2026@Nogent_NF_C2_Tm_al_ID089","Herrera2026","Nogent_NF_C2_Tm_al_ID089",48.44992,3.09627,"2022",1,"FeveroleH",1
"Herrera2026@Nogent_NF_C2_Tm_ID088","Herrera2026","Nogent_NF_C2_Tm_ID088",48.43878,3.01856,"2022",1,"FeveroleH",1
"Herrera2026@Nogent_NF1_ID046","Herrera2026","Nogent_NF1_ID046",48.447983,3.116737,"2021",1,"FeveroleH",1
"Herrera2026@Nogent_NF2_ID047","Herrera2026","Nogent_NF2_ID047",48.310806,3.475699,"2021",1,"FeveroleH",1
"Herrera2026@Nogent_NF3_ID048","Herrera2026","Nogent_NF3_ID048",48.430411,3.349417,"2021",1,"FeveroleH",1
"Herrera2026@Nogent_NF4_ID049","Herrera2026","Nogent_NF4_ID049",48.279367,3.54021,"2021",1,"FeveroleH",1
"Herrera2026@Nogent_NF5_ID050","Herrera2026","Nogent_NF5_ID050",48.338462,3.420848,"2021",1,"FeveroleP",1
"Herrera2026@Nogent_NL_C1_Agrio_ID090","Herrera2026","Nogent_NL_C1_Agrio_ID090",48.31433,3.44417,"2022",1,"Lentille",1
"Herrera2026@Nogent_NL_C1_PP_ID091","Herrera2026","Nogent_NL_C1_PP_ID091",48.300321,3.503802,"2022",1,"Lentille",1
"Herrera2026@Nogent_NL_C1_Tm_ID092","Herrera2026","Nogent_NL_C1_Tm_ID092",48.35517,3.49572,"2022",1,"Lentille",1
"Herrera2026@Nogent_NL_C2_PNPP_ID093","Herrera2026","Nogent_NL_C2_PNPP_ID093",48.543934,3.916481,"2022",1,"Lentille",1
"Herrera2026@Nogent_NL_C2_Tm_ID094","Herrera2026","Nogent_NL_C2_Tm_ID094",48.534609,3.928481,"2022",1,"Lentille",1
"Herrera2026@Nogent_NL1_ID051","Herrera2026","Nogent_NL1_ID051",48.443404,3.124815,"2021",1,"Lentille",1
"Herrera2026@Nogent_NL2_ID052","Herrera2026","Nogent_NL2_ID052",48.378379,3.42884,"2021",1,"Lentille",1
"Herrera2026@Nogent_NL3_ID053","Herrera2026","Nogent_NL3_ID053",48.299938,3.475914,"2021",1,"Lentille",1
"Herrera2026@Nogent_NL4_ID054","Herrera2026","Nogent_NL4_ID054",48.342651,3.318462,"2021",1,"Lentille",1
"Herrera2026@Nogent_NL5_ID055","Herrera2026","Nogent_NL5_ID055",48.319138,3.342248,"2021",1,"Lentille",1
"Herrera2026@Toulouse_C1-E_ID095","Herrera2026","Toulouse_C1-E_ID095",43.8117889442282,0.773010232297061,"2022",1,"Lentille",1
"Herrera2026@Toulouse_C1-T_ID096","Herrera2026","Toulouse_C1-T_ID096",43.8109322151707,0.771847124314371,"2022",1,"Lentille",1
"Herrera2026@Toulouse_C2-E_ID097","Herrera2026","Toulouse_C2-E_ID097",43.7838224876322,0.827404618927604,"2022",1,"Lentille",1
"Herrera2026@Toulouse_C2-T_ID098","Herrera2026","Toulouse_C2-T_ID098",43.7834119617987,0.824336171395327,"2022",1,"Lentille",1
"Herrera2026@Toulouse_C3-E1_ID099","Herrera2026","Toulouse_C3-E1_ID099",43.7929550609598,0.790591015221931,"2022",1,"Lentille",1
"Herrera2026@Toulouse_C3-E2_ID100","Herrera2026","Toulouse_C3-E2_ID100",43.7890768466186,0.789743437163608,"2022",1,"Lentille",1
"Herrera2026@Toulouse_C3-T_ID101","Herrera2026","Toulouse_C3-T_ID101",43.7905037035212,0.790933540219126,"2022",1,"Lentille",1
"Herrera2026@Toulouse_C4-E_ID102","Herrera2026","Toulouse_C4-E_ID102",43.7663641565614,0.857220033406711,"2022",1,"Lentille",1
"Herrera2026@Toulouse_C4-T_ID103","Herrera2026","Toulouse_C4-T_ID103",43.7667670514694,0.858443120628858,"2022",1,"Lentille",1
"Herrera2026@Toulouse_C5-E_ID104","Herrera2026","Toulouse_C5-E_ID104",43.6694838542408,1.11476032797024,"2022",1,"Lentille",1
"Herrera2026@Toulouse_C5-T_ID105","Herrera2026","Toulouse_C5-T_ID105",43.6725841110109,1.11627845812026,"2022",1,"Lentille",1
"Herrera2026@Toulouse_P01_ID021","Herrera2026","Toulouse_P01_ID021",43.733577,0.790423,"2020",1,"FeveroleH",1
"Herrera2026@Toulouse_P02_ID022","Herrera2026","Toulouse_P02_ID022",43.836607,0.915997,"2020",1,"FeveroleH",1
"Herrera2026@Toulouse_P03_ID023","Herrera2026","Toulouse_P03_ID023",43.825806,0.914073,"2020",1,"FeveroleP",1
"Herrera2026@Toulouse_P04_ID024","Herrera2026","Toulouse_P04_ID024",43.710349,0.979238,"2020",1,"Lentille",1
"Herrera2026@Toulouse_P05_ID025","Herrera2026","Toulouse_P05_ID025",43.77089,0.832835,"2020",1,"Lentille",1
"Herrera2026@Toulouse_P07_ID026","Herrera2026","Toulouse_P07_ID026",43.726062,0.776521,"2020",1,"Lentille",1
"Herrera2026@Toulouse_P08_ID027","Herrera2026","Toulouse_P08_ID027",43.783409,0.831631,"2020",1,"Lentille",1
"Herrera2026@Toulouse_P09_ID028","Herrera2026","Toulouse_P09_ID028",43.603344,0.929608,"2020",1,"Lentille",1
"Herrera2026@Toulouse_P10_ID029","Herrera2026","Toulouse_P10_ID029",43.790887,0.791512,"2020",1,"Lentille",1
"Herrera2026@Toulouse_P11_ID030","Herrera2026","Toulouse_P11_ID030",43.605696,0.923506,"2020",1,"Lentille",1
"Herrera2026@Toulouse_TF1_ID056","Herrera2026","Toulouse_TF1_ID056",43.60952,0.929,"2021",1,"FeveroleH",1
"Herrera2026@Toulouse_TF2_ID057","Herrera2026","Toulouse_TF2_ID057",43.842871,0.930924,"2021",1,"FeveroleH",1
"Herrera2026@Toulouse_TF3_ID058","Herrera2026","Toulouse_TF3_ID058",43.732016,0.794404,"2021",1,"FeveroleH",1
"Herrera2026@Toulouse_TL1_ID059","Herrera2026","Toulouse_TL1_ID059",43.725894,0.7755059,"2021",1,"Lentille",1
"Herrera2026@Toulouse_TL2_ID060","Herrera2026","Toulouse_TL2_ID060",43.7998,0.776443,"2021",1,"Lentille",1
"Herrera2026@Toulouse_TL3_ID061","Herrera2026","Toulouse_TL3_ID061",43.668333,1.108056,"2021",1,"Lentille",1
"Herrera2026@Toulouse_TL4_ID062","Herrera2026","Toulouse_TL4_ID062",43.766627,0.864476,"2021",1,"Lentille",1
"Herrera2026@Toulouse_TL5_ID063","Herrera2026","Toulouse_TL5_ID063",43.7219947,0.9172025,"2021",1,"Lentille",1
"Herrera2026@Toulouse_TL6_ID064","Herrera2026","Toulouse_TL6_ID064",43.850564,0.913888,"2021",1,"Lentille",1
"Herrera2026@Toulouse_TL7_ID065","Herrera2026","Toulouse_TL7_ID065",43.778372,0.844971,"2021",1,"Lentille",1
"lepibats@M01","lepibats","M01",44.52071,-0.06639604,"2021",1,"zea_mays",1
"lepibats@M02","lepibats","M02",44.4969,-0.04038907,"2021",1,"zea_mays",1
"lepibats@M03","lepibats","M03",44.56266,-0.20910194,"2021",1,"zea_mays",1
"lepibats@M04","lepibats","M04",44.56821,-0.10991934,"2021",1,"zea_mays",1
"lepibats@M05","lepibats","M05",44.44688,0.11899252,"2021",1,"zea_mays",1
"lepibats@M06","lepibats","M06",44.43205,0.12111746,"2021",1,"zea_mays",1
"lepibats@M07","lepibats","M07",44.49137,0.10969904,"2021",1,"zea_mays",1
"lepibats@M08","lepibats","M08",44.44275,0.16456158,"2021",1,"zea_mays",1
"lepibats@M09","lepibats","M09",44.53029,-0.00735906,"2021",1,"zea_mays",1
"lepibats@M10","lepibats","M10",44.57472,-0.03485597,"2021",1,"zea_mays",1
"lepibats@Tri01M","lepibats","Tri01M",44.57052,-0.27679897,"2021",1,"zea_mays",1
"lepibats@Tri01V","lepibats","Tri01V",44.56773,-0.28630003,"2021",1,"vitis_vinifera",1
"lepibats@Tri02M","lepibats","Tri02M",44.5475,-0.19474134,"2021",1,"zea_mays",1
"lepibats@Tri02V","lepibats","Tri02V",44.5481,-0.19312604,"2021",1,"vitis_vinifera",1
"lepibats@Tri03M","lepibats","Tri03M",44.54076,-0.16525222,"2021",1,"zea_mays",1
"lepibats@Tri03V","lepibats","Tri03V",44.54154,-0.16542696,"2021",1,"vitis_vinifera",1
"lepibats@Tri04M","lepibats","Tri04M",44.51545,-0.22234099,"2021",1,"zea_mays",1
"lepibats@Tri04V","lepibats","Tri04V",44.51517,-0.21844201,"2021",1,"vitis_vinifera",1
"lepibats@Tri05V","lepibats","Tri05V",44.5219,-0.20848396,"2021",1,"vitis_vinifera",1
"lepibats@Tri06M","lepibats","Tri06M",44.50372,-0.17656996,"2021",1,"zea_mays",1
"lepibats@Tri06V","lepibats","Tri06V",44.50391,-0.17591993,"2021",1,"vitis_vinifera",1
"lepibats@Tri07M","lepibats","Tri07M",44.45696,-0.04154906,"2021",1,"zea_mays",1
"lepibats@Tri07V","lepibats","Tri07V",44.45949,-0.03984102,"2021",1,"vitis_vinifera",1
"lepibats@V01","lepibats","V01",44.62381,-0.17476992,"2021",1,"vitis_vinifera",1
"lepibats@V02","lepibats","V02",44.61484,-0.12715009,"2021",1,"vitis_vinifera",1
"lepibats@V03","lepibats","V03",44.58952,-0.169366,"2021",1,"vitis_vinifera",1
"lepibats@V04","lepibats","V04",44.57858,-0.3858971,"2021",1,"vitis_vinifera",1
"lepibats@V05","lepibats","V05",44.58261,-0.20764109,"2021",1,"vitis_vinifera",1
"lepibats@V06","lepibats","V06",44.54853,-0.35078103,"2021",1,"vitis_vinifera",1
"lepibats@V07","lepibats","V07",44.53042,-0.34850103,"2021",1,"vitis_vinifera",1
"lepibats@V08","lepibats","V08",44.52903,-0.33116793,"2021",1,"vitis_vinifera",1
"lepibats@V09","lepibats","V09",44.5713,-0.29093395,"2021",1,"vitis_vinifera",1
"lepibats@V10","lepibats","V10",44.53735,-0.33500797,"2021",1,"vitis_vinifera",1
"muesli@1_1","muesli","1_1",43.2776459798955,0.897531049973428,"2016",1,"wheat",1
"muesli@105CER03","muesli","105CER03",43.2463309831776,0.857183987156324,"2016",1,"triticale",1
"muesli@11_2","muesli","11_2",43.3441170158365,1.01237096225149,"2016",1,"cereal",1
"muesli@1230COL","muesli","1230COL",43.2881749658922,0.927795989838666,"2016",1,"barley",1
"muesli@1234CER","muesli","1234CER",43.2811209983533,0.828509926309204,"2016",1,"durum_wheat",1
"muesli@1235CER","muesli","1235CER",43.2835709755872,0.84396100271604,"2016",1,"durum_wheat",1
"muesli@13_2","muesli","13_2",43.2478799652108,1.00287606410239,"2016",1,"durum_wheat",1
"muesli@14_3","muesli","14_3",43.2662980055449,1.02108506630595,"2016",1,"durum_wheat",1
"muesli@14LEGE","muesli","14LEGE",43.2690440693839,0.881987963801085,"2016",1,"durum_wheat",1
"muesli@19_3","muesli","19_3",43.3013769727503,0.92449294845823,"2016",1,"barley",1
"muesli@2_1","muesli","2_1",43.2992470083252,1.01225996464215,"2016",1,"durum_wheat",1
"muesli@5_1","muesli","5_1",43.2507740032436,0.95382207367116,"2016",1,"durum_wheat",1
"muesli@6_2","muesli","6_2",43.2509670042942,0.917856060312592,"2016",1,"durum_wheat",1
"muesli@7_1","muesli","7_1",43.2826009808194,0.934646988971922,"2016",1,"durum_wheat",1
"muesli@9_1","muesli","9_1",43.2544659429375,0.818964031629134,"2016",1,"durum_wheat",1
"muesli@T01_1","muesli","T01_1",43.2883400494328,0.959973972246979,"2016",1,"durum_wheat",1
"muesli@T01_3","muesli","T01_3",43.2951789928569,0.962153943248678,"2016",1,"durum_wheat",1
"muesli@T01_5","muesli","T01_5",43.2872209925829,0.96867799379741,"2016",1,"durum_wheat",1
"muesli@T02","muesli","T02",43.3118080215933,1.05629803139277,"2016",1,"triticale",1
"muesli@T03_1","muesli","T03_1",43.302929964138,1.0777590633387,"2016",1,"bread_wheat",1
"muesli@T04_1","muesli","T04_1",43.323670978257,1.0169839739937,"2016",1,"barley",1
"muesli@T05","muesli","T05",43.3259270034258,0.931459994966509,"2016",1,"bread_wheat",1
"muesli@T06","muesli","T06",43.331561967645,1.00911998900617,"2016",1,"durum_wheat",1
"muesli@T07","muesli","T07",43.3414689871297,0.928945064607546,"2016",1,"durum_wheat",1
"muesli@T09","muesli","T09",43.361010024682,1.01500104269014,"2016",1,"durum_wheat",1
"muesli@T11","muesli","T11",43.3434370487149,0.905937911895728,"2016",1,"durum_wheat",1
"muesli@T12","muesli","T12",43.3713564580006,1.02283990962815,"2016",1,"bread_wheat",1
"muesli@T19","muesli","T19",43.2900370038635,0.877223022891707,"2016",1,"cereal",1
"muesli@T20_1","muesli","T20_1",43.2899660191923,0.899102039458656,"2016",1,"bread_wheat",1
"OSCAR@03_2020_00001","OSCAR","03_2020_00001",46.327680919593,3.2258444916445,"2022; 2024",2,"Disease resistant Grapevine",1
"OSCAR@03_2020_00002","OSCAR","03_2020_00002",46.32769870016,3.2260811770563,"2022; 2024",2,"Disease resistant Grapevine",1
"OSCAR@07_2018_00004","OSCAR","07_2018_00004",44.477030424614,4.3724141266673,"2019; 2022",2,"Disease resistant Grapevine",1
"OSCAR@07_2018_00005","OSCAR","07_2018_00005",44.418023064747,4.3630082198794,"2020",1,"Disease resistant Grapevine",1
"OSCAR@07_2018_00006","OSCAR","07_2018_00006",44.508316247606,4.4106067830324,"2020",1,"Disease resistant Grapevine",1
"OSCAR@07_2018_00007","OSCAR","07_2018_00007",44.401136296828,4.2928029487751,"2022",1,"Disease resistant Grapevine",1
"OSCAR@07_2018_00008","OSCAR","07_2018_00008",44.401213350892,4.292688758908,"2022",1,"Disease resistant Grapevine",1
"OSCAR@07_2019_00002","OSCAR","07_2019_00002",44.579443159863,4.3893196636022,"2021; 2022",2,"Disease resistant Grapevine",1
"OSCAR@11_2011_00001","OSCAR","11_2011_00001",43.180757840457,2.372763958602,"2024",1,"Disease resistant Grapevine",1
"OSCAR@11_2011_00002","OSCAR","11_2011_00002",43.180753653415,2.3727919377644,"2024",1,"Disease resistant Grapevine",1
"OSCAR@11_2011_00003","OSCAR","11_2011_00003",43.180744713501,2.3728471882463,"2024",1,"Disease resistant Grapevine",1
"OSCAR@11_2012_00001","OSCAR","11_2012_00001",43.157189117391,3.1172782783681,"2019; 2020; 2021; 2022; 2023; 2024",6,"Disease resistant Grapevine",1
"OSCAR@11_2012_00002","OSCAR","11_2012_00002",43.157169831551,3.1172729214725,"2019; 2020; 2021; 2022; 2023; 2024",6,"Disease resistant Grapevine",1
"OSCAR@11_2013_00001","OSCAR","11_2013_00001",42.995380981209,2.2084382329565,"2018; 2019; 2021; 2022",4,"Disease resistant Grapevine",1
"OSCAR@11_2013_00002","OSCAR","11_2013_00002",42.99830525052,2.2041294516126,"2018; 2019; 2021; 2022",4,"Disease resistant Grapevine",1
"OSCAR@11_2015_00001","OSCAR","11_2015_00001",43.1552073711,3.1124787300623,"2018; 2019; 2020; 2021; 2022; 2023; 2024",7,"Disease resistant Grapevine",1
"OSCAR@11_2015_00002","OSCAR","11_2015_00002",43.156464542163,3.1157193984767,"2019; 2020; 2021; 2022; 2023; 2024",6,"Disease resistant Grapevine",1
"OSCAR@11_2015_00003","OSCAR","11_2015_00003",43.154411395602,3.1109761102078,"2021; 2022; 2023; 2024",4,"Disease resistant Grapevine",1
"OSCAR@11_2015_00004","OSCAR","11_2015_00004",43.154942770792,3.1131853232528,"2020; 2021; 2022; 2023; 2024",5,"Disease resistant Grapevine",1
"OSCAR@11_2015_00005","OSCAR","11_2015_00005",43.110865323465,2.104995197257,"2019",1,"Disease resistant Grapevine",1
"OSCAR@11_2016_00001","OSCAR","11_2016_00001",43.110906090776,2.1044127532178,"2019; 2020; 2021; 2022; 2023",5,"Disease resistant Grapevine",1
"OSCAR@11_2018_00001","OSCAR","11_2018_00001",43.237141013456,2.6266172689134,"2022",1,"Disease resistant Grapevine",1
"OSCAR@11_2018_00002","OSCAR","11_2018_00002",43.224472903086,2.6412810502547,"2022; 2023; 2024",3,"Disease resistant Grapevine",1
"OSCAR@11_2019_00001","OSCAR","11_2019_00001",43.235756723961,2.7881704562197,"2022; 2024",2,"Disease resistant Grapevine",1
"OSCAR@11_2019_00003","OSCAR","11_2019_00003",43.236350440535,3.1322563617201,"2023; 2024",2,"Disease resistant Grapevine",1
"OSCAR@11_2019_00004","OSCAR","11_2019_00004",43.211080714164,2.466534650329,"2023; 2024",2,"Disease resistant Grapevine",1
"OSCAR@11_2020_00001","OSCAR","11_2020_00001",43.210686239064,2.4662794870109,"2022; 2023; 2024",3,"Disease resistant Grapevine",1
"OSCAR@11_2020_00003","OSCAR","11_2020_00003",43.113633061716,2.0963806264566,"2023",1,"Disease resistant Grapevine",1
"OSCAR@11_2021_00001","OSCAR","11_2021_00001",43.233497366616,2.7666541283168,"2024",1,"Disease resistant Grapevine",1
"OSCAR@11_2021_00002","OSCAR","11_2021_00002",43.238667894898,2.7594952863986,"2024",1,"Disease resistant Grapevine",1
"OSCAR@11_2021_00003","OSCAR","11_2021_00003",42.929126334129,3.0017114846049,"2024",1,"Disease resistant Grapevine",1
"OSCAR@11_2022_00001","OSCAR","11_2022_00001",43.232489237873,3.0990183287036,"2023; 2024",2,"Disease resistant Grapevine",1
"OSCAR@11_2022_00002","OSCAR","11_2022_00002",43.232154557986,3.098446662149,"2023; 2024",2,"Disease resistant Grapevine",1
"OSCAR@11_2023_00001","OSCAR","11_2023_00001",43.189040935586,2.7947071613414,"2023; 2024",2,"Disease resistant Grapevine",1
"OSCAR@11_2023_00002","OSCAR","11_2023_00002",43.189812623334,2.7949720300664,"2024",1,"Disease resistant Grapevine",1
"OSCAR@11_2023_00003","OSCAR","11_2023_00003",42.929423744167,3.0018836636988,"2023",1,"Disease resistant Grapevine",1
"OSCAR@11_2023_00004","OSCAR","11_2023_00004",43.202041433634,2.9673636827567,"2023",1,"Disease resistant Grapevine",1
"OSCAR@11_2023_00005","OSCAR","11_2023_00005",43.022959807568,2.7757384437224,"2023",1,"Disease resistant Grapevine",1
"OSCAR@11_2023_00006","OSCAR","11_2023_00006",43.242207058512,2.774081227376,"2023; 2024",2,"Disease resistant Grapevine",1
"OSCAR@11_2023_00007","OSCAR","11_2023_00007",43.242317485895,2.7741630153818,"2023; 2024",2,"Disease resistant Grapevine",1
"OSCAR@11_2023_00008","OSCAR","11_2023_00008",43.209655917998,2.7645264831248,"2023; 2024",2,"Disease resistant Grapevine",1
"OSCAR@11_2024_00001","OSCAR","11_2024_00001",43.204159533634,3.1225667614205,"2024",1,"Disease resistant Grapevine",1
"OSCAR@11_2024_00002","OSCAR","11_2024_00002",43.235686093181,3.0811069095134,"2024",1,"Disease resistant Grapevine",1
"OSCAR@13_2016_00001","OSCAR","13_2016_00001",43.506137012925,4.7543923441331,"2018; 2019; 2020; 2022",4,"Disease resistant Grapevine",1
"OSCAR@13_2016_00002","OSCAR","13_2016_00002",43.506066938998,4.7540090448849,"2018; 2019; 2020; 2021; 2022",5,"Disease resistant Grapevine",1
"OSCAR@16_2018_00001","OSCAR","16_2018_00001",45.611930528704,-0.15759711135263,"2020; 2021; 2022; 2023; 2024",5,"Disease resistant Grapevine",1
"OSCAR@16_2018_00002","OSCAR","16_2018_00002",45.600716215811,-0.16991976317354,"2020; 2021; 2022; 2023; 2024",5,"Disease resistant Grapevine",1
"OSCAR@16_2018_00003","OSCAR","16_2018_00003",45.805669595335,-0.052583330169,"2020; 2021",2,"Disease resistant Grapevine",1
"OSCAR@16_2019_00001","OSCAR","16_2019_00001",45.690337774997,-0.3581141887131,"2021; 2022; 2023; 2024",4,"Disease resistant Grapevine",1
"OSCAR@16_2019_00002","OSCAR","16_2019_00002",45.694162958589,-0.13861064898784,"2021",1,"Disease resistant Grapevine",1
"OSCAR@24_2014_00001","OSCAR","24_2014_00001",44.801452173185,0.29148482950018,"2018; 2019; 2021; 2023; 2024",5,"Disease resistant Grapevine",1
"OSCAR@24_2014_00002","OSCAR","24_2014_00002",44.800641158072,0.29143212168195,"2018; 2019; 2021; 2023; 2024",5,"Disease resistant Grapevine",1
"OSCAR@24_2017_00008","OSCAR","24_2017_00008",44.786211566997,0.40013322572647,"2022; 2023; 2024",3,"Disease resistant Grapevine",1
"OSCAR@24_2018_00001","OSCAR","24_2018_00001",44.828223769697,0.34894872200789,"2021; 2023",2,"Disease resistant Grapevine",1
"OSCAR@24_2018_00002","OSCAR","24_2018_00002",44.827915662775,0.3495502593546,"2021; 2023",2,"Disease resistant Grapevine",1
"OSCAR@24_2018_00003","OSCAR","24_2018_00003",44.827375483178,0.35047648200725,"2021; 2023",2,"Disease resistant Grapevine",1
"OSCAR@24_2018_00004","OSCAR","24_2018_00004",44.825862915343,0.35268506183616,"2021; 2023",2,"Disease resistant Grapevine",1
"OSCAR@24_2018_00005","OSCAR","24_2018_00005",44.829394763674,0.34725971231714,"2021; 2023",2,"Disease resistant Grapevine",1
"OSCAR@24_2018_00006","OSCAR","24_2018_00006",44.829460456219,0.34701937260459,"2021; 2023",2,"Disease resistant Grapevine",1
"OSCAR@24_2018_00007","OSCAR","24_2018_00007",44.829568321699,0.34659560833825,"2021; 2023",2,"Disease resistant Grapevine",1
"OSCAR@24_2018_00008","OSCAR","24_2018_00008",44.786534113211,0.40125963113196,"2022; 2023; 2024",3,"Disease resistant Grapevine",1
"OSCAR@24_2019_00001","OSCAR","24_2019_00001",44.792898934531,0.40363719516145,"2022; 2023; 2024",3,"Disease resistant Grapevine",1
"OSCAR@24_2021_00001","OSCAR","24_2021_00001",44.697469474644,0.4795905570707,"2023",1,"Disease resistant Grapevine",1
"OSCAR@24_2021_00002","OSCAR","24_2021_00002",44.697206509981,0.47955953334995,"2023",1,"Disease resistant Grapevine",1
"OSCAR@24_2021_00003","OSCAR","24_2021_00003",44.697553348198,0.47948830995006,"2023",1,"Disease resistant Grapevine",1
"OSCAR@24_2021_00004","OSCAR","24_2021_00004",44.697784285508,0.47965437116847,"2023",1,"Disease resistant Grapevine",1
"OSCAR@26_2016_00002","OSCAR","26_2016_00002",44.605330529685,4.8376837778706,"2019; 2021; 2022",3,"Disease resistant Grapevine",1
"OSCAR@26_2017_00001","OSCAR","26_2017_00001",44.605080464217,4.8374456657736,"2019; 2021; 2022",3,"Disease resistant Grapevine",1
"OSCAR@26_2017_00002","OSCAR","26_2017_00002",44.605103093369,4.8372673403233,"2019; 2021; 2022",3,"Disease resistant Grapevine",1
"OSCAR@26_2018_00001","OSCAR","26_2018_00001",44.233533307341,5.1781995827676,"2021; 2022",2,"Disease resistant Grapevine",1
"OSCAR@26_2018_00002","OSCAR","26_2018_00002",44.233525668384,5.1781884567432,"2021; 2022",2,"Disease resistant Grapevine",1
"OSCAR@26_2018_00003","OSCAR","26_2018_00003",44.233531262221,5.1781940447664,"2021; 2022",2,"Disease resistant Grapevine",1
"OSCAR@26_2018_00004","OSCAR","26_2018_00004",44.233538758417,5.1781948711185,"2021; 2022",2,"Disease resistant Grapevine",1
"OSCAR@26_2019_00001","OSCAR","26_2019_00001",45.100681374656,5.1155153535009,"2021; 2022",2,"Disease resistant Grapevine",1
"OSCAR@26_2019_00002","OSCAR","26_2019_00002",45.100684692872,5.1158281068153,"2021; 2022",2,"Disease resistant Grapevine",1
"OSCAR@26_2020_00001","OSCAR","26_2020_00001",44.286812230532,4.8998066413525,"2022",1,"Disease resistant Grapevine",1
"OSCAR@26_2020_00002","OSCAR","26_2020_00002",44.294075435133,4.9051883361052,"2022",1,"Disease resistant Grapevine",1
"OSCAR@26_2020_00003","OSCAR","26_2020_00003",44.294047188344,4.9052965953786,"2022",1,"Disease resistant Grapevine",1
"OSCAR@26_2021_00002","OSCAR","26_2021_00002",44.242642499767,5.215657023334,"2023",1,"Disease resistant Grapevine",1
"OSCAR@26_2021_00003","OSCAR","26_2021_00003",44.242586632552,5.2156850127802,"2023",1,"Disease resistant Grapevine",1
"OSCAR@26_2021_00004","OSCAR","26_2021_00004",44.24242517092,5.215461012244,"2023",1,"Disease resistant Grapevine",1
"OSCAR@26_2021_00005","OSCAR","26_2021_00005",44.242310867071,5.2154842105386,"2024",1,"Disease resistant Grapevine",1
"OSCAR@30_2016_00001","OSCAR","30_2016_00001",43.827955839944,4.4503326039658,"2018",1,"Disease resistant Grapevine",1
"OSCAR@30_2016_00002","OSCAR","30_2016_00002",43.827843412167,4.4501443008207,"2018; 2024",2,"Disease resistant Grapevine",1
"OSCAR@30_2018_00001","OSCAR","30_2018_00001",43.894139896819,4.4656922356686,"2020; 2021; 2022; 2023; 2024",5,"Disease resistant Grapevine",1
"OSCAR@30_2018_00002","OSCAR","30_2018_00002",43.989053558047,4.1304869696821,"2020; 2021; 2022; 2023; 2024",5,"Disease resistant Grapevine",1
"OSCAR@30_2018_00003","OSCAR","30_2018_00003",43.738597451684,4.2511173606994,"2020; 2021; 2022; 2023; 2024",5,"Disease resistant Grapevine",1
"OSCAR@30_2018_00004","OSCAR","30_2018_00004",43.92076663889,4.5210071353062,"2020; 2021; 2022; 2023; 2024",5,"Disease resistant Grapevine",1
"OSCAR@30_2018_00005","OSCAR","30_2018_00005",43.925392501543,4.6418567115405,"2020; 2022; 2023; 2024",4,"Disease resistant Grapevine",1
"OSCAR@30_2018_00006","OSCAR","30_2018_00006",43.764617934707,4.5803320077861,"2020; 2022; 2023; 2024",4,"Disease resistant Grapevine",1
"OSCAR@30_2018_00007","OSCAR","30_2018_00007",44.010313386667,4.1060202338658,"2020; 2021; 2022; 2023; 2024",5,"Disease resistant Grapevine",1
"OSCAR@30_2018_00008","OSCAR","30_2018_00008",43.904287865468,4.4990876991792,"2020; 2022; 2023; 2024",4,"Disease resistant Grapevine",1
"OSCAR@30_2019_00003","OSCAR","30_2019_00003",44.06337892639,4.0464051875884,"2021; 2022; 2023; 2024",4,"Disease resistant Grapevine",1
"OSCAR@30_2019_00004","OSCAR","30_2019_00004",44.25924994101,4.2117688675526,"2021; 2022; 2023; 2024",4,"Disease resistant Grapevine",1
"OSCAR@30_2020_00001","OSCAR","30_2020_00001",44.063874215697,4.0463625383991,"2021; 2022; 2023; 2024",4,"Disease resistant Grapevine",1
"OSCAR@30_2023_00001","OSCAR","30_2023_00001",43.514719401223,4.2533159053903,"2024",1,"Disease resistant Grapevine",1
"OSCAR@30_2023_00003","OSCAR","30_2023_00003",43.514269781553,4.2537912429249,"2024",1,"Disease resistant Grapevine",1
"OSCAR@30_2023_00004","OSCAR","30_2023_00004",43.514726127989,4.2533671336193,"2024",1,"Disease resistant Grapevine",1
"OSCAR@31_2019_00001","OSCAR","31_2019_00001",43.842900872932,1.3610526861952,"2021; 2022; 2024",3,"Disease resistant Grapevine",1
"OSCAR@32_2015_00001","OSCAR","32_2015_00001",43.940072858921,0.44882055647134,"2018; 2020; 2021; 2022; 2023",5,"Disease resistant Grapevine",1
"OSCAR@32_2015_00002","OSCAR","32_2015_00002",43.939908691147,0.44873129907907,"2018; 2020; 2021; 2022; 2023",5,"Disease resistant Grapevine",1
"OSCAR@32_2018_00001","OSCAR","32_2018_00001",43.820575257086,0.18112622582168,"2020",1,"Disease resistant Grapevine",1
"OSCAR@32_2018_00002","OSCAR","32_2018_00002",43.82068725104,0.1812050581342,"2020",1,"Disease resistant Grapevine",1
"OSCAR@32_2018_00003","OSCAR","32_2018_00003",43.818731314623,0.19368660755424,"2020",1,"Disease resistant Grapevine",1
"OSCAR@33_2011_00002","OSCAR","33_2011_00002",44.792312649782,-0.5767817114322,"2018; 2019; 2020; 2022; 2023; 2024",6,"Disease resistant Grapevine",1
"OSCAR@33_2014_00002","OSCAR","33_2014_00002",44.752234673468,-0.20410688881191,"2018; 2019; 2020; 2021; 2022; 2024",6,"Disease resistant Grapevine",1
"OSCAR@33_2014_00003","OSCAR","33_2014_00003",44.744791868194,-0.21366082333626,"2018; 2019; 2021; 2022; 2023",5,"Disease resistant Grapevine",1
"OSCAR@33_2017_00002","OSCAR","33_2017_00002",44.787082662761,-0.57796191660688,"2019; 2021; 2022; 2023; 2024",5,"Disease resistant Grapevine",1
"OSCAR@33_2018_00002","OSCAR","33_2018_00002",44.534301162689,-0.16203922473485,"2019; 2020; 2022; 2023",4,"Disease resistant Grapevine",1
"OSCAR@33_2018_00003","OSCAR","33_2018_00003",44.532896565608,-0.16321179267172,"2019; 2020; 2022; 2023",4,"Disease resistant Grapevine",1
"OSCAR@33_2018_00004","OSCAR","33_2018_00004",45.116089356621,-0.44653118137732,"2019; 2020; 2021; 2023; 2024",5,"Disease resistant Grapevine",1
"OSCAR@33_2018_00005","OSCAR","33_2018_00005",45.011464238203,-0.35166528248374,"2019; 2020; 2021; 2023; 2024",5,"Disease resistant Grapevine",1
"OSCAR@33_2018_00006","OSCAR","33_2018_00006",45.036462077589,-0.33728367596791,"2019; 2020; 2021; 2023; 2024",5,"Disease resistant Grapevine",1
"OSCAR@33_2020_00002","OSCAR","33_2020_00002",44.610480033935,-0.22996297189309,"2021; 2022; 2023; 2024",4,"Disease resistant Grapevine",1
"OSCAR@33_2020_00003","OSCAR","33_2020_00003",44.816347788857,-0.12383982270868,"2022; 2023; 2024",3,"Disease resistant Grapevine",1
"OSCAR@33_2020_00004","OSCAR","33_2020_00004",44.816354059538,-0.12380986742411,"2022; 2024",2,"Disease resistant Grapevine",1
"OSCAR@33_2020_00005","OSCAR","33_2020_00005",44.816338123432,-0.12379218150012,"2023; 2024",2,"Disease resistant Grapevine",1
"OSCAR@33_2020_00006","OSCAR","33_2020_00006",44.816314573933,-0.12379218150012,"2023; 2024",2,"Disease resistant Grapevine",1
"OSCAR@33_2021_00001","OSCAR","33_2021_00001",44.61032430451,-0.22910774263303,"2021; 2022",2,"Disease resistant Grapevine",1
"OSCAR@33_2021_00002","OSCAR","33_2021_00002",44.598967866933,-0.19497430783098,"2021; 2022; 2023; 2024",4,"Disease resistant Grapevine",1
"OSCAR@33_2021_00003","OSCAR","33_2021_00003",44.598552506904,-0.19337457943726,"2021; 2022; 2023; 2024",4,"Disease resistant Grapevine",1
"OSCAR@33_2022_00001","OSCAR","33_2022_00001",44.535037328299,-0.3462634214586,"2024",1,"Disease resistant Grapevine",1
"OSCAR@33_2022_00002","OSCAR","33_2022_00002",44.535685902694,-0.34610115382578,"2024",1,"Disease resistant Grapevine",1
"OSCAR@33_2022_00003","OSCAR","33_2022_00003",44.535307394489,-0.34565870906118,"2024",1,"Disease resistant Grapevine",1
"OSCAR@33_2022_00004","OSCAR","33_2022_00004",44.613414856607,-0.2422289094858,"2023; 2024",2,"Disease resistant Grapevine",1
"OSCAR@34_2013_00001","OSCAR","34_2013_00001",43.387554875413,3.3147460004306,"2018; 2019; 2020; 2021; 2022",5,"Disease resistant Grapevine",1
"OSCAR@34_2013_00002","OSCAR","34_2013_00002",43.386791310748,3.316253105613,"2018; 2019; 2020; 2021; 2022",5,"Disease resistant Grapevine",1
"OSCAR@34_2013_00003","OSCAR","34_2013_00003",43.386955189752,3.3157061742173,"2018; 2019; 2020; 2021; 2022",5,"Disease resistant Grapevine",1
"OSCAR@34_2016_00001","OSCAR","34_2016_00001",43.354296839209,3.156458211495,"2018; 2019; 2020; 2021",4,"Disease resistant Grapevine",1
"OSCAR@34_2018_00001","OSCAR","34_2018_00001",43.354688339435,2.7393068175145,"2019; 2020; 2021",3,"Disease resistant Grapevine",1
"OSCAR@34_2018_00002","OSCAR","34_2018_00002",43.344493656362,2.7969808000896,"2019; 2020; 2021; 2022; 2023; 2024",6,"Disease resistant Grapevine",1
"OSCAR@34_2018_00003","OSCAR","34_2018_00003",43.344201619849,2.7989978793921,"2019; 2020; 2021; 2022; 2023; 2024",6,"Disease resistant Grapevine",1
"OSCAR@34_2018_00004","OSCAR","34_2018_00004",43.47952144167,3.2516907549419,"2019; 2020; 2021; 2022; 2023; 2024",6,"Disease resistant Grapevine",1
"OSCAR@34_2018_00005","OSCAR","34_2018_00005",43.478161693967,3.2535292869188,"2019; 2020; 2021; 2022; 2023; 2024",6,"Disease resistant Grapevine",1
"OSCAR@34_2018_00006","OSCAR","34_2018_00006",43.432336879477,3.2897535994612,"2019; 2020; 2021; 2022; 2023; 2024",6,"Disease resistant Grapevine",1
"OSCAR@34_2018_00007","OSCAR","34_2018_00007",43.539461034629,3.7704082575417,"2019; 2020; 2021; 2022; 2023; 2024",6,"Disease resistant Grapevine",1
"OSCAR@34_2018_00008","OSCAR","34_2018_00008",43.49486404658,3.2792506913669,"2019; 2020; 2021",3,"Disease resistant Grapevine",1
"OSCAR@34_2019_00004","OSCAR","34_2019_00004",43.319671774243,3.0685707396016,"2019; 2020; 2021; 2023; 2024",5,"Disease resistant Grapevine",1
"OSCAR@34_2019_00005","OSCAR","34_2019_00005",43.49486404658,3.2792506913669,"2022; 2023; 2024",3,"Disease resistant Grapevine",1
"OSCAR@34_2019_00006","OSCAR","34_2019_00006",43.531535367182,3.8670053309473,"2022",1,"Disease resistant Grapevine",1
"OSCAR@34_2019_00007","OSCAR","34_2019_00007",43.320260712175,3.0654182008284,"2023; 2024",2,"Disease resistant Grapevine",1
"OSCAR@34_2019_00008","OSCAR","34_2019_00008",43.590915401854,3.4946351800982,"2024",1,"Disease resistant Grapevine",1
"OSCAR@34_2019_00009","OSCAR","34_2019_00009",43.590916467624,3.4946596657013,"2024",1,"Disease resistant Grapevine",1
"OSCAR@34_2019_00010","OSCAR","34_2019_00010",43.590914867047,3.4946904044838,"2024",1,"Disease resistant Grapevine",1
"OSCAR@34_2019_00011","OSCAR","34_2019_00011",43.590917076952,3.494803653578,"2024",1,"Disease resistant Grapevine",1
"OSCAR@34_2019_00012","OSCAR","34_2019_00012",43.590916230808,3.494970496103,"2024",1,"Disease resistant Grapevine",1
"OSCAR@34_2019_00013","OSCAR","34_2019_00013",43.590918969679,3.494998213619,"2024",1,"Disease resistant Grapevine",1
"OSCAR@34_2020_00001","OSCAR","34_2020_00001",43.318934265973,3.0701465046725,"2022; 2023; 2024",3,"Disease resistant Grapevine",1
"OSCAR@34_2020_00002","OSCAR","34_2020_00002",43.493981638705,3.5037841587814,"2022; 2023; 2024",3,"Disease resistant Grapevine",1
"OSCAR@34_2020_00003","OSCAR","34_2020_00003",43.592629938713,3.4918670730083,"2022; 2023; 2024",3,"Disease resistant Grapevine",1
"OSCAR@34_2021_00001","OSCAR","34_2021_00001",43.593217547326,3.4910276428018,"2022; 2023; 2024",3,"Disease resistant Grapevine",1
"OSCAR@34_2022_00004","OSCAR","34_2022_00004",43.49394609901,3.1780725496581,"2024",1,"Disease resistant Grapevine",1
"OSCAR@34_2022_00005","OSCAR","34_2022_00005",43.507308258803,3.2100212669293,"2024",1,"Disease resistant Grapevine",1
"OSCAR@34_2022_00006","OSCAR","34_2022_00006",43.559621823134,3.212146037421,"2024",1,"Disease resistant Grapevine",1
"OSCAR@34_2023_00001","OSCAR","34_2023_00001",43.548766785308,3.1478161721491,"2024",1,"Disease resistant Grapevine",1
"OSCAR@34_2023_00002","OSCAR","34_2023_00002",43.522767237906,3.1797242518433,"2024",1,"Disease resistant Grapevine",1
"OSCAR@34_2023_00003","OSCAR","34_2023_00003",43.556620009583,3.1705096021926,"2024",1,"Disease resistant Grapevine",1
"OSCAR@34_2023_00004","OSCAR","34_2023_00004",43.312669071552,3.0970339181231,"2024",1,"Disease resistant Grapevine",1
"OSCAR@34_2024_00001","OSCAR","34_2024_00001",43.255667864661,3.1747968900401,"2024",1,"Disease resistant Grapevine",1
"OSCAR@34_2024_00002","OSCAR","34_2024_00002",43.312770540573,3.0968565935277,"2024",1,"Disease resistant Grapevine",1
"OSCAR@34_2024_00003","OSCAR","34_2024_00003",43.511402080437,3.4309376762382,"2024",1,"Disease resistant Grapevine",1
"OSCAR@41_2019_00001","OSCAR","41_2019_00001",47.340800246299,1.2909269433165,"2019; 2022",2,"Disease resistant Grapevine",1
"OSCAR@41_2019_00002","OSCAR","41_2019_00002",47.398504686211,1.3884259621658,"2022",1,"Disease resistant Grapevine",1
"OSCAR@44_2022_00002","OSCAR","44_2022_00002",47.222009099081,-1.3162742183894,"2024",1,"Disease resistant Grapevine",1
"OSCAR@44_2023_00001","OSCAR","44_2023_00001",47.161388823644,-1.2936740217094,"2024",1,"Disease resistant Grapevine",1
"OSCAR@44_2023_00002","OSCAR","44_2023_00002",47.127523294977,-1.3725549292236,"2024",1,"Disease resistant Grapevine",1
"OSCAR@47_2017_00001","OSCAR","47_2017_00001",44.682209580553,0.20262763607888,"2018; 2019; 2020; 2021; 2022; 2023",6,"Disease resistant Grapevine",1
"OSCAR@47_2018_00002","OSCAR","47_2018_00002",44.462994773299,0.068017610867855,"2019; 2021; 2023; 2024",4,"Disease resistant Grapevine",1
"OSCAR@47_2018_00003","OSCAR","47_2018_00003",44.681861586497,0.20244233408925,"2019; 2020; 2021; 2022; 2023",5,"Disease resistant Grapevine",1
"OSCAR@47_2019_00001","OSCAR","47_2019_00001",44.248934689644,0.31510291485318,"2022; 2024",2,"Disease resistant Grapevine",1
"OSCAR@47_2019_00002","OSCAR","47_2019_00002",44.249475643406,0.31520275533805,"2022; 2024",2,"Disease resistant Grapevine",1
"OSCAR@47_2019_00003","OSCAR","47_2019_00003",44.681513609513,0.19991912918355,"2021; 2022; 2023; 2024",4,"Disease resistant Grapevine",1
"OSCAR@47_2021_00001","OSCAR","47_2021_00001",44.697022598389,0.11121060539853,"2022; 2023",2,"Disease resistant Grapevine",1
"OSCAR@49_2019_00001","OSCAR","49_2019_00001",47.257527087318,-1.1896791706429,"2024",1,"Disease resistant Grapevine",1
"OSCAR@49_2021_00001","OSCAR","49_2021_00001",47.204005178596,-1.1524389166066,"2024",1,"Disease resistant Grapevine",1
"OSCAR@49_2022_00001","OSCAR","49_2022_00001",47.339333172845,-1.1728744755799,"2024",1,"Disease resistant Grapevine",1
"OSCAR@49_2022_00002","OSCAR","49_2022_00002",47.204385772395,-1.1527865750816,"2024",1,"Disease resistant Grapevine",1
"OSCAR@60_2019_00001","OSCAR","60_2019_00001",49.581302772153,3.0256923848701,"2022",1,"Disease resistant Grapevine",1
"OSCAR@66_2023_00001","OSCAR","66_2023_00001",42.688815527841,2.9808464571941,"2023; 2024",2,"Disease resistant Grapevine",1
"OSCAR@66_2023_00002","OSCAR","66_2023_00002",42.806622552,2.8412200832036,"2023; 2024",2,"Disease resistant Grapevine",1
"OSCAR@67_2018_00002","OSCAR","67_2018_00002",48.585141584513,7.4554111353471,"2021; 2022; 2023",3,"Disease resistant Grapevine",1
"OSCAR@67_2018_00003","OSCAR","67_2018_00003",48.58517606362,7.4554794914485,"2021; 2022; 2023",3,"Disease resistant Grapevine",1
"OSCAR@67_2018_00004","OSCAR","67_2018_00004",48.585174429832,7.4555890257096,"2021; 2022; 2023",3,"Disease resistant Grapevine",1
"OSCAR@67_2018_00005","OSCAR","67_2018_00005",48.585293443052,7.4555003749908,"2021; 2022; 2023",3,"Disease resistant Grapevine",1
"OSCAR@68_2014_00002","OSCAR","68_2014_00002",48.071576640915,7.2783122372045,"2018; 2019; 2020; 2021; 2022",5,"Disease resistant Grapevine",1
"OSCAR@68_2014_00003","OSCAR","68_2014_00003",48.071488438911,7.278174823286,"2018; 2019; 2020; 2021; 2022",5,"Disease resistant Grapevine",1
"OSCAR@68_2020_00001","OSCAR","68_2020_00001",48.096937444773,7.3471915630205,"2022; 2023",2,"Disease resistant Grapevine",1
"OSCAR@68_2020_00002","OSCAR","68_2020_00002",48.096621067108,7.3472402847703,"2022; 2023",2,"Disease resistant Grapevine",1
"OSCAR@82_2019_00001","OSCAR","82_2019_00001",43.88541315991,1.4286717503051,"2021; 2022; 2024",3,"Disease resistant Grapevine",1
"OSCAR@84_2019_00001","OSCAR","84_2019_00001",43.68990423391,5.575991687557,"2021; 2022; 2023; 2024",4,"; Disease resistant Grapevine",2
"OSCAR@84_2021_00001","OSCAR","84_2021_00001",43.706393404912,5.540643432614,"2022; 2023; 2024",3,"; Disease resistant Grapevine",2
"OSCAR@85_2018_00001","OSCAR","85_2018_00001",46.366899986089,-0.90006147893174,"2023",1,"Disease resistant Grapevine",1
"OSCAR@86_2015_00001","OSCAR","86_2015_00001",46.757955853757,0.4061051379108,"2023",1,"Disease resistant Grapevine",1
"OSCAR@86_2015_00002","OSCAR","86_2015_00002",46.75799490152,0.40650009318824,"2023",1,"Disease resistant Grapevine",1
"PestiRed@1.1","PestiRed","1.1",46.77129,6.85706,"2020; 2022; 2023; 2024; 2025",5,"ble; col; mas; org; poi",5
"PestiRed@1.2","PestiRed","1.2",46.77652,6.86064,"2020; 2022; 2023; 2024; 2025",5,"ble; col; mas; org; poi",5
"PestiRed@10.1","PestiRed","10.1",46.68427,6.6595,"2020; 2021; 2023; 2024; 2025",5,"bet; ble; col; mas; org",5
"PestiRed@10.2","PestiRed","10.2",46.68841,6.66403,"2020; 2021; 2023; 2024; 2025",5,"bet; ble; col; mas; org",5
"PestiRed@11.1","PestiRed","11.1",46.64268,6.72337,"2020; 2022; 2023; 2024; 2025",5,"ble; col; mas; org; poi",5
"PestiRed@11.2","PestiRed","11.2",46.63318,6.71342,"2020; 2022; 2023; 2024; 2025",5,"ble; col; mas; org; poi",5
"PestiRed@12.1","PestiRed","12.1",46.6780981,6.7379997,"2020; 2021; 2022; 2023; 2025",5,"ble; col; mas; org; poi",5
"PestiRed@12.2","PestiRed","12.2",46.671071,6.733623,"2020; 2021; 2022; 2023; 2025",5,"ble; col; mas; org; poi",5
"PestiRed@2.1","PestiRed","2.1",46.7799,6.77731,"2020; 2021; 2022; 2024; 2025",5,"bet; ble; col; org; poi",5
"PestiRed@2.2","PestiRed","2.2",46.77293,6.80649,"2020; 2021; 2022; 2024; 2025",5,"bet; ble; col; org; poi",5
"PestiRed@3.1","PestiRed","3.1",46.69488,6.7685,"2020; 2021; 2023; 2024; 2025",5,"ble; col; mas; org; poi",5
"PestiRed@3.2","PestiRed","3.2",46.69946,6.75697,"2020; 2021; 2023; 2024; 2025",5,"ble; col; mas; org; poi",5
"PestiRed@4.1","PestiRed","4.1",46.54035,6.82962,"2020; 2021; 2022; 2023; 2024",5,"ble; col; mas; org; poi",5
"PestiRed@4.2","PestiRed","4.2",46.5499,6.82547,"2020; 2021; 2022; 2023; 2024",5,"ble; col; mas; org; poi",5
"PestiRed@5.1","PestiRed","5.1",46.58879,6.86346,"2020; 2021; 2022; 2023; 2025",5,"bet; ble; col; org; poi",5
"PestiRed@5.2","PestiRed","5.2",46.67034,6.84809,"2020; 2021; 2022; 2023; 2025",5,"bet; ble; col; org; poi",5
"PestiRed@56.1","PestiRed","56.1",46.2487711,6.0592594,"2020; 2021; 2022; 2023; 2024; 2025",6,"ble; col; org; poi; soj; tou",6
"PestiRed@56.2","PestiRed","56.2",46.2431737,6.0735954,"2020; 2021; 2022; 2023; 2024; 2025",6,"ble; col; org; poi; soj; tou",6
"PestiRed@57.1","PestiRed","57.1",46.2425105,6.0799881,"2020; 2021; 2022; 2023; 2024; 2025",6,"ble; col; org; poi; soj; tou",6
"PestiRed@57.2","PestiRed","57.2",46.2164587,6.0556431,"2020; 2021; 2022; 2023; 2024; 2025",6,"ble; col; org; poi; soj; tou",6
"PestiRed@58.1","PestiRed","58.1",46.217243,6.0485855,"2020; 2021; 2022; 2023; 2024; 2025",6,"bet; ble; col; org; poi; tou",6
"PestiRed@58.2","PestiRed","58.2",46.2210173,6.0381859,"2020; 2021; 2022; 2023; 2024; 2025",6,"bet; ble; col; org; poi; tou",6
"PestiRed@59.1","PestiRed","59.1",46.2170208,6.0133812,"2020; 2021; 2022; 2023; 2024; 2025",6,"ble; col; org; poi; soj; tou",6
"PestiRed@59.2","PestiRed","59.2",46.1986506,5.9926678,"2020; 2021; 2022; 2023; 2024; 2025",6,"ble; col; org; poi; soj; tou",6
"PestiRed@6.1","PestiRed","6.1",46.66192,6.75701,"2021; 2022; 2023; 2024; 2025",5,"ble; col; mas; org; poi",5
"PestiRed@6.2","PestiRed","6.2",46.66968,6.75431,"2021; 2022; 2023; 2024; 2025",5,"ble; col; mas; org; poi",5
"PestiRed@60.1","PestiRed","60.1",46.155004,5.984277,"2020; 2021; 2022; 2023; 2024; 2025",6,"ble; col; org; poi; soj; tou",6
"PestiRed@60.2","PestiRed","60.2",46.156764,5.985876,"2020; 2021; 2022; 2023; 2024; 2025",6,"ble; col; org; poi; soj; tou",6
"PestiRed@63.1","PestiRed","63.1",46.2285236,6.2551424,"2020; 2021; 2022; 2023; 2024; 2025",6,"ble; col; org; poi; soj; tou",6
"PestiRed@63.2","PestiRed","63.2",46.2283383,6.2597079,"2020; 2021; 2022; 2023; 2024; 2025",6,"ble; col; org; poi; soj; tou",6
"PestiRed@64.1","PestiRed","64.1",46.2237016,6.2496737,"2020; 2021; 2022; 2023; 2024; 2025",6,"bet; ble; col; org; poi; tou",6
"PestiRed@64.2","PestiRed","64.2",46.2362269,6.2543938,"2020; 2021; 2022; 2023; 2024; 2025",6,"bet; ble; col; org; poi; tou",6
"PestiRed@65.1","PestiRed","65.1",46.355343,6.1623766,"2020; 2021; 2022; 2023; 2024; 2025",6,"bet; ble; col; org; poi; tou",6
"PestiRed@65.2","PestiRed","65.2",46.3490827,6.1600323,"2020; 2021; 2022; 2023; 2024; 2025",6,"bet; ble; col; org; poi; tou",6
"PestiRed@7.1","PestiRed","7.1",46.6095547,6.7738126,"2020; 2021; 2023; 2024; 2025",5,"ble; col; org; poi; pom",5
"PestiRed@7.2","PestiRed","7.2",46.610022,6.7808507,"2020; 2021; 2023; 2024; 2025",5,"ble; col; org; poi; pom",5
"PestiRed@71.1","PestiRed","71.1",47.107387,7.401978,"2020; 2021; 2022; 2023; 2024",5,"ble; col; epe; mag; org",5
"PestiRed@71.2","PestiRed","71.2",47.106452,7.405197,"2020; 2021; 2022; 2023; 2024",5,"ble; col; epe; mag; org",5
"PestiRed@72.1","PestiRed","72.1",47.232511,7.564258,"2020; 2021; 2022; 2023; 2024",5,"ble; col; epe; mas; org",5
"PestiRed@72.2","PestiRed","72.2",47.235416,7.56297,"2020; 2021; 2022; 2023; 2024",5,"ble; col; epe; mas; org",5
"PestiRed@73.1","PestiRed","73.1",47.144515,7.515154,"2020; 2021; 2022; 2023; 2024; 2025",6,"bet; ble; col; epe; mas; org",6
"PestiRed@73.2","PestiRed","73.2",47.147473,7.506537,"2020; 2021; 2022; 2023; 2024; 2025",6,"bet; ble; col; epe; mas; org",6
"PestiRed@74.1","PestiRed","74.1",47.137271,7.481291,"2020; 2021; 2022; 2023; 2024; 2025",6,"ble; col; epe; mas; org; pom",6
"PestiRed@74.2","PestiRed","74.2",47.137557,7.486258,"2020; 2021; 2022; 2023; 2024; 2025",6,"ble; col; epe; mas; org; pom",6
"PestiRed@75.1","PestiRed","75.1",47.202522,7.43924,"2020; 2021; 2022; 2024; 2025",5,"ble; col; epe; mas; org",5
"PestiRed@75.2","PestiRed","75.2",47.196667,7.461909,"2020; 2021; 2022; 2024; 2025",5,"ble; col; epe; mas; org",5
"PestiRed@76.1","PestiRed","76.1",47.180106,7.490927,"2020; 2021; 2022; 2023; 2024; 2025",6,"ble; col; epe; mas; org; pom",6
"PestiRed@76.2","PestiRed","76.2",47.177092,7.500184,"2020; 2021; 2022; 2023; 2024; 2025",6,"ble; col; epe; mas; org; pom",6
"PestiRed@8.1","PestiRed","8.1",46.6467484,6.7864615,"2020; 2021; 2023; 2024; 2025",5,"bet; ble; col; org; poi",5
"PestiRed@8.2","PestiRed","8.2",46.63778,6.77304,"2020; 2021; 2023; 2024; 2025",5,"bet; ble; col; org; poi",5
"PestiRed@83.1","PestiRed","83.1",47.231151,7.514962,"2020; 2021; 2023; 2024; 2025",5,"ble; col; epe; mas; org",5
"PestiRed@83.2","PestiRed","83.2",47.231709,7.519694,"2020; 2021; 2023; 2024; 2025",5,"ble; col; epe; mas; org",5
"PestiRed@85.1","PestiRed","85.1",47.184918,7.484637,"2020; 2021; 2022; 2023; 2024; 2025",6,"bet; ble; col; epe; mas; org",6
"PestiRed@85.2","PestiRed","85.2",47.182508,7.48146,"2020; 2021; 2022; 2023; 2024; 2025",6,"bet; ble; col; epe; mas; org",6
"PestiRed@86.1","PestiRed","86.1",47.218942,7.610441,"2020; 2021; 2022; 2023; 2024; 2025",6,"ble; col; epe; mas; org; pom",6
"PestiRed@86.2","PestiRed","86.2",47.219043,7.609066,"2020; 2021; 2022; 2023; 2024; 2025",6,"ble; col; epe; mas; org; pom",6
"PestiRed@87.1","PestiRed","87.1",47.223935,7.630399,"2020; 2021; 2022; 2023; 2024; 2025",6,"ble; col; epe; mas; org; pom",6
"PestiRed@87.2","PestiRed","87.2",47.216342,7.627444,"2020; 2021; 2022; 2023; 2024; 2025",6,"ble; col; epe; mas; org; pom",6
"PestiRed@88.1","PestiRed","88.1",47.215813,7.626872,"2020; 2021; 2022; 2023; 2024; 2025",6,"ble; col; epe; mas; org; pom",6
"PestiRed@88.2","PestiRed","88.2",47.21655,7.60857,"2020; 2021; 2022; 2023; 2024; 2025",6,"ble; col; epe; mas; org; pom",6
"PestiRed@89.1","PestiRed","89.1",47.169914,7.534688,"2020; 2021; 2022; 2023; 2024; 2025",6,"ble; col; epe; mas; org; pom",6
"PestiRed@89.2","PestiRed","89.2",47.180872,7.531085,"2020; 2021; 2022; 2023; 2024; 2025",6,"ble; col; epe; mas; org; pom",6
"PestiRed@9.1","PestiRed","9.1",46.6684,6.64595,"2020; 2021; 2022; 2023; 2025",5,"bet; ble; col; org; poi",5
"PestiRed@9.2","PestiRed","9.2",46.67011,6.64707,"2020; 2021; 2022; 2023; 2025",5,"bet; ble; col; org; poi",5
"Pigot2023@Bailly1_A","Pigot2023","Bailly1_A",48.841317,2.043014,"2021; 2022",2,"",0
"Pigot2023@Bailly1_B","Pigot2023","Bailly1_B",48.841713,2.042928,"2021; 2022",2,"",0
"Pigot2023@Bailly1_C","Pigot2023","Bailly1_C",48.842116,2.042981,"2021; 2022",2,"",0
"Pigot2023@Bailly17_A","Pigot2023","Bailly17_A",48.844879,2.051003,"2022",1,"",0
"Pigot2023@Bailly17_B","Pigot2023","Bailly17_B",48.844574,2.051038,"2022",1,"",0
"Pigot2023@Bailly17_C","Pigot2023","Bailly17_C",48.844238,2.051189,"2022",1,"",0
"Pigot2023@Blandainville19_A","Pigot2023","Blandainville19_A",48.313533,1.280728,"2021",1,"",0
"Pigot2023@Blandainville19_B","Pigot2023","Blandainville19_B",48.313463,1.280116,"2021",1,"",0
"Pigot2023@Blandainville19_C","Pigot2023","Blandainville19_C",48.313406,1.279388,"2021",1,"",0
"Pigot2023@Blandainville2_A","Pigot2023","Blandainville2_A",48.295546,1.343798,"2021; 2022",2,"",0
"Pigot2023@Blandainville2_B","Pigot2023","Blandainville2_B",48.295553,1.343206,"2021; 2022",2,"",0
"Pigot2023@Blandainville2_C","Pigot2023","Blandainville2_C",48.295671,1.35254,"2021; 2022",2,"",0
"Pigot2023@Blandainville5_A","Pigot2023","Blandainville5_A",48.312092,1.357452,"2022",1,"",0
"Pigot2023@Blandainville5_B","Pigot2023","Blandainville5_B",48.311812,1.356969,"2022",1,"",0
"Pigot2023@Blandainville5_C","Pigot2023","Blandainville5_C",48.311534,1.356486,"2022",1,"",0
"Pigot2023@Buchelay20_A","Pigot2023","Buchelay20_A",48.981985,1.66787,"2022",1,"",0
"Pigot2023@Buchelay20_B","Pigot2023","Buchelay20_B",48.981922,1.667663,"2022",1,"",0
"Pigot2023@Buchelay20_C","Pigot2023","Buchelay20_C",48.981827,1.66742,"2022",1,"",0
"Pigot2023@Buchelay24_A","Pigot2023","Buchelay24_A",48.970703,1.64363,"2021",1,"",0
"Pigot2023@Buchelay24_B","Pigot2023","Buchelay24_B",48.970673,1.64431,"2021",1,"",0
"Pigot2023@Buchelay24_C","Pigot2023","Buchelay24_C",48.97067,1.644842,"2021",1,"",0
"Pigot2023@Buchelay6A_A","Pigot2023","Buchelay6A_A",48.971427,1.631419,"2021",1,"",0
"Pigot2023@Buchelay6A_B","Pigot2023","Buchelay6A_B",48.971569,1.631987,"2021",1,"",0
"Pigot2023@Buchelay6A_C","Pigot2023","Buchelay6A_C",48.971807,1.632454,"2021",1,"",0
"Pigot2023@Buchelay6B_A","Pigot2023","Buchelay6B_A",48.970723,1.631092,"2021; 2022",2,"",0
"Pigot2023@Buchelay6B_B","Pigot2023","Buchelay6B_B",48.970395,1.631456,"2021; 2022",2,"",0
"Pigot2023@Buchelay6B_C","Pigot2023","Buchelay6B_C",48.970073,1.631764,"2021; 2022",2,"",0
"Pigot2023@Chanu1_A","Pigot2023","Chanu1_A",48.955175,1.455642,"2021; 2022",2,"",0
"Pigot2023@Chanu1_B","Pigot2023","Chanu1_B",48.955497,1.455691,"2021; 2022",2,"",0
"Pigot2023@Chanu1_C","Pigot2023","Chanu1_C",48.955921,1.455667,"2021; 2022",2,"",0
"Pigot2023@Chanu13_A","Pigot2023","Chanu13_A",48.959508,1.468084,"2021",1,"",0
"Pigot2023@Chanu13_B","Pigot2023","Chanu13_B",48.959481,1.467396,"2021",1,"",0
"Pigot2023@Chanu13_C","Pigot2023","Chanu13_C",48.959751,1.467095,"2021",1,"",0
"Pigot2023@Chanu8_A","Pigot2023","Chanu8_A",48.957978,1.47351,"2022",1,"",0
"Pigot2023@Chanu8_B","Pigot2023","Chanu8_B",48.957693,1.473667,"2022",1,"",0
"Pigot2023@Chanu8_C","Pigot2023","Chanu8_C",48.957178,1.473985,"2022",1,"",0
"Pigot2023@Chatelliers1_A","Pigot2023","Chatelliers1_A",48.337767,1.206146,"2021",1,"",0
"Pigot2023@Chatelliers1_B","Pigot2023","Chatelliers1_B",48.33823,1.205695,"2021",1,"",0
"Pigot2023@Chatelliers1_C","Pigot2023","Chatelliers1_C",48.338341,1.205682,"2021",1,"",0
"Pigot2023@Chatelliers13A_A","Pigot2023","Chatelliers13A_A",48.341765,1.228476,"2021; 2022",2,"",0
"Pigot2023@Chatelliers13A_B","Pigot2023","Chatelliers13A_B",48.342026,1.229075,"2021; 2022",2,"",0
"Pigot2023@Chatelliers13A_C","Pigot2023","Chatelliers13A_C",48.342246,1.229603,"2021; 2022",2,"",0
"Pigot2023@Chatelliers13B_A","Pigot2023","Chatelliers13B_A",48.341048,1.228493,"2021",1,"",0
"Pigot2023@Chatelliers13B_B","Pigot2023","Chatelliers13B_B",48.340762,1.228181,"2021",1,"",0
"Pigot2023@Chatelliers13B_C","Pigot2023","Chatelliers13B_C",48.340477,1.228436,"2021",1,"",0
"Pigot2023@Chatelliers6_A","Pigot2023","Chatelliers6_A",48.335539,1.209597,"2022",1,"",0
"Pigot2023@Chatelliers6_B","Pigot2023","Chatelliers6_B",48.335266,1.210128,"2022",1,"",0
"Pigot2023@Chatelliers6_C","Pigot2023","Chatelliers6_C",48.334991,1.210473,"2022",1,"",0
"Pigot2023@ChatelliersB4_A","Pigot2023","ChatelliersB4_A",48.346132,1.2025,"2022",1,"",0
"Pigot2023@ChatelliersB4_B","Pigot2023","ChatelliersB4_B",48.346405,1.202369,"2022",1,"",0
"Pigot2023@ChatelliersB4_C","Pigot2023","ChatelliersB4_C",48.346675,1.201933,"2022",1,"",0
"Pigot2023@ChatelliersB5_A","Pigot2023","ChatelliersB5_A",48.3524,1.210873,"2021; 2022",2,"",0
"Pigot2023@ChatelliersB5_B","Pigot2023","ChatelliersB5_B",48.352311,1.210336,"2021; 2022",2,"",0
"Pigot2023@ChatelliersB5_C","Pigot2023","ChatelliersB5_C",48.2131666,1.209695,"2021; 2022",2,"",0
"Pigot2023@Chavenay1A_A","Pigot2023","Chavenay1A_A",48.838088,1.995677,"2021",1,"",0
"Pigot2023@Chavenay1A_B","Pigot2023","Chavenay1A_B",48.838523,1.99565,"2021",1,"",0
"Pigot2023@Chavenay1A_C","Pigot2023","Chavenay1A_C",48.839345,1.995878,"2021",1,"",0
"Pigot2023@Chavenay1B_A","Pigot2023","Chavenay1B_A",48.837952,1.996057,"2022",1,"",0
"Pigot2023@Chavenay1B_B","Pigot2023","Chavenay1B_B",48.838165,1.996007,"2022",1,"",0
"Pigot2023@Chavenay1B_C","Pigot2023","Chavenay1B_C",48.838654,1.99601,"2022",1,"",0
"Pigot2023@Chavenay3A_A","Pigot2023","Chavenay3A_A",48.843323,2.002704,"2022",1,"",0
"Pigot2023@Chavenay3A_B","Pigot2023","Chavenay3A_B",48.84317,2.002247,"2022",1,"",0
"Pigot2023@Chavenay3A_C","Pigot2023","Chavenay3A_C",48.842987,2.001748,"2022",1,"",0
"Pigot2023@Corbreuse1_A","Pigot2023","Corbreuse1_A",48.508964,1.960387,"2021",1,"",0
"Pigot2023@Corbreuse1_B","Pigot2023","Corbreuse1_B",48.508633,1.960603,"2021",1,"",0
"Pigot2023@Corbreuse1_C","Pigot2023","Corbreuse1_C",48.50829,1.960733,"2021",1,"",0
"Pigot2023@Corbreuse14_A","Pigot2023","Corbreuse14_A",48.494298,1.940389,"2021; 2022",2,"",0
"Pigot2023@Corbreuse14_B","Pigot2023","Corbreuse14_B",48.493958,1.940636,"2021; 2022",2,"",0
"Pigot2023@Corbreuse14_C","Pigot2023","Corbreuse14_C",48.493602,1.940694,"2021; 2022",2,"",0
"Pigot2023@Corbreuse15_A","Pigot2023","Corbreuse15_A",48.493561,1.938978,"2022",1,"",0
"Pigot2023@Corbreuse15_B","Pigot2023","Corbreuse15_B",48.493256,1.939347,"2022",1,"",0
"Pigot2023@Corbreuse15_C","Pigot2023","Corbreuse15_C",48.492981,1.939624,"2022",1,"",0
"Pigot2023@Dourdan5_A","Pigot2023","Dourdan5_A",48.547356,1.9997,"2021",1,"",0
"Pigot2023@Dourdan5_B","Pigot2023","Dourdan5_B",48.546992,1.99981,"2021",1,"",0
"Pigot2023@Dourdan5_C","Pigot2023","Dourdan5_C",48.547022,1.999663,"2021",1,"",0
"Pigot2023@Favrieux1_A","Pigot2023","Favrieux1_A",48.9405316,1.641243,"2021",1,"",0
"Pigot2023@Favrieux1_B","Pigot2023","Favrieux1_B",48.9408316,1.6408616,"2021",1,"",0
"Pigot2023@Favrieux1_C","Pigot2023","Favrieux1_C",48.941325,1.640226,"2021",1,"",0
"Pigot2023@Gas1B_A","Pigot2023","Gas1B_A",48.560456,1.662991,"2021; 2022",2,"",0
"Pigot2023@Gas1B_B","Pigot2023","Gas1B_B",48.560123,1.66299,"2021; 2022",2,"",0
"Pigot2023@Gas1B_C","Pigot2023","Gas1B_C",48.559756,1.663015,"2021; 2022",2,"",0
"Pigot2023@Gas4_A","Pigot2023","Gas4_A",48.554776,1.656302,"2021",1,"",0
"Pigot2023@Gas4_B","Pigot2023","Gas4_B",48.554722,1.656841,"2021",1,"",0
"Pigot2023@Gas4_C","Pigot2023","Gas4_C",48.554726,1.657194,"2021",1,"",0
"Pigot2023@Gas5A_A","Pigot2023","Gas5A_A",48.558871,1.65272,"2022",1,"",0
"Pigot2023@Gas5A_B","Pigot2023","Gas5A_B",48.558706,1.653299,"2022",1,"",0
"Pigot2023@Gas5A_C","Pigot2023","Gas5A_C",48.558565,1.65395,"2022",1,"",0
"Pigot2023@Gas9_A","Pigot2023","Gas9_A",48.58007,1.660257,"2021; 2022",2,"",0
"Pigot2023@Gas9_B","Pigot2023","Gas9_B",48.580448,1.660639,"2021; 2022",2,"",0
"Pigot2023@Gas9_C","Pigot2023","Gas9_C",48.580266,1.660634,"2021; 2022",2,"",0
"Pigot2023@Germainville16_A","Pigot2023","Germainville16_A",48.739046,1.512873,"2022",1,"",0
"Pigot2023@Germainville16_B","Pigot2023","Germainville16_B",48.738831,1.512331,"2022",1,"",0
"Pigot2023@Germainville16_C","Pigot2023","Germainville16_C",48.738647,1.511787,"2022",1,"",0
"Pigot2023@Germainville21_A","Pigot2023","Germainville21_A",48.747992,1.46824,"2021",1,"",0
"Pigot2023@Germainville21_B","Pigot2023","Germainville21_B",48.74805,1.468873,"2021",1,"",0
"Pigot2023@Germainville21_C","Pigot2023","Germainville21_C",48.747953,1.469505,"2021",1,"",0
"Pigot2023@Germainville23_A","Pigot2023","Germainville23_A",48.754518,1.481279,"2022",1,"",0
"Pigot2023@Germainville23_B","Pigot2023","Germainville23_B",48.754028,1.480752,"2022",1,"",0
"Pigot2023@Germainville23_C","Pigot2023","Germainville23_C",48.753693,1.48044,"2022",1,"",0
"Pigot2023@Germainville24-Bazainville_A","Pigot2023","Germainville24-Bazainville_A",48.822517,1.66975,"2021; 2022",2,"",0
"Pigot2023@Germainville24-Bazainville_B","Pigot2023","Germainville24-Bazainville_B",48.822839,1.670066,"2021; 2022",2,"",0
"Pigot2023@Germainville24-Bazainville_C","Pigot2023","Germainville24-Bazainville_C",48.82307,1.670512,"2021; 2022",2,"",0
"Pigot2023@Germainville25-Bazainville_A","Pigot2023","Germainville25-Bazainville_A",48.821293,1.676093,"2021",1,"",0
"Pigot2023@Germainville25-Bazainville_B","Pigot2023","Germainville25-Bazainville_B",48.821401,1.676568,"2021",1,"",0
"Pigot2023@Germainville25-Bazainville_C","Pigot2023","Germainville25-Bazainville_C",48.821672,1.677356,"2021",1,"",0
"Pigot2023@Guillerval16A_A","Pigot2023","Guillerval16A_A",48.347839,2.08969,"2022",1,"",0
"Pigot2023@Guillerval16A_B","Pigot2023","Guillerval16A_B",48.348022,2.090166,"2022",1,"",0
"Pigot2023@Guillerval16A_C","Pigot2023","Guillerval16A_C",48.348206,2.090594,"2022",1,"",0
"Pigot2023@Guillerval18_A","Pigot2023","Guillerval18_A",48.353202,2.090912,"2021",1,"",0
"Pigot2023@Guillerval18_B","Pigot2023","Guillerval18_B",48.353347,2.090402,"2021",1,"",0
"Pigot2023@Guillerval18_C","Pigot2023","Guillerval18_C",48.353492,2.091747,"2021",1,"",0
"Pigot2023@Janvry10A_A","Pigot2023","Janvry10A_A",48.65836,2.137296,"2021",1,"",0
"Pigot2023@Janvry10A_B","Pigot2023","Janvry10A_B",48.658327,2.136967,"2021",1,"",0
"Pigot2023@Janvry10A_C","Pigot2023","Janvry10A_C",48.658087,2.136603,"2021",1,"",0
"Pigot2023@Janvry10B_A","Pigot2023","Janvry10B_A",48.659347,2.139406,"2021; 2022",2,"",0
"Pigot2023@Janvry10B_B","Pigot2023","Janvry10B_B",48.65882,2.139421,"2021; 2022",2,"",0
"Pigot2023@Janvry10B_C","Pigot2023","Janvry10B_C",48.658229,2.139484,"2021; 2022",2,"",0
"Pigot2023@Janvry17_A","Pigot2023","Janvry17_A",48.659607,2.138982,"2022",1,"",0
"Pigot2023@Janvry17_B","Pigot2023","Janvry17_B",48.659546,2.13838,"2022",1,"",0
"Pigot2023@Janvry17_C","Pigot2023","Janvry17_C",48.659485,2.137855,"2022",1,"",0
"Pigot2023@Janvry19_A","Pigot2023","Janvry19_A",48.639343,2.132768,"2022",1,"",0
"Pigot2023@Janvry19_B","Pigot2023","Janvry19_B",48.639374,2.133309,"2022",1,"",0
"Pigot2023@Janvry19_C","Pigot2023","Janvry19_C",48.639465,2.133833,"2022",1,"",0
"Pigot2023@Janvry4_A","Pigot2023","Janvry4_A",48.641579,2.123303,"2021",1,"",0
"Pigot2023@Janvry4_B","Pigot2023","Janvry4_B",48.641703,2.123115,"2021",1,"",0
"Pigot2023@Janvry4_C","Pigot2023","Janvry4_C",48.642217,2.123021,"2021",1,"",0
"Pigot2023@Janvry5_A","Pigot2023","Janvry5_A",48.641522,2.124786,"2021",1,"",0
"Pigot2023@Janvry5_B","Pigot2023","Janvry5_B",48.641949,2.125051,"2021",1,"",0
"Pigot2023@Janvry5_C","Pigot2023","Janvry5_C",48.642275,2.125526,"2021",1,"",0
"Pigot2023@Janvry8_A","Pigot2023","Janvry8_A",48.657281,2.142062,"2021",1,"",0
"Pigot2023@Janvry8_B","Pigot2023","Janvry8_B",48.657043,2.142074,"2021",1,"",0
"Pigot2023@Janvry8_C","Pigot2023","Janvry8_C",48.656581,2.142002,"2021",1,"",0
"Pigot2023@Levesville13_A","Pigot2023","Levesville13_A",48.486118,1.436772,"2021; 2022",2,"",0
"Pigot2023@Levesville13_B","Pigot2023","Levesville13_B",48.485713,1.43683,"2021; 2022",2,"",0
"Pigot2023@Levesville13_C","Pigot2023","Levesville13_C",48.4852,1.436813,"2021; 2022",2,"",0
"Pigot2023@Levesville14_A","Pigot2023","Levesville14_A",48.487389,1.434241,"2022",1,"",0
"Pigot2023@Levesville14_B","Pigot2023","Levesville14_B",48.487091,1.434705,"2022",1,"",0
"Pigot2023@Levesville14_C","Pigot2023","Levesville14_C",48.486725,1.434734,"2022",1,"",0
"Pigot2023@Levesville2_A","Pigot2023","Levesville2_A",48.49537,1.42871,"2021",1,"",0
"Pigot2023@Levesville2_B","Pigot2023","Levesville2_B",48.495862,1.428861,"2021",1,"",0
"Pigot2023@Levesville2_C","Pigot2023","Levesville2_C",48.496248,1.429118,"2021",1,"",0
"Pigot2023@Levesville4_A","Pigot2023","Levesville4_A",48.496403,1.43733,"2021; 2022",2,"",0
"Pigot2023@Levesville4_B","Pigot2023","Levesville4_B",48.49664,1.436752,"2021; 2022",2,"",0
"Pigot2023@Levesville4_C","Pigot2023","Levesville4_C",48.496798,1.436045,"2021; 2022",2,"",0
"Pigot2023@Levesville5-6_A","Pigot2023","Levesville5-6_A",48.497357,1.448211,"2022",1,"",0
"Pigot2023@Levesville5-6_B","Pigot2023","Levesville5-6_B",48.497437,1.448902,"2022",1,"",0
"Pigot2023@Levesville5-6_C","Pigot2023","Levesville5-6_C",48.497314,1.44941,"2022",1,"",0
"Pigot2023@Maisse3_A","Pigot2023","Maisse3_A",48.400634,2.337511,"2021",1,"",0
"Pigot2023@Maisse3_B","Pigot2023","Maisse3_B",48.401208,2.337696,"2021",1,"",0
"Pigot2023@Maisse3_C","Pigot2023","Maisse3_C",48.401586,2.337931,"2021",1,"",0
"Pigot2023@Maisse4_A","Pigot2023","Maisse4_A",48.399581,2.33985,"2021",1,"",0
"Pigot2023@Maisse4_B","Pigot2023","Maisse4_B",48.399911,2.339977,"2021",1,"",0
"Pigot2023@Maisse4_C","Pigot2023","Maisse4_C",48.40025,2.340047,"2021",1,"",0
"Pigot2023@Mespuits27_A","Pigot2023","Mespuits27_A",48.368319,2.261445,"2021",1,"",0
"Pigot2023@Mespuits27_B","Pigot2023","Mespuits27_B",48.368232,2.261339,"2021",1,"",0
"Pigot2023@Mespuits27_C","Pigot2023","Mespuits27_C",48.36794,2.260545,"2021",1,"",0
"Pigot2023@Mezieres15_A","Pigot2023","Mezieres15_A",48.723117,1.45941,"2021",1,"",0
"Pigot2023@Mezieres15_B","Pigot2023","Mezieres15_B",48.723496,1.459422,"2021",1,"",0
"Pigot2023@Mezieres15_C","Pigot2023","Mezieres15_C",48.723859,1.459467,"2021",1,"",0
"Pigot2023@Mezieres2-11_A","Pigot2023","Mezieres2-11_A",48.722204,1.468178,"2021; 2022",2,"",0
"Pigot2023@Mezieres2-11_B","Pigot2023","Mezieres2-11_B",48.722446,1.467746,"2021; 2022",2,"",0
"Pigot2023@Mezieres2-11_C","Pigot2023","Mezieres2-11_C",48.722829,1.467364,"2021; 2022",2,"",0
"Pigot2023@Mezieres2-13_A","Pigot2023","Mezieres2-13_A",48.721251,1.474666,"2021",1,"",0
"Pigot2023@Mezieres2-13_B","Pigot2023","Mezieres2-13_B",48.721512,1.474628,"2021",1,"",0
"Pigot2023@Mezieres2-13_C","Pigot2023","Mezieres2-13_C",48.721817,1.47409,"2021",1,"",0
"Pigot2023@Mezieres2-4_A","Pigot2023","Mezieres2-4_A",48.721926,1.457192,"2021; 2022",2,"",0
"Pigot2023@Mezieres2-4_B","Pigot2023","Mezieres2-4_B",48.721584,1.457306,"2021; 2022",2,"",0
"Pigot2023@Mezieres2-4_C","Pigot2023","Mezieres2-4_C",48.721136,1.45708,"2021; 2022",2,"",0
"Pigot2023@Mezieres22_A","Pigot2023","Mezieres22_A",48.713739,1.46149,"2022",1,"",0
"Pigot2023@Mezieres22_B","Pigot2023","Mezieres22_B",48.71371,1.461021,"2022",1,"",0
"Pigot2023@Mezieres22_C","Pigot2023","Mezieres22_C",48.713714,1.460403,"2022",1,"",0
"Pigot2023@Mezieres26_A","Pigot2023","Mezieres26_A",48.708215,1.466745,"2021; 2022",2,"",0
"Pigot2023@Mezieres26_B","Pigot2023","Mezieres26_B",48.708712,1.466507,"2021; 2022",2,"",0
"Pigot2023@Mezieres26_C","Pigot2023","Mezieres26_C",48.709258,1.466544,"2021; 2022",2,"",0
"Pigot2023@Monnerville5A_A","Pigot2023","Monnerville5A_A",48.347198,2.057418,"2022",1,"",0
"Pigot2023@Monnerville5A_B","Pigot2023","Monnerville5A_B",48.346954,2.057806,"2022",1,"",0
"Pigot2023@Monnerville5A_C","Pigot2023","Monnerville5A_C",48.34668,2.058186,"2022",1,"",0
"Pigot2023@Monnerville8A_A","Pigot2023","Monnerville8A_A",48.359947,2.033512,"2021; 2022",2,"",0
"Pigot2023@Monnerville8A_B","Pigot2023","Monnerville8A_B",48.359795,2.034013,"2021; 2022",2,"",0
"Pigot2023@Monnerville8A_C","Pigot2023","Monnerville8A_C",48.359576,2.034628,"2021; 2022",2,"",0
"Pigot2023@Saclas18_A","Pigot2023","Saclas18_A",48.347839,2.094908,"2022",1,"",0
"Pigot2023@Saclas18_B","Pigot2023","Saclas18_B",48.348053,2.095354,"2022",1,"",0
"Pigot2023@Saclas18_C","Pigot2023","Saclas18_C",48.348267,2.095723,"2022",1,"",0
"Pigot2023@Saclas26_A","Pigot2023","Saclas26_A",48.350208,2.128288,"2021",1,"",0
"Pigot2023@Saclas26_B","Pigot2023","Saclas26_B",48.349943,2.127832,"2021",1,"",0
"Pigot2023@Saclas26_C","Pigot2023","Saclas26_C",48.349722,2.127337,"2021",1,"",0
"Pigot2023@Saclas4_A","Pigot2023","Saclas4_A",48.375986,2.124802,"2022",1,"",0
"Pigot2023@Saclas4_B","Pigot2023","Saclas4_B",48.37561,2.125245,"2022",1,"",0
"Pigot2023@Saclas4_C","Pigot2023","Saclas4_C",48.375123,2.125903,"2022",1,"",0
"Pigot2023@Saclas4A_A","Pigot2023","Saclas4A_A",48.376005,2.125042,"2021",1,"",0
"Pigot2023@Saclas4A_B","Pigot2023","Saclas4A_B",48.375658,2.125435,"2021",1,"",0
"Pigot2023@Saclas4A_C","Pigot2023","Saclas4A_C",48.375283,2.125902,"2021",1,"",0
"Pigot2023@Saint-Martin1_A","Pigot2023","Saint-Martin1_A",48.496529,1.944047,"2021; 2022",2,"",0
"Pigot2023@Saint-Martin1_B","Pigot2023","Saint-Martin1_B",48.496168,1.944373,"2021; 2022",2,"",0
"Pigot2023@Saint-Martin1_C","Pigot2023","Saint-Martin1_C",48.495945,1.944677,"2021; 2022",2,"",0
"Pigot2023@Saint-Nom2_A","Pigot2023","Saint-Nom2_A",48.842468,1.994767,"2022",1,"",0
"Pigot2023@Saint-Nom2_B","Pigot2023","Saint-Nom2_B",48.842316,1.994303,"2022",1,"",0
"Pigot2023@Saint-Nom2_C","Pigot2023","Saint-Nom2_C",48.842194,1.993817,"2022",1,"",0
"Pigot2023@Saint-Nom3A_A","Pigot2023","Saint-Nom3A_A",48.83749,1.989971,"2021; 2022",2,"",0
"Pigot2023@Saint-Nom3A_B","Pigot2023","Saint-Nom3A_B",48.837065,1.988941,"2021; 2022",2,"",0
"Pigot2023@Saint-Nom3A_C","Pigot2023","Saint-Nom3A_C",48.836955,1.988274,"2021; 2022",2,"",0
"Pigot2023@Saint-Nom3B_A","Pigot2023","Saint-Nom3B_A",48.83724,1.990775,"2021",1,"",0
"Pigot2023@Saint-Nom3B_B","Pigot2023","Saint-Nom3B_B",48.836934,1.99119,"2021",1,"",0
"Pigot2023@Saint-Nom3B_C","Pigot2023","Saint-Nom3B_C",48.836673,1.99154,"2021",1,"",0
"Pigot2023@Serville14_A","Pigot2023","Serville14_A",48.746033,1.663092,"2021",1,"",0
"Pigot2023@Serville14_B","Pigot2023","Serville14_B",48.745889,1.663618,"2021",1,"",0
"Pigot2023@Serville14_C","Pigot2023","Serville14_C",48.745214,1.663646,"2021",1,"",0
"Pigot2023@Vieille-Eglise_SD_A","Pigot2023","Vieille-Eglise_SD_A",48.841758,1.93033,"2022",1,"",0
"Pigot2023@Vieille-Eglise_SD_B","Pigot2023","Vieille-Eglise_SD_B",48.841243,1.93033,"2022",1,"",0
"Pigot2023@Vieille-Eglise_SD_C","Pigot2023","Vieille-Eglise_SD_C",48.84077,1.93025,"2022",1,"",0
"Pigot2023@Vieille-Eglise_TCS_A","Pigot2023","Vieille-Eglise_TCS_A",48.841558,1.93135,"2022",1,"",0
"Pigot2023@Vieille-Eglise_TCS_B","Pigot2023","Vieille-Eglise_TCS_B",48.841075,1.931353,"2022",1,"",0
"Pigot2023@Vieille-Eglise_TCS_C","Pigot2023","Vieille-Eglise_TCS_C",48.84021,1.931325,"2022",1,"",0
"Pigot2023@Villeneuve15B_A","Pigot2023","Villeneuve15B_A",48.283622,1.567751,"2022",1,"",0
"Pigot2023@Villeneuve15B_B","Pigot2023","Villeneuve15B_B",48.283204,1.56754,"2022",1,"",0
"Pigot2023@Villeneuve15B_C","Pigot2023","Villeneuve15B_C",48.282805,1.567338,"2022",1,"",0
"Pigot2023@Villeneuve2E_A","Pigot2023","Villeneuve2E_A",48.283436,1.572834,"2021",1,"",0
"Pigot2023@Villeneuve2E_B","Pigot2023","Villeneuve2E_B",48.283694,1.572857,"2021",1,"",0
"Pigot2023@Villeneuve2E_C","Pigot2023","Villeneuve2E_C",48.284127,1.572727,"2021",1,"",0
"Pigot2023@Villeneuve3_A","Pigot2023","Villeneuve3_A",48.284111,1.575771,"2021; 2022",2,"",0
"Pigot2023@Villeneuve3_B","Pigot2023","Villeneuve3_B",48.283781,1.576058,"2021; 2022",2,"",0
"Pigot2023@Villeneuve3_C","Pigot2023","Villeneuve3_C",48.283546,1.576442,"2021; 2022",2,"",0
"Pigot2023@Yermenonville10_A","Pigot2023","Yermenonville10_A",48.535661,1.629692,"2022",1,"",0
"Pigot2023@Yermenonville10_B","Pigot2023","Yermenonville10_B",48.535256,1.62961,"2022",1,"",0
"Pigot2023@Yermenonville10_C","Pigot2023","Yermenonville10_C",48.534823,1.629592,"2022",1,"",0
"Pigot2023@Yermenonville12_A","Pigot2023","Yermenonville12_A",48.533167,1.632793,"2021",1,"",0
"Pigot2023@Yermenonville12_B","Pigot2023","Yermenonville12_B",48.533143,1.632232,"2021",1,"",0
"Pigot2023@Yermenonville12_C","Pigot2023","Yermenonville12_C",48.533048,1.63172,"2021",1,"",0
"Pigot2023@Yermenonville7_A","Pigot2023","Yermenonville7_A",48.541853,1.6291,"2021",1,"",0
"Pigot2023@Yermenonville7_B","Pigot2023","Yermenonville7_B",48.541775,1.628543,"2021",1,"",0
"Pigot2023@Yermenonville7_C","Pigot2023","Yermenonville7_C",48.541628,1.628222,"2021",1,"",0
"Pigot2023@Yermenonville8A_A","Pigot2023","Yermenonville8A_A",48.540396,1.63115,"2021; 2022",2,"",0
"Pigot2023@Yermenonville8A_B","Pigot2023","Yermenonville8A_B",48.540378,1.630236,"2021; 2022",2,"",0
"Pigot2023@Yermenonville8A_C","Pigot2023","Yermenonville8A_C",48.540445,1.629626,"2021; 2022",2,"",0
"Pigot2023@Yermenonville8C_A","Pigot2023","Yermenonville8C_A",48.543914,1.635411,"2022",1,"",0
"Pigot2023@Yermenonville8C_B","Pigot2023","Yermenonville8C_B",48.543775,1.634818,"2022",1,"",0
"Pigot2023@Yermenonville8C_C","Pigot2023","Yermenonville8C_C",48.543582,1.634306,"2022",1,"",0
"SEBIOPAG_BVD@11","SEBIOPAG_BVD","11",43.83403302,4.895599142,"2020; 2021; 2022",3,"malus domestica",1
"SEBIOPAG_BVD@177","SEBIOPAG_BVD","177",43.83027285,4.968225816,"2020; 2021; 2022",3,"malus domestica",1
"SEBIOPAG_BVD@185","SEBIOPAG_BVD","185",43.83103876,4.986864733,"2020; 2021; 2022",3,"malus domestica",1
"SEBIOPAG_BVD@191","SEBIOPAG_BVD","191",43.84379505,4.938812847,"2020; 2021; 2022",3,"malus domestica",1
"SEBIOPAG_BVD@194","SEBIOPAG_BVD","194",43.8260085,4.901043311,"2020; 2021; 2022",3,"malus domestica",1
"SEBIOPAG_BVD@200","SEBIOPAG_BVD","200",43.79476617,4.932781749,"2020; 2021; 2022",3,"malus domestica",1
"SEBIOPAG_BVD@205","SEBIOPAG_BVD","205",43.79905517,4.891623624,"2020; 2021; 2022",3,"malus domestica",1
"SEBIOPAG_BVD@211","SEBIOPAG_BVD","211",43.907285,4.957142642,"2020; 2021; 2022",3,"malus domestica",1
"SEBIOPAG_BVD@212","SEBIOPAG_BVD","212",43.89654726,4.99453826,"2020; 2021; 2022",3,"malus domestica",1
"SEBIOPAG_BVD@228","SEBIOPAG_BVD","228",43.80984663,4.931525712,"2020; 2021; 2022",3,"malus domestica",1
"SEBIOPAG_BVD@230","SEBIOPAG_BVD","230",43.8082304,4.87601827,"2020; 2021",2,"malus domestica",1
"SEBIOPAG_BVD@231","SEBIOPAG_BVD","231",43.79960986,4.939014198,"2020; 2021; 2022",3,"malus domestica",1
"SEBIOPAG_BVD@232","SEBIOPAG_BVD","232",43.84031143,4.823722686,"2020; 2021; 2022",3,"malus domestica",1
"SEBIOPAG_BVD@233","SEBIOPAG_BVD","233",43.84420849,5.009920031,"2020; 2021; 2022",3,"malus domestica",1
"SEBIOPAG_BVD@234","SEBIOPAG_BVD","234",43.8414726,4.909905636,"2020; 2021",2,"malus domestica",1
"SEBIOPAG_BVD@249","SEBIOPAG_BVD","249",43.8088307,4.873975172,"2021; 2022",2,"malus domestica",1
"SEBIOPAG_BVD@26","SEBIOPAG_BVD","26",43.83569751,4.935490311,"2020; 2021; 2022",3,"malus domestica",1
"SEBIOPAG_BVD@300","SEBIOPAG_BVD","300",43.84038238,4.9106608,"2022",1,"malus domestica",1
"SEBIOPAG_BVD@54","SEBIOPAG_BVD","54",43.79240743,4.906890063,"2020; 2021; 2022",3,"malus domestica",1
"SEBIOPAG_BVD@75","SEBIOPAG_BVD","75",43.7887842,4.920020774,"2020; 2021; 2022",3,"malus domestica",1
"SEBIOPAG_BVD@84","SEBIOPAG_BVD","84",43.83067947,4.914599063,"2020; 2021; 2022",3,"malus domestica",1
"SEBIOPAG_BVD@88","SEBIOPAG_BVD","88",43.81309066,4.906350634,"2020; 2021; 2022",3,"malus domestica",1
"SEBIOPAG_Plaine de Dijon@D01","SEBIOPAG_Plaine de Dijon","D01",47.4578056,5.08669444444444,"2014; 2015; 2016; 2017; 2018; 2019; 2020; 2021; 2022; 2023; 2024",11,"Alfalfa; Alfalfa / Trifolium; Alfalfa /Trifolium; Spelt; Spring Barley; Triticale/pea; Winter Barley; Winter wheat",8
"SEBIOPAG_Plaine de Dijon@D02","SEBIOPAG_Plaine de Dijon","D02",47.3618611,5.12683333333333,"2014; 2015; 2016; 2017; 2018; 2019; 2020; 2021; 2022; 2023; 2024",11,"Alfalfa; Faba bean; Spring oat; Spring pea; Sunflower; Winter wheat",6
"SEBIOPAG_Plaine de Dijon@D03","SEBIOPAG_Plaine de Dijon","D03",47.14875,5.03094444444444,"2014; 2015; 2016; 2017; 2018; 2019; 2020; 2021; 2022; 2023; 2024",11,"Alfalfa; Maize; Rye; Soja bean; Spelt; Spring Oat; Winter wheat",7
"SEBIOPAG_Plaine de Dijon@D04","SEBIOPAG_Plaine de Dijon","D04",47.2003611,5.35486111111111,"2014; 2015; 2016; 2017; 2018; 2019; 2020; 2021; 2022; 2023; 2024",11,"Soja bean; Winter wheat",2
"SEBIOPAG_Plaine de Dijon@D05","SEBIOPAG_Plaine de Dijon","D05",47.1376944,5.19633333333333,"2014; 2015; 2016; 2017; 2018; 2019; 2020; 2021; 2022; 2023; 2024",11,"; N/A; Oilseed rape; Soja bean; Spring Barley; Winter wheat",6
"SEBIOPAG_Plaine de Dijon@D06","SEBIOPAG_Plaine de Dijon","D06",47.1429722,5.11680555555555,"2014; 2015; 2016; 2017; 2018; 2019; 2020; 2021; 2022; 2023; 2024",11,"Mixture Poaceae; Oilseed rape; Spring Barley; Sunflower; Winter Barley; Winter wheat",6
"SEBIOPAG_Plaine de Dijon@D07","SEBIOPAG_Plaine de Dijon","D07",47.2011111,5.03152777777778,"2014; 2015; 2016; 2017; 2018; 2019; 2020; 2021; 2022; 2023; 2024",11,"Flax; Oilseed rape; Soja bean; Winter Barley; Winter wheat",5
"SEBIOPAG_Plaine de Dijon@D08","SEBIOPAG_Plaine de Dijon","D08",47.3796667,5.16116666666667,"2014; 2015; 2016; 2017; 2018; 2019; 2020; 2021; 2022; 2023; 2024",11,"Maize; Oilseed rape; Spring triticale; Trifolium; Winter Barley; Winter wheat",6
"SEBIOPAG_Plaine de Dijon@D09","SEBIOPAG_Plaine de Dijon","D09",47.1868333,5.31702777777778,"2014; 2015; 2016; 2017; 2018; 2019; 2020; 2021; 2022; 2023; 2024",11,"Mustard; Soja bean; Winter Barley; Winter wheat",4
"SEBIOPAG_Plaine de Dijon@D10","SEBIOPAG_Plaine de Dijon","D10",47.2189444,5.07069444444444,"2014; 2015; 2016; 2017; 2018; 2019; 2020; 2021; 2022; 2023; 2024",11,"Maize; Mustard; Winter Barley; Winter wheat",4
"SEBIOPAG_Plaine de Dijon@D11","SEBIOPAG_Plaine de Dijon","D11",47.1585,5.29391666666667,"2014; 2015; 2016; 2017; 2018; 2019; 2020; 2021; 2022; 2023; 2024",11,"Mustard; Oilseed rape; Soja bean; Winter Barley; Winter wheat",5
"SEBIOPAG_Plaine de Dijon@D12","SEBIOPAG_Plaine de Dijon","D12",47.1723333,5.32338888888889,"2014; 2015; 2016; 2017; 2018; 2019; 2020; 2021; 2022; 2023; 2024",11,"Faba bean; Maize; Mustard; Oilseed rape; Winter Barley; Winter wheat",6
"SEBIOPAG_Plaine de Dijon@D13","SEBIOPAG_Plaine de Dijon","D13",47.1536111,5.25213888888889,"2014; 2015; 2016; 2017; 2018; 2019; 2020; 2021; 2022; 2023; 2024",11,"Oilseed rape; Soja bean; Sunflower; Winter Barley; Winter wheat",5
"SEBIOPAG_Plaine de Dijon@D14","SEBIOPAG_Plaine de Dijon","D14",47.1467222,5.22577777777778,"2014; 2015; 2016; 2017; 2018; 2019; 2020; 2021; 2022; 2023; 2024",11,"Flax; Oilseed rape; Winter Barley; Winter wheat",4
"SEBIOPAG_Plaine de Dijon@D15","SEBIOPAG_Plaine de Dijon","D15",47.2325833,5.03833333333333,"2014; 2015; 2016; 2017; 2018; 2019; 2020; 2021; 2022; 2023; 2024",11,"Maize; Mustard; Oilseed rape; Soja bean; Winter Barley; Winter wheat",6
"SEBIOPAG_Plaine de Dijon@D16","SEBIOPAG_Plaine de Dijon","D16",47.1987778,5.05136111111111,"2014; 2015; 2016; 2017; 2018; 2019; 2020; 2021; 2022; 2023; 2024",11,"Mustard; Soja bean; Sunflower; Winter Barley; Winter wheat",5
"SEBIOPAG_Plaine de Dijon@D17","SEBIOPAG_Plaine de Dijon","D17",47.0846111,5.13677777777778,"2014; 2015; 2016; 2017; 2018; 2019; 2020; 2021; 2022; 2023; 2024",11,"Oilseed rape; Ray grass; Soja bean; Winter Barley; Winter wheat",5
"SEBIOPAG_Plaine de Dijon@D18","SEBIOPAG_Plaine de Dijon","D18",47.1165278,5.21641666666667,"2014; 2015; 2016; 2017; 2018; 2019; 2020; 2021; 2022; 2023; 2024",11,"Oilseed rape; Sorgho; Spring Barley; Spring pea; Winter wheat",5
"SEBIOPAG_Plaine de Dijon@D19","SEBIOPAG_Plaine de Dijon","D19",47.1433333,5.06347222222222,"2014; 2015; 2016; 2017; 2018; 2019; 2020; 2021; 2022; 2023; 2024",11,"Alfalfa; Flax; Oilseed rape; Rye; Soja bean; Spelt; Sunflower; Triticale; Winter wheat",9
"SEBIOPAG_Plaine de Dijon@D20","SEBIOPAG_Plaine de Dijon","D20",47.2286111,5.07747222222222,"2014; 2015; 2016; 2017; 2018; 2019; 2020; 2021; 2022; 2023; 2024",11,"Oilseed rape; Soja bean; Spring Barley; Sunflower; Winter wheat",5
"SEBIOPAG_VcG@T01","SEBIOPAG_VcG","T01",43.2892089717185,0.960448002416495,"2014; 2015; 2016; 2017; 2018; 2019; 2020; 2021; 2022; 2023",10,"barley; oat; ray grass; ray grass AND clover; wheat; Winter wheat",6
"SEBIOPAG_VcG@T02","SEBIOPAG_VcG","T02",43.3119179781702,1.05603497473498,"2014; 2015; 2016; 2017; 2018; 2019; 2020; 2021; 2022; 2023",10,"ray grass; sunflower; triticale; wheat; Winter wheat",5
"SEBIOPAG_VcG@T03","SEBIOPAG_VcG","T03",43.3055250168044,1.08063301069993,"2014; 2015; 2016; 2017; 2018; 2019; 2020; 2021; 2022; 2023",10,"dactyl; dactyl AND ray grass; dactyl AND Ray grass; dactyle, ray grass AND clover; oilseed rape; ray grass + dactyl; ray grass and clover; Winter wheat",8
"SEBIOPAG_VcG@T04","SEBIOPAG_VcG","T04",43.3206830181322,1.01826201190911,"2014; 2015; 2016; 2017; 2018; 2019; 2020; 2021; 2022; 2023",10,"alfalfa; barley; sunflower; wheat",4
"SEBIOPAG_VcG@T05","SEBIOPAG_VcG","T05",43.3257969848869,0.931428009615627,"2014; 2015; 2016; 2017; 2018; 2019; 2020; 2021; 2022; 2023",10,"faba beans; seed carrot; soy beans; soybean; wheat; Winter wheat",6
"SEBIOPAG_VcG@T06","SEBIOPAG_VcG","T06",43.3315830126535,1.00926102136785,"2014; 2015; 2016; 2017; 2018; 2019; 2020; 2021; 2022; 2023",10,"; sunflower; wheat; Winter wheat",4
"SEBIOPAG_VcG@T07","SEBIOPAG_VcG","T07",43.3415960341744,0.928729958803604,"2014; 2015; 2016; 2017; 2018; 2019; 2020; 2021; 2022; 2023",10,"alfafa; alfafa AND ray grass; alfalfa; barley; corn; ray grass; wheat",7
"SEBIOPAG_VcG@T08","SEBIOPAG_VcG","T08",NA,NA,"2014",1,"barley",1
"SEBIOPAG_VcG@T09","SEBIOPAG_VcG","T09",43.3612739768008,1.0153580177373,"2014; 2015; 2016; 2017; 2018; 2019; 2020; 2021; 2022; 2023",10,"; oilseed rape; sunflower; wheat; Winter wheat",5
"SEBIOPAG_VcG@T10","SEBIOPAG_VcG","T10",43.3494679823629,0.992643982150146,"2014; 2015; 2016; 2017; 2018; 2019; 2020; 2021; 2022; 2023",10,"sorghum ; sunflower; wheat; Winter wheat",4
"SEBIOPAG_VcG@T11","SEBIOPAG_VcG","T11",43.3434210259495,0.905990023133205,"2014; 2015; 2016; 2017; 2018; 2019; 2020; 2021; 2022; 2023",10,"barley; fallow; sunflower; wheat; Winter wheat",5
"SEBIOPAG_VcG@T12","SEBIOPAG_VcG","T12",43.3713170055433,1.02269997818313,"2014; 2015; 2016; 2017; 2018; 2019; 2020; 2021; 2022; 2023",10,"barley; clover; faba beans; oilseed rape; wheat; Winter wheat",6
"SEBIOPAG_VcG@T13","SEBIOPAG_VcG","T13",43.4201939784123,1.03466598315156,"2014; 2015; 2016; 2017; 2018; 2019; 2020; 2021; 2022; 2023",10,"alfalfa; barley; clover; clover AND alfalfa; faba beans; wheat; Winter wheat",7
"SEBIOPAG_VcG@T14","SEBIOPAG_VcG","T14",43.4082200106346,1.00876498033873,"2014; 2015; 2016; 2017; 2018; 2019; 2020; 2021; 2022; 2023",10,"buckwheat; clover; lens; spelt; sunflower; triticale; wheat; Winter wheat",8
"SEBIOPAG_VcG@T15","SEBIOPAG_VcG","T15",43.4170729767653,1.02217501958663,"2014; 2015; 2016; 2017; 2018; 2019; 2020; 2021; 2022; 2023",10,"buckwheat; faba beans AND oat THEN buckwheat in summer; lens; spelt; sunflower; wheat; Winter wheat",7
"SEBIOPAG_VcG@T16","SEBIOPAG_VcG","T16",43.4193650081844,0.987092982954207,"2014; 2015; 2016; 2017; 2018; 2019; 2020; 2021; 2022; 2023",10,"alfalfa; chickpea; faba beans; rye; soy beans; Tritical; Triticale; Winter wheat",8
"SEBIOPAG_VcG@T17","SEBIOPAG_VcG","T17",43.4270760238253,0.980080012209168,"2014; 2015; 2016; 2017; 2018; 2019; 2020; 2021; 2022; 2023",10,"barley; barley AND clover; buckwheat; clover; ray grass; wheat; Winter wheat",7
"SEBIOPAG_VcG@T18","SEBIOPAG_VcG","T18",43.293047,0.863853,"2014; 2015",2,"sorghum AND alfalfa; Winter wheat",2
"SEBIOPAG_VcG@T19","SEBIOPAG_VcG","T19",43.289768,0.877545,"2014; 2015",2,"fallow; Winter wheat",2
"SEBIOPAG_VcG@T20","SEBIOPAG_VcG","T20",43.290145984668,0.901684993845095,"2014; 2015; 2016; 2017; 2018; 2019; 2020; 2021; 2022; 2023",10,"barley; clover; corn; wheat; Winter wheat",5
"SEBIOPAG_ZAAr@R01","SEBIOPAG_ZAAr","R01",48.1144838453246,-1.37842417415488,"2018; 2021; 2023",3,"Maize ; Winter wheat",2
"SEBIOPAG_ZAAr@R02","SEBIOPAG_ZAAr","R02",48.067496454028,-1.36565551834091,"2018; 2021; 2023",3,"Maize ; Winter wheat",2
"SEBIOPAG_ZAAr@R03","SEBIOPAG_ZAAr","R03",48.0735701442359,-1.41401908569159,"2018; 2021; 2023",3,"Winter barley",1
"SEBIOPAG_ZAAr@R04","SEBIOPAG_ZAAr","R04",48.0516691121225,-1.45995627377799,"2018; 2021; 2023",3,"Oilseed rape; Quinoa; Temporary grassland",3
"SEBIOPAG_ZAAr@R05","SEBIOPAG_ZAAr","R05",48.0495223971681,-1.4522579104815,"2018; 2021; 2023",3,"Maize ; Winter wheat",2
"SEBIOPAG_ZAAr@R06","SEBIOPAG_ZAAr","R06",48.0359450553853,-1.44915939075437,"2018; 2021; 2023",3,"Lucerne; Winter wheat",2
"SEBIOPAG_ZAAr@R07","SEBIOPAG_ZAAr","R07",48.0234793895106,-1.40152013201035,"2018",1,"Oilseed rape",1
"SEBIOPAG_ZAAr@R08","SEBIOPAG_ZAAr","R08",47.9836531682743,-1.31182616501006,"2018",1,"Maize ",1
"SEBIOPAG_ZAAr@R09","SEBIOPAG_ZAAr","R09",48.0162823172314,-1.25647241209005,"2018; 2021; 2023",3,"Oilseed rape; Winter barley; Winter wheat",3
"SEBIOPAG_ZAAr@R10","SEBIOPAG_ZAAr","R10",47.9056641099025,-1.24774992584384,"2018",1,"Maize ",1
"SEBIOPAG_ZAAr@R11","SEBIOPAG_ZAAr","R11",47.9390032753288,-1.43070861531386,"2018; 2021; 2023",3,"Temporary grassland; Winter wheat",2
"SEBIOPAG_ZAAr@R12","SEBIOPAG_ZAAr","R12",47.9441402747755,-1.60983455493289,"2018; 2021; 2023",3,"Temporary grassland; Winter wheat",2
"SEBIOPAG_ZAAr@R13","SEBIOPAG_ZAAr","R13",47.8135960142676,-1.64643442028346,"2018; 2021; 2023",3,"Maize ; Winter wheat",2
"SEBIOPAG_ZAAr@R14","SEBIOPAG_ZAAr","R14",47.8218360640055,-1.70005251794002,"2018; 2021; 2023",3,"Millet; Winter wheat, faba bean",2
"SEBIOPAG_ZAAr@R15","SEBIOPAG_ZAAr","R15",47.8807526080506,-1.89518697037299,"2018; 2021; 2023",3,"Temporary grassland; Winter wheat",2
"SEBIOPAG_ZAAr@R16","SEBIOPAG_ZAAr","R16",47.8726541365798,-1.96885474350269,"2018; 2021; 2023",3,"Temporary grassland; Winter barley, pea",2
"SEBIOPAG_ZAAr@R17","SEBIOPAG_ZAAr","R17",47.9111750743263,-1.99102351243455,"2018; 2021; 2023",3,"Oilseed rape; Pea; Winter barley",3
"SEBIOPAG_ZAAr@R18","SEBIOPAG_ZAAr","R18",47.9255107339208,-1.89326005360879,"2018; 2021; 2023",3,"Maize ; Winter wheat",2
"SEBIOPAG_ZAAr@R19","SEBIOPAG_ZAAr","R19",47.9516944168022,-1.93473598671475,"2018; 2021",2,"Spring barley; Winter wheat, oat, rye",2
"SEBIOPAG_ZAAr@R20","SEBIOPAG_ZAAr","R20",47.9895181512603,-1.99495102271707,"2018; 2021; 2023",3,"Maize ; Winter wheat",2
"Seree2022@Bailly_Bande","Seree2022","Bailly_Bande",48.841449,2.047295,"2019",1,"fev_p",1
"Seree2022@Buchelay1","Seree2022","Buchelay1",48.97475,1.66331,"2020",1,"fev_h",1
"Seree2022@Chatelliers5","Seree2022","Chatelliers5",48.3313,1.21225,"2020",1,"fev_p",1
"Seree2022@Chatelliers7","Seree2022","Chatelliers7",48.331585,1.2202716,"2019",1,"fev_p",1
"Seree2022@Corbreuse1","Seree2022","Corbreuse1",48.510716,1.960592,"2020",1,"fev_h",1
"Seree2022@Dourdan7","Seree2022","Dourdan7",48.550302,1.999123,"2019",1,"fev_h",1
"Seree2022@Dourdan9","Seree2022","Dourdan9",48.54544,2.00647,"2020",1,"fev_h",1
"Seree2022@Favrieux30","Seree2022","Favrieux30",48.9426,1.67163,"2019",1,"fev_p",1
"Seree2022@Germainville12","Seree2022","Germainville12",48.739295,1.5119,"2019",1,"fev_h",1
"Seree2022@Germainville9","Seree2022","Germainville9",48.74622,1.49917,"2020",1,"fev_h",1
"Seree2022@Guillerval10","Seree2022","Guillerval10",48.373377,2.102222,"2019",1,"fev_h",1
"Seree2022@Guillerval12","Seree2022","Guillerval12",48.35497,2.1029,"2020",1,"fev_p",1
"Seree2022@Guillerval18","Seree2022","Guillerval18",48.35336,2.08922,"2020",1,"fev_p",1
"Seree2022@Guillerval4","Seree2022","Guillerval4",48.37737,2.1016,"2019",1,"fev_h",1
"Seree2022@Maisse3","Seree2022","Maisse3",48.40013,2.33826,"2020",1,"fev_h",1
"Seree2022@Mespuits30","Seree2022","Mespuits30",48.35363,2.29775,"2020",1,"fev_p",1
"Seree2022@Mezieres219","Seree2022","Mezieres219",48.726271,1.446482,"2020",1,"fev_p",1
"Seree2022@Mezieres41","Seree2022","Mezieres41",48.74445,1.44703,"2020",1,"fev_h",1
"Seree2022@Mondreville17","Seree2022","Mondreville17",48.91492,1.52705,"2019",1,"fev_p",1
"Seree2022@Mondreville24","Seree2022","Mondreville24",48.91717,1.53198,"2019",1,"fev_h",1
"Seree2022@Mondreville3","Seree2022","Mondreville3",48.908078,1.5521083,"2020",1,"fev_p",1
"Seree2022@Mondreville4","Seree2022","Mondreville4",48.89537,1.55103,"2020",1,"fev_p",1
"Seree2022@Monnerville9","Seree2022","Monnerville9",48.3622383,2.03314,"2020",1,"fev_p",1
"Seree2022@Saclas7","Seree2022","Saclas7",48.374379,2.118985,"2020",1,"fev_p",1
"Seree2022@Saint_nom3","Seree2022","Saint_nom3",48.835905,1.990703,"2020",1,"fev_p",1
"Seree2022@Sermaise1","Seree2022","Sermaise1",48.5215,2.08147,"2020",1,"fev_h",1
"Seree2022@Serville3","Seree2022","Serville3",48.77284,1.46609,"2020",1,"fev_h",1
"Seree2022@Serville7","Seree2022","Serville7",48.770459,1.477448,"2019",1,"fev_h",1
"Seree2022@Sonchamp4","Seree2022","Sonchamp4",48.55963,1.8692,"2020",1,"fev_h",1
"Seree2022@Sonchamp5","Seree2022","Sonchamp5",48.559799,1.870121,"2019",1,"fev_h",1
"Seree2022@St_Illiers5","Seree2022","St_Illiers5",48.972629,1.505532,"2019",1,"fev_p",1
"Seree2022@Villeneuve2","Seree2022","Villeneuve2",48.28179,1.57272,"2019",1,"fev_h",1
"Seree2022@Yermenonville5","Seree2022","Yermenonville5",48.544491,1.629455,"2019",1,"fev_p",1
"SERIPAGE@TF_01_066c","SERIPAGE","TF_01_066c",48.6405813821694,-1.32993889828862,"2016",1,"Winter wheat",1
"SERIPAGE@TF_03_051c","SERIPAGE","TF_03_051c",48.5688277158595,-1.13693444996317,"2016",1,"Winter wheat",1
"SERIPAGE@TF_06_042c","SERIPAGE","TF_06_042c",48.6025657355125,-1.31281561084475,"2016",1,"Winter wheat",1
"SERIPAGE@TF_07_025c","SERIPAGE","TF_07_025c",48.5920986819759,-1.27937423938513,"2016",1,"Winter wheat",1
"SERIPAGE@TF_08_021c","SERIPAGE","TF_08_021c",48.5926332938486,-1.25720107944969,"2016",1,"Winter wheat",1
"SERIPAGE@TF_08_029c","SERIPAGE","TF_08_029c",48.5884080120097,-1.25670799948231,"2016",1,"Winter wheat",1
"SERIPAGE@TF_10_060c","SERIPAGE","TF_10_060c",48.5791858820955,-1.04745272222383,"2016",1,"Winter wheat",1
"SERIPAGE@TF_12_033c","SERIPAGE","TF_12_033c",48.5863949943921,-0.91580896123134,"2016",1,"Winter wheat",1
"SERIPAGE@TF_13_012c","SERIPAGE","TF_13_012c",48.5850557362605,-0.862577535388314,"2016",1,"Winter wheat",1
